{
"type": "FeatureCollection",
"name": "Layer_HIDRANTES",
"crs": { "type": "name", "properties": { "name": "urn:ogc:def:crs:EPSG::32617" } },
"xy_coordinate_resolution": 1e-15,
"features": [
{"type":"Feature","properties":{"fid":3374,"Layer":"HIDRANTES","PaperSpace":null,"SubClasses":"AcDbEntity:AcDbBlockReference","Linetype":null,"EntityHandle":"4449","Text":null},"geometry":{"type":"MultiLineString","coordinates":[[[1062430.521364794345573,473194.009040905395523,0.0],[1062427.352816476020962,473193.506984001491219,0.0]],[[1062429.521876593120396,473200.391447573318146,0.0],[1062426.353328275261447,473199.889390669413842,0.0]],[[1062424.622103692498058,473198.094793295837007,0.0],[1062425.181665281997994,473194.521614924829919,0.0]],[[1062415.743422084487975,473193.975103371310979,0.0],[1062415.805598872248083,473193.987208750273567,0.0],[1062415.866784044541419,473194.003652946325019,0.0],[1062415.926679512951523,473194.024355845001992,0.0],[1062415.984993473161012,473194.049216583720408,0.0],[1062416.041441824752837,473194.078114043455571,0.0],[1062416.095749557251111,473194.110907438909635,0.0],[1062416.147652089362964,473194.147437003790401,0.0],[1062416.196896556764841,473194.187524769746233,0.0],[1062416.243243045406416,473194.230975433310959,0.0],[1062416.286465759854764,473194.277577307017054,0.0],[1062416.326354123419151,473194.327103351417463,0.0],[1062416.362713804002851,473194.379312280507293,0.0],[1062416.395367660792544,473194.433949737634975,0.0],[1062416.424156607827172,473194.490749534568749,0.0],[1062416.448940387461334,473194.549434948537964,0.0],[1062416.469598256517202,473194.609720069915056,0.0],[1062416.486029571387917,473194.671311195765156,0.0],[1062416.49815428070724,473194.733908260473981,0.0],[1062416.505913313711062,473194.797206297109369,0.0],[1062416.509268869645894,473194.86089692421956,0.0],[1062416.50820460030809,473194.924669847358018,0.0],[1062416.502725690603256,473194.988214371318463,0.0],[1062416.492858832934871,473195.051220913475845,0.0],[1062416.478652098681778,473195.113382512528915,0.0],[1062416.460174700943753,473195.174396323214751,0.0],[1062416.437516659498215,473195.233965092338622,0.0],[1062416.410788362612948,473195.291798606980592,0.0],[1062416.380120027344674,473195.347615107893944,0.0],[1062416.345661067171022,473195.401142662914935,0.0],[1062416.307579362532124,473195.452120491070673,0.0],[1062416.266060443362221,473195.500300233543385,0.0],[1062416.221306586405262,473195.545447163458448,0.0],[1062416.173535827314481,473195.587341329373885,0.0],[1062416.122980900341645,473195.625778627407271,0.0],[1062416.06988810445182,473195.660571794607677,0.0],[1062416.014516102150083,473195.691551322350278,0.0],[1062415.957134660566226,473195.718566281429958,0.0],[1062415.898023335728794,473195.741485057631508,0.0],[1062415.837470112834126,473195.760195993178058,0.0],[1062415.775770000414923,473195.774607929983176,0.0],[1062415.713223595637828,473195.784650654881261,0.0],[1062415.65013561793603,473195.790275240433402,0.0],[1062415.586813425878063,473195.791454284160864,0.0],[1062415.523565519135445,473195.788182042364497,0.0],[1062415.460700034163892,473195.780474456551019,0.0],[1062415.460700034163892,473195.780474456551019,0.0],[1062415.398523246403784,473195.768369077530224,0.0],[1062415.337338074343279,473195.751924881478772,0.0],[1062415.277442605700344,473195.731221982801799,0.0],[1062415.219128645956516,473195.706361244199798,0.0],[1062415.16268029413186,473195.677463784290012,0.0],[1062415.108372561633587,473195.644670388835948,0.0],[1062415.056470029288903,473195.60814082401339,0.0],[1062415.007225561887026,473195.568053058115765,0.0],[1062414.960879073245451,473195.524602394492831,0.0],[1062414.917656358797103,473195.478000520728528,0.0],[1062414.877767995465547,473195.428474476386327,0.0],[1062414.841408314881846,473195.376265547354706,0.0],[1062414.808754457859322,473195.321628090227023,0.0],[1062414.779965511290357,473195.264828293235041,0.0],[1062414.755181731190532,473195.206142879265826,0.0],[1062414.734523862367496,473195.145857757830527,0.0],[1062414.718092547496781,473195.084266631980427,0.0],[1062414.705967837944627,473195.021669567329809,0.0],[1062414.698208804940805,473194.958371530636214,0.0],[1062414.694853249238804,473194.894680903526023,0.0],[1062414.695917518576607,473194.830907980445772,0.0],[1062414.701396428514272,473194.76736345642712,0.0],[1062414.711263285716996,473194.704356914269738,0.0],[1062414.72547002020292,473194.642195315274876,0.0],[1062414.743947418173775,473194.581181504530832,0.0],[1062414.766605459153652,473194.521612735465169,0.0],[1062414.79333375650458,473194.463779220764991,0.0],[1062414.824002091540024,473194.407962719909847,0.0],[1062414.858461051480845,473194.354435164888855,0.0],[1062414.896542756119743,473194.30345733667491,0.0],[1062414.938061675289646,473194.255277594202198,0.0],[1062414.982815532479435,473194.210130664287135,0.0],[1062415.030586291803047,473194.168236498371698,0.0],[1062415.081141218543053,473194.129799200396519,0.0],[1062415.134234014200047,473194.095006033137906,0.0],[1062415.189606016734615,473194.064026505453512,0.0],[1062415.246987458551303,473194.037011546373833,0.0],[1062415.306098782923073,473194.014092770114075,0.0],[1062415.366652006283402,473193.995381834625732,0.0],[1062415.428352118469775,473193.980969897762407,0.0],[1062415.490898523246869,473193.970927172922529,0.0],[1062415.553986500948668,473193.965302587312181,0.0],[1062415.617308692773804,473193.964123543584719,0.0],[1062415.680556599749252,473193.967395785497501,0.0],[1062415.743422084487975,473193.975103371310979,0.0]],[[1062415.624960283050314,473194.838274232111871,0.0],[1062415.126933256397024,473198.018512890674174,0.0]],[[1062415.624960283050314,473194.838274232111871,0.0],[1062416.122987309703603,473191.658035573491361,0.0]],[[1062428.449696122435853,473196.870355337276123,0.0],[1062412.503339668735862,473194.343653029063717,0.0]]]}},
{"type":"Feature","properties":{"fid":2174,"Layer":"HIDRANTES","PaperSpace":null,"SubClasses":"AcDbEntity:AcDbBlockReference","Linetype":null,"EntityHandle":"34A0","Text":null},"geometry":{"type":"MultiLineString","coordinates":[[[1062980.271390664856881,472907.263639872136991,0.0],[1062977.066228780662641,472907.393775099131744,0.0]],[[1062980.527358685387298,472913.719305500504561,0.0],[1062977.322196801425889,472913.849440727499314,0.0]],[[1062975.276474915677682,472912.429582723823842,0.0],[1062975.13317170063965,472908.815390461590141,0.0]],[[1062965.769692274508998,472910.133703098341357,0.0],[1062965.833024049177766,472910.133359433209989,0.0],[1062965.89622365264222,472910.137465714768041,0.0],[1062965.958983182441443,472910.146001937391702,0.0],[1062966.020996880950406,472910.158926513569895,0.0],[1062966.081962622702122,472910.176176476175897,0.0],[1062966.141583389602602,472910.197667784872465,0.0],[1062966.199568715179339,472910.223295736359432,0.0],[1062966.255636100191623,472910.252935473748948,0.0],[1062966.309512390289456,472910.286442595359404,0.0],[1062966.36093510594219,472910.323653857689351,0.0],[1062966.409653720445931,472910.364387971290853,0.0],[1062966.455430881585926,472910.408446483721491,0.0],[1062966.498043567873538,472910.455614746257197,0.0],[1062966.537284174468368,472910.505662959709298,0.0],[1062966.572961525060236,472910.558347294572741,0.0],[1062966.604901803424582,472910.613411077822093,0.0],[1062966.632949399296194,472910.67058604414342,0.0],[1062966.656967667629942,472910.729593643045519,0.0],[1062966.676839594263583,472910.790146395331249,0.0],[1062966.692468364955857,472910.851949294214137,0.0],[1062966.703777838032693,472910.91470124211628,0.0],[1062966.710712914355099,472910.97809651773423,0.0],[1062966.713239807635546,472911.041826265864074,0.0],[1062966.711346206720918,472911.105580001429189,0.0],[1062966.705041337059811,472911.169047122646589,0.0],[1062966.694355915300548,472911.231918424076866,0.0],[1062966.679342,472911.293887603213079,0.0],[1062966.660072737373412,472911.354652752284892,0.0],[1062966.6366420048289,472911.41391782957362,0.0],[1062966.609163955086842,472911.471394101739861,0.0],[1062966.577772458549589,472911.526801550062373,0.0],[1062966.542620450956747,472911.579870234942064,0.0],[1062966.503879189724103,472911.630341611336917,0.0],[1062966.461737418081611,472911.677969787386246,0.0],[1062966.416400446789339,472911.72252272372134,0.0],[1062966.368089152732864,472911.7637833628105,0.0],[1062966.317038904177025,472911.801550687057897,0.0],[1062966.263498412212357,472911.835640697565395,0.0],[1062966.207728521199897,472911.865887311578263,0.0],[1062966.150000935886055,472911.892143170407508,0.0],[1062966.090596899623051,472911.914280358294491,0.0],[1062966.029805823229253,472911.932191025116481,0.0],[1062965.967923873802647,472911.945787911652587,0.0],[1062965.905252535128966,472911.955004775372799,0.0],[1062965.84209713479504,472911.959796712792013,0.0],[1062965.84209713479504,472911.959796712792013,0.0],[1062965.778765359893441,472911.960140377923381,0.0],[1062965.715565756428987,472911.956034096423537,0.0],[1062965.652806226629764,472911.947497873799875,0.0],[1062965.590792528586462,472911.934573297563475,0.0],[1062965.529826786601916,472911.917323335015681,0.0],[1062965.470206019468606,472911.895832026319113,0.0],[1062965.412220694357529,472911.87020407471573,0.0],[1062965.356153309345245,472911.840564337384421,0.0],[1062965.302277018781751,472911.807057215773966,0.0],[1062965.250854303361848,472911.769845953327604,0.0],[1062965.202135689090937,472911.729111839726102,0.0],[1062965.156358527718112,472911.685053327411879,0.0],[1062965.1137458414305,472911.637885064876173,0.0],[1062965.0745052350685,472911.587836851365864,0.0],[1062965.038827884243801,472911.535152516618837,0.0],[1062965.006887606112286,472911.480088733369485,0.0],[1062964.978840010240674,472911.42291376698995,0.0],[1062964.954821741441265,472911.363906168087851,0.0],[1062964.934949815040454,472911.303353415685706,0.0],[1062964.91932104434818,472911.241550516861025,0.0],[1062964.908011571504176,472911.17879856901709,0.0],[1062964.901076494716108,472911.115403293282725,0.0],[1062964.898549601901323,472911.051673545327503,0.0],[1062964.900443202583119,472910.987919809704181,0.0],[1062964.906748072244227,472910.924452688544989,0.0],[1062964.91743349400349,472910.861581386940088,0.0],[1062964.932447409490123,472910.799612207862083,0.0],[1062964.951716672163457,472910.738847058848478,0.0],[1062964.975147404242307,472910.679581981443334,0.0],[1062965.002625454217196,472910.622105709335301,0.0],[1062965.034016950987279,472910.566698261070997,0.0],[1062965.06916895811446,472910.513629576191306,0.0],[1062965.107910219812766,472910.463158199854661,0.0],[1062965.150051991222426,472910.415530023747124,0.0],[1062965.195388962514699,472910.37097708741203,0.0],[1062965.243700256338343,472910.329716448381077,0.0],[1062965.294750505127013,472910.291949124075472,0.0],[1062965.348290997324511,472910.257859113567974,0.0],[1062965.404060888569802,472910.227612499555107,0.0],[1062965.461788473650813,472910.201356640725862,0.0],[1062965.521192509680986,472910.179219452722464,0.0],[1062965.581983586540446,472910.161308786075097,0.0],[1062965.64386553526856,472910.14771189953899,0.0],[1062965.706536874407902,472910.138495035644155,0.0],[1062965.769692274508998,472910.133703098341357,0.0]],[[1062965.820701345568523,472911.003498499689158,0.0],[1062965.948245614767075,472914.220240783120971,0.0]],[[1062965.820701345568523,472911.003498499689158,0.0],[1062965.693157076369971,472907.786756216315553,0.0]],[[1062978.793631015112624,472910.476774668553844,0.0],[1062962.663009429350495,472911.131706362240948,0.0]]]}},
{"type":"Feature","properties":{"fid":2136,"Layer":"HIDRANTES","PaperSpace":null,"SubClasses":"AcDbEntity:AcDbBlockReference","Linetype":null,"EntityHandle":"3422","Text":null},"geometry":{"type":"MultiLineString","coordinates":[[[1062985.894059213111177,473083.134595765906852,0.0],[1062989.098016231087968,473082.977003445790615,0.0]],[[1062985.583562610670924,473076.681378114444669,0.0],[1062988.787519628880545,473076.523785794444848,0.0]],[[1062990.845169043168426,473077.926059752877336,0.0],[1062991.018999981926754,473081.538881519867573,0.0]],[[1063000.371034212876111,473080.14039345033234,0.0],[1063000.30770742543973,473080.141279736359138,0.0],[1063000.244475212646648,473080.137715119170025,0.0],[1063000.18164563504979,473080.129716965020634,0.0],[1063000.119524792069569,473080.117324240040034,0.0],[1063000.058415330247954,473080.100597320590168,0.0],[1062999.998614968499169,473080.079617698327638,0.0],[1062999.940415048738942,473080.054487583809532,0.0],[1062999.88409911445342,473080.025329408817925,0.0],[1062999.829941531643271,473079.992285228567198,0.0],[1062999.778206150513142,473079.955516031186562,0.0],[1062999.729145020712167,473079.915200952615123,0.0],[1062999.682997162919492,473079.871536403778009,0.0],[1062999.639987405156717,473079.824735113885254,0.0],[1062999.600325286155567,473079.77502509416081,0.0],[1062999.564204036490992,473079.72264852700755,0.0],[1062999.531799634452909,473079.667860585497692,0.0],[1062999.503269951790571,473079.610928191221319,0.0],[1062999.47875398141332,473079.552128712937701,0.0],[1062999.458371163811535,473079.491748615750112,0.0],[1062999.442220800789073,473079.430082065635361,0.0],[1062999.430381576297805,473079.367429495614488,0.0],[1062999.422911169240251,473079.304096142819617,0.0],[1062999.419845974771306,473079.240390560997184,0.0],[1062999.421200926182792,473079.176623117178679,0.0],[1062999.426969422725961,473079.113104480085894,0.0],[1062999.43712336034514,473079.050144106149673,0.0],[1062999.451613270211965,473078.988048731989693,0.0],[1062999.470368559006602,473078.927120879932772,0.0],[1062999.493297853274271,473078.867657384369522,0.0],[1062999.520289442967623,473078.809947945526801,0.0],[1062999.551211828133091,473078.754273717931937,0.0],[1062999.585914358031005,473078.70090594078647,0.0],[1062999.624227965949103,473078.650104616710451,0.0],[1062999.665965991094708,473078.602117244445253,0.0],[1062999.710925090126693,473078.557177613838576,0.0],[1062999.758886227151379,473078.515504666080233,0.0],[1062999.809615739854053,473078.477301427628845,0.0],[1062999.862866479670629,473078.442754021030851,0.0],[1062999.918379013892263,473078.412030757404864,0.0],[1062999.975882891332731,473078.385281317692716,0.0],[1063000.035097958985716,473078.362636022327933,0.0],[1063000.095735726645216,473078.344205197005067,0.0],[1063000.157500773668289,473078.330078634782694,0.0],[1063000.220092186238617,473078.32032515888568,0.0],[1063000.283205025829375,473078.314992287312634,0.0],[1063000.283205025829375,473078.314992287312634,0.0],[1063000.346531813032925,473078.314106001169421,0.0],[1063000.409764026058838,473078.317670618358534,0.0],[1063000.472593603655696,473078.32566877262434,0.0],[1063000.534714446403086,473078.338061497488525,0.0],[1063000.595823908457533,473078.354788416996598,0.0],[1063000.655624270206317,473078.375768039259128,0.0],[1063000.713824190199375,473078.400898153660819,0.0],[1063000.770140124019235,473078.43005632882705,0.0],[1063000.824297706829384,473078.463100508961361,0.0],[1063000.876033088192344,473078.499869706341997,0.0],[1063000.925094217993319,473078.540184784855228,0.0],[1063000.971242075553164,473078.583849333692342,0.0],[1063001.014251833548769,473078.630650623643305,0.0],[1063001.053913952549919,473078.680360643367749,0.0],[1063001.090035202214494,473078.732737210521009,0.0],[1063001.122439604019746,473078.787525152030867,0.0],[1063001.150969286914915,473078.844457546423655,0.0],[1063001.175485257059336,473078.903257024590857,0.0],[1063001.195868074893951,473078.96363712172024,0.0],[1063001.212018437683582,473079.025303672009613,0.0],[1063001.223857662407681,473079.087956241914071,0.0],[1063001.231328069465235,473079.151289594708942,0.0],[1063001.23439326393418,473079.21499517664779,0.0],[1063001.233038312522694,473079.278762620291673,0.0],[1063001.227269815746695,473079.342281257384457,0.0],[1063001.217115878360346,473079.405241631378885,0.0],[1063001.202625968260691,473079.467337005538866,0.0],[1063001.183870679698884,473079.528264857653994,0.0],[1063001.160941385431215,473079.587728353159036,0.0],[1063001.133949795737863,473079.645437792001758,0.0],[1063001.103027410339564,473079.701112019713037,0.0],[1063001.068324880441651,473079.754479796683881,0.0],[1063001.030011272756383,473079.805281120876316,0.0],[1063000.988273247843608,473079.853268493025098,0.0],[1063000.943314148578793,473079.898208123748191,0.0],[1063000.895353011554107,473079.939881071390118,0.0],[1063000.844623499084264,473079.978084309841506,0.0],[1063000.791372759034857,473080.012631716614123,0.0],[1063000.735860224813223,473080.043354980123695,0.0],[1063000.678356347372755,473080.070104419835843,0.0],[1063000.61914127971977,473080.092749715142418,0.0],[1063000.558503511827439,473080.111180540581699,0.0],[1063000.496738465037197,473080.125307102687657,0.0],[1063000.434147052466869,473080.135060578642879,0.0],[1063000.371034212876111,473080.14039345033234,0.0]],[[1063000.312678850488737,473079.271069432666991,0.0],[1063000.157963967882097,473076.055546932155266,0.0]],[[1063000.312678850488737,473079.271069432666991,0.0],[1063000.467393733095378,473082.4865919330623,0.0]],[[1062987.344625889323652,473079.908926164498553,0.0],[1063003.469183745561168,473079.115811129566282,0.0]]]}},
{"type":"Feature","properties":{"fid":2163,"Layer":"HIDRANTES","PaperSpace":null,"SubClasses":"AcDbEntity:AcDbBlockReference","Linetype":null,"EntityHandle":"346D","Text":null},"geometry":{"type":"MultiLineString","coordinates":[[[1063434.399715059902519,473029.591092915972695,0.0],[1063431.198754365555942,473029.801880496786907,0.0]],[[1063434.815855625085533,473036.038234437408391,0.0],[1063431.614894930738956,473036.249022018222604,0.0]],[[1063429.534547305200249,473034.881125248735771,0.0],[1063429.301571792224422,473031.271705191757064,0.0]],[[1063419.973653194960207,473032.825331356783863,0.0],[1063420.036957256263122,473032.82339333940763,0.0],[1063420.100239647785202,473032.825907162681688,0.0],[1063420.163192064268515,473032.832860579423141,0.0],[1063420.225507807685062,473032.844219713238999,0.0],[1063420.286883282475173,473032.859929223544896,0.0],[1063420.347019472857937,473032.879912575299386,0.0],[1063420.405623401980847,473032.904072411707602,0.0],[1063420.46240955661051,473032.932291028148029,0.0],[1063420.517101281555369,473032.964430946798529,0.0],[1063420.569432122865692,473033.00033558474388,0.0],[1063420.619147130288184,473033.039830018533394,0.0],[1063420.666004098020494,473033.082721835060511,0.0],[1063420.70977474283427,473033.128802069812082,0.0],[1063420.750245818868279,473033.177846224512905,0.0],[1063420.787220155354589,473033.229615361022297,0.0],[1063420.820517616346478,473033.283857265138067,0.0],[1063420.849975980818272,473033.340307675825898,0.0],[1063420.875451730098575,473033.398691572481766,0.0],[1063420.896820748690516,473033.458724514464848,0.0],[1063420.913978929398581,473033.520114027371164,0.0],[1063420.926842678803951,473033.582561027782504,0.0],[1063420.935349326347932,473033.645761279971339,0.0],[1063420.939457428408787,473033.709406878915615,0.0],[1063420.939146970631555,473033.773187749437056,0.0],[1063420.934419465949759,473033.836793157504871,0.0],[1063420.925297945737839,473033.899913224275224,0.0],[1063420.911826849449426,473033.96224043489201,0.0],[1063420.894071806687862,473034.023471137450542,0.0],[1063420.872119318461046,473034.083307022228837,0.0],[1063420.846076334826648,473034.141456574667245,0.0],[1063420.816069734748453,473034.197636496159248,0.0],[1063420.782245707465336,473034.251573083689436,0.0],[1063420.744769039796665,473034.303003563487437,0.0],[1063420.703822314972058,473034.351677371771075,0.0],[1063420.659605021355674,473034.397357374313287,0.0],[1063420.612332580145448,473034.439821022911929,0.0],[1063420.562235298799351,473034.478861438750755,0.0],[1063420.509557245997712,473034.514288421079982,0.0],[1063420.454555063741282,473034.545929373125546,0.0],[1063420.397496717516333,473034.573630143306218,0.0],[1063420.33866018964909,473034.597255776228849,0.0],[1063420.278332125861198,473034.616691170202103,0.0],[1063420.216806438053027,473034.631841638125479,0.0],[1063420.154382873792201,473034.642633368202951,0.0],[1063420.091365553671494,473034.649013784190174,0.0],[1063420.091365553671494,473034.649013784190174,0.0],[1063420.02806149260141,473034.650951801566407,0.0],[1063419.964779100846499,473034.64843797829235,0.0],[1063419.901826684363186,473034.641484561550897,0.0],[1063419.839510940713808,473034.630125427851453,0.0],[1063419.778135466156527,473034.614415917370934,0.0],[1063419.717999275540933,473034.594432565674651,0.0],[1063419.659395346650854,473034.570272729266435,0.0],[1063419.60260919178836,473034.542054112709593,0.0],[1063419.547917467309162,473034.509914194291923,0.0],[1063419.49558662599884,473034.47400955617195,0.0],[1063419.445871618110687,473034.434515122440644,0.0],[1063419.399014650844038,473034.391623305855319,0.0],[1063419.3552440055646,473034.345543071161956,0.0],[1063419.314772929530591,473034.296498916402925,0.0],[1063419.277798593509942,473034.244729780009948,0.0],[1063419.244501132285222,473034.190487875952385,0.0],[1063419.215042767813429,473034.134037465089932,0.0],[1063419.189567018765956,473034.075653568550479,0.0],[1063419.168198,473034.015620626450982,0.0],[1063419.15103981946595,473033.954231113602873,0.0],[1063419.13817606982775,473033.891784113133326,0.0],[1063419.129669422050938,473033.828583861002699,0.0],[1063419.125561319990084,473033.764938262058422,0.0],[1063419.125871777767316,473033.701157391478773,0.0],[1063419.130599282681942,473033.637551983469166,0.0],[1063419.139720802893862,473033.574431916640606,0.0],[1063419.153191899415106,473033.512104706082027,0.0],[1063419.170946941943839,473033.450874003465287,0.0],[1063419.192899430403486,473033.3910381187452,0.0],[1063419.218942413805053,473033.332888566248585,0.0],[1063419.248949013883248,473033.276708644814789,0.0],[1063419.282773041399196,473033.222772057226393,0.0],[1063419.320249708602205,473033.171341577428393,0.0],[1063419.361196433426812,473033.122667769202963,0.0],[1063419.405413727741688,473033.076987766602542,0.0],[1063419.452686168486252,473033.034524118062109,0.0],[1063419.502783450065181,473032.995483702165075,0.0],[1063419.55546150286682,473032.960056719894055,0.0],[1063419.610463684657589,473032.928415767848492,0.0],[1063419.667522031115368,473032.900714997667819,0.0],[1063419.72635855874978,473032.877089364745189,0.0],[1063419.786686623003334,473032.857653970713727,0.0],[1063419.848212310578674,473032.842503502848558,0.0],[1063419.91063587507233,473032.831711772887502,0.0],[1063419.973653194960207,473032.825331356783863,0.0]],[[1063420.046237893635407,473033.693562321423087,0.0],[1063420.253593266243115,473036.906057195388712,0.0]],[[1063420.046237893635407,473033.693562321423087,0.0],[1063419.838882520562038,473030.481067447457463,0.0]],[[1063433.002163199707866,473032.840397158812266,0.0],[1063416.892684945603833,473033.901228038070258,0.0]]]}},
{"type":"Feature","properties":{"fid":2145,"Layer":"HIDRANTES","PaperSpace":null,"SubClasses":"AcDbEntity:AcDbBlockReference","Linetype":null,"EntityHandle":"343C","Text":null},"geometry":{"type":"MultiLineString","coordinates":[[[1063759.893570934887975,472754.296739173820242,0.0],[1063760.545103917596862,472757.459602404094767,0.0]],[[1063766.175273691536859,472752.981998074566945,0.0],[1063766.826806674711406,472756.144861304899678,0.0]],[[1063765.770491411909461,472758.410463461128529,0.0],[1063762.253691936144605,472759.146518793189898,0.0]],[[1063765.076004517264664,472768.232324033160694,0.0],[1063765.065312805352733,472768.169462113117334,0.0],[1063765.059001585934311,472768.106000528438017,0.0],[1063765.05710160615854,472768.042248457844835,0.0],[1063765.059622122906148,472767.978516494680662,0.0],[1063765.06655085622333,472767.915115134848747,0.0],[1063765.077854050323367,472767.852353263297118,0.0],[1063765.093476636568084,472767.790536649699789,0.0],[1063765.113342503784224,472767.729966458340641,0.0],[1063765.137354867532849,472767.670937781047542,0.0],[1063765.165396741591394,472767.613738199521322,0.0],[1063765.197331509087235,472767.558646384626627,0.0],[1063765.233003586996347,472767.505930737999734,0.0],[1063765.272239184239879,472767.455848084995523,0.0],[1063765.31484714942053,472767.408642423164565,0.0],[1063765.360619900515303,472767.364543733885512,0.0],[1063765.409334437223151,472767.323766861401964,0.0],[1063765.460753427352756,472767.286510466772597,0.0],[1063765.514626362826675,472767.252956059179269,0.0],[1063765.570690779713914,472767.223267112334725,0.0],[1063765.628673538332805,472767.19758826791076,0.0],[1063765.688292152248323,472767.176044630585238,0.0],[1063765.749256165931001,472767.158741158840712,0.0],[1063765.81126856803894,472767.145762153435498,0.0],[1063765.874027241254225,472767.137170846748631,0.0],[1063765.937226430978626,472767.133009094861336,0.0],[1063766.000558237545192,472767.133297173306346,0.0],[1063766.063714114483446,472767.138033678580541,0.0],[1063766.126386372605339,472767.147195535013452,0.0],[1063766.188269679667428,472767.160738106875215,0.0],[1063766.249062545364723,472767.178595416131429,0.0],[1063766.308468793751672,472767.200680463865865,0.0],[1063766.366199003299698,472767.226885653741192,0.0],[1063766.421971918549389,472767.257083316915669,0.0],[1063766.475515818921849,472767.291126333293505,0.0],[1063766.526569844223559,472767.328848848643247,0.0],[1063766.57488526427187,472767.370067082869355,0.0],[1063766.62022669124417,472767.414580224722158,0.0],[1063766.662373226135969,472767.4621714107343,0.0],[1063766.701119535602629,472767.512608781340532,0.0],[1063766.736276851268485,472767.565646610921249,0.0],[1063766.767673890339211,472767.621026504260954,0.0],[1063766.795157689368352,472767.67847865622025,0.0],[1063766.818594350246713,472767.737723165657371,0.0],[1063766.837869692128152,472767.798471399291884,0.0],[1063766.852889806963503,472767.86042739788536,0.0],[1063766.852889806963503,472767.86042739788536,0.0],[1063766.863581518642604,472767.923289317986928,0.0],[1063766.869892738061026,472767.986750902608037,0.0],[1063766.871792717603967,472768.050502973375842,0.0],[1063766.869272201089188,472768.114234936481807,0.0],[1063766.862343467772007,472768.177636296255514,0.0],[1063766.8510402739048,472768.240398167748936,0.0],[1063766.835417687427253,472768.302214781462681,0.0],[1063766.815551819978282,472768.362784972821828,0.0],[1063766.791539456462488,472768.421813650173135,0.0],[1063766.763497582403943,472768.479013231524732,0.0],[1063766.731562814908102,472768.534105046419427,0.0],[1063766.695890737231821,472768.586820693104528,0.0],[1063766.656655139755458,472768.636903346108738,0.0],[1063766.614047174574807,472768.684109007881489,0.0],[1063766.568274423712865,472768.728207697160542,0.0],[1063766.519559886772186,472768.76898456964409,0.0],[1063766.468140896642581,472768.806240964331664,0.0],[1063766.414267961401492,472768.8397953719832,0.0],[1063766.358203544048592,472768.869484318653122,0.0],[1063766.300220785429701,472768.895163163193502,0.0],[1063766.240602171514183,472768.916706800460815,0.0],[1063766.179638158297166,472768.934010272205342,0.0],[1063766.117625755956396,472768.946989277610555,0.0],[1063766.054867082741112,472768.955580584297422,0.0],[1063765.991667893016711,472768.959742336184718,0.0],[1063765.928336086682975,472768.959454257739708,0.0],[1063765.865180209511891,472768.954717752465513,0.0],[1063765.802507951389998,472768.945555896032602,0.0],[1063765.740624644560739,472768.932013324170839,0.0],[1063765.679831778630614,472768.914156014914624,0.0],[1063765.620425530010834,472768.892070967238396,0.0],[1063765.562695320462808,472768.865865777246654,0.0],[1063765.506922405445948,472768.835668114246801,0.0],[1063765.453378505073488,472768.801625097810756,0.0],[1063765.402324479771778,472768.763902582402807,0.0],[1063765.354009059723467,472768.722684348176699,0.0],[1063765.308667632751167,472768.678171206323896,0.0],[1063765.266521097859368,472768.630580020369962,0.0],[1063765.227774788625538,472768.580142649763729,0.0],[1063765.192617472726852,472768.52710482024122,0.0],[1063765.161220433656126,472768.471724926901516,0.0],[1063765.133736634626985,472768.414272774884012,0.0],[1063765.110299973515794,472768.355028265388682,0.0],[1063765.091024631867185,472768.294280031695962,0.0],[1063765.076004517264664,472768.232324033160694,0.0]],[[1063765.919659902574494,472768.038770445040427,0.0],[1063769.049719610018656,472767.383658558945172,0.0]],[[1063765.919659902574494,472768.038770445040427,0.0],[1063762.789600194664672,472768.693882331077475,0.0]],[[1063763.28257264313288,472755.237045063695405,0.0],[1063766.561543373158202,472771.154790170723572,0.0]]]}},
{"type":"Feature","properties":{"fid":3422,"Layer":"HIDRANTES","PaperSpace":null,"SubClasses":"AcDbEntity:AcDbBlockReference","Linetype":null,"EntityHandle":"455C","Text":null},"geometry":{"type":"MultiLineString","coordinates":[[[1063435.523689530557021,473310.134017589734867,0.0],[1063435.620997173711658,473313.362947894725949,0.0]],[[1063441.936169185908511,473309.935533948009834,0.0],[1063442.033476828597486,473313.164464253000915,0.0]],[[1063440.603313490748405,473315.211554139328655,0.0],[1063437.013298814417794,473315.322674832947087,0.0]],[[1063438.229063696693629,473324.764206343970727,0.0],[1063438.229352899827063,473324.700425380317029,0.0],[1063438.234059209236875,473324.636818386032246,0.0],[1063438.243159695761278,473324.573695248167496,0.0],[1063438.256610023323447,473324.511363496247213,0.0],[1063438.274344662670046,473324.450126804120373,0.0],[1063438.296277212910354,473324.390283510903828,0.0],[1063438.322300820844248,473324.332125167129561,0.0],[1063438.352288701338693,473324.275935114477761,0.0],[1063438.38609475735575,473324.221987105032895,0.0],[1063438.423554288689047,473324.170543968328275,0.0],[1063438.464484796859324,473324.121856329904404,0.0],[1063438.508686871500686,473324.076161391159985,0.0],[1063438.555945165222511,473324.033681773289572,0.0],[1063438.606029440416023,473323.994624432642013,0.0],[1063438.658695691265166,473323.95917965262197,0.0],[1063438.713687333511189,473323.927520116732921,0.0],[1063438.77073645289056,473323.899800067010801,0.0],[1063438.8295651122462,473323.876154552854132,0.0],[1063438.889886703807861,473323.856698772637174,0.0],[1063438.951407347107306,473323.841527513053734,0.0],[1063439.013827319722623,473323.830714686890133,0.0],[1063439.076842518057674,473323.824312973360065,0.0],[1063439.140145938144997,473323.822353560884949,0.0],[1063439.203429172048345,473323.82484599534655,0.0],[1063439.266383910551667,473323.83177813392831,0.0],[1063439.328703443985432,473323.843116204021499,0.0],[1063439.390084158163518,473323.858804967720062,0.0],[1063439.450227012392133,473323.878767990856431,0.0],[1063439.508838996523991,473323.902908015646972,0.0],[1063439.565634559141472,473323.931107434211299,0.0],[1063439.62033699802123,473323.963228862034157,0.0],[1063439.672679807990789,473323.999115806480404,0.0],[1063439.722407980356365,473324.038593430072069,0.0],[1063439.769279244588688,473324.081469401950017,0.0],[1063439.813065248541534,473324.127534834493417,0.0],[1063439.853552671149373,473324.176565301546361,0.0],[1063439.890544261783361,473324.228321931732353,0.0],[1063439.923859801143408,473324.282552571909036,0.0],[1063439.9533369790297,473324.338993015699089,0.0],[1063439.978832185734063,473324.397368291101884,0.0],[1063440.000221211696044,473324.457393999618944,0.0],[1063440.017399850999936,473324.518777702061925,0.0],[1063440.030284411273897,473324.581220343126915,0.0],[1063440.038812120445073,473324.644417708506808,0.0],[1063440.04294143198058,473324.708061907091178,0.0],[1063440.04294143198058,473324.708061907091178,0.0],[1063440.042652228614315,473324.771842870686669,0.0],[1063440.037945919204503,473324.835449864971451,0.0],[1063440.0288454326801,473324.898573002777994,0.0],[1063440.015395105117932,473324.9609047548729,0.0],[1063439.997660465538502,473325.022141446941532,0.0],[1063439.975727915531024,473325.081984740158077,0.0],[1063439.949704308062792,473325.140143083815929,0.0],[1063439.919716426869854,473325.196333136584144,0.0],[1063439.885910371085629,473325.250281145912595,0.0],[1063439.848450839985162,473325.30172428273363,0.0],[1063439.807520332047716,473325.350411921099294,0.0],[1063439.763318257406354,473325.39610685990192,0.0],[1063439.716059963218868,473325.438586477772333,0.0],[1063439.665975688025355,473325.4776438184781,0.0],[1063439.613309437176213,473325.513088598381728,0.0],[1063439.55831779516302,473325.544748134270776,0.0],[1063439.501268675550818,473325.572468183934689,0.0],[1063439.442440016428009,473325.596113698207773,0.0],[1063439.382118424866349,473325.615569478424732,0.0],[1063439.320597781566903,473325.630740738008171,0.0],[1063439.258177808718756,473325.641553563997149,0.0],[1063439.195162610616535,473325.647955277585424,0.0],[1063439.131859190296382,473325.649914690176956,0.0],[1063439.068575956160203,473325.647422255773563,0.0],[1063439.005621218122542,473325.640490117075387,0.0],[1063438.943301684688777,473325.629152047040407,0.0],[1063438.881920970743522,473325.613463283400051,0.0],[1063438.821778116282076,473325.593500260205474,0.0],[1063438.763166132150218,473325.569360235473141,0.0],[1063438.706370569532737,473325.541160816850606,0.0],[1063438.65166813088581,473325.509039389085956,0.0],[1063438.599325320450589,473325.473152444581501,0.0],[1063438.549597148085013,473325.433674820931628,0.0],[1063438.50272588361986,473325.390798849170096,0.0],[1063438.458939879899845,473325.344733416568488,0.0],[1063438.418452457292005,473325.295702949457336,0.0],[1063438.381460866890848,473325.243946319329552,0.0],[1063438.348145327763632,473325.189715679094661,0.0],[1063438.318668149411678,473325.133275235362817,0.0],[1063438.293172942707315,473325.074899959901813,0.0],[1063438.271783916978166,473325.014874251268338,0.0],[1063438.254605277674273,473324.95349054899998,0.0],[1063438.241720717400312,473324.891047907993197,0.0],[1063438.233193008461967,473324.82785054249689,0.0],[1063438.229063696693629,473324.764206343970727,0.0]],[[1063439.093204957200214,473324.720825995143969,0.0],[1063442.288428445812315,473324.621925159881357,0.0]],[[1063439.093204957200214,473324.720825995143969,0.0],[1063435.897981469053775,473324.819726830464788,0.0]],[[1063438.699351150542498,473311.651693367573898,0.0],[1063439.189071428030729,473327.901934310677461,0.0]]]}},
{"type":"Feature","properties":{"fid":4895,"Layer":"HIDRANTES","PaperSpace":null,"SubClasses":"AcDbEntity:AcDbBlockReference","Linetype":"BYBLOCK","EntityHandle":"6DBE","Text":null},"geometry":{"type":"MultiLineString","coordinates":[[[1063255.442084579495713,473321.126080913527403,0.0],[1063255.586587781319395,473324.353200070734601,0.0]],[[1063261.851003812393174,473320.832538420625497,0.0],[1063261.995507014449686,473324.059657577832695,0.0]],[[1063260.595418142154813,473326.12771980749676,0.0],[1063257.007396761327982,473326.292059020139277,0.0]],[[1063258.361067838966846,473335.714486732264049,0.0],[1063258.360424562823027,473335.650708755711094,0.0],[1063258.364200482377782,473335.587039233767428,0.0],[1063258.372377201449126,473335.523788357968442,0.0],[1063258.384914884110913,473335.46126428025309,0.0],[1063258.401752448175102,473335.399771611613687,0.0],[1063258.422807862749323,473335.339609938149806,0.0],[1063258.447978547541425,473335.281072361336555,0.0],[1063258.477141874143854,473335.224444070656318,0.0],[1063258.51015576091595,473335.170000953250565,0.0],[1063258.546859368449077,473335.118008250545245,0.0],[1063258.58707387978211,473335.068719265749678,0.0],[1063258.630603374214843,473335.022374129970558,0.0],[1063258.677235780283809,473334.979198631830513,0.0],[1063258.726743909530342,473334.939403118216433,0.0],[1063258.778886563610286,473334.903181468835101,0.0],[1063258.83340970845893,473334.870710151793901,0.0],[1063258.890047712717205,473334.842147364164703,0.0],[1063258.948524642270058,473334.817632261023391,0.0],[1063259.008555602515116,473334.797284277447034,0.0],[1063259.069848129525781,473334.781202546728309,0.0],[1063259.132103611715138,473334.76946541754296,0.0],[1063259.195018746890128,473334.762130071874708,0.0],[1063259.258287018863484,473334.759232246899046,0.0],[1063259.321600190829486,473334.760786060534883,0.0],[1063259.384649807354435,473334.766783942643087,0.0],[1063259.447128697065637,473334.777196672279388,0.0],[1063259.508732469053939,473334.79197351943003,0.0],[1063259.56916099623777,473334.811042493151035,0.0],[1063259.628119876841083,473334.834310690988787,0.0],[1063259.685321868630126,473334.861664752825163,0.0],[1063259.740488289855421,473334.892971412395127,0.0],[1063259.793350375024602,473334.928078146767803,0.0],[1063259.843650584807619,473334.966813919309061,0.0],[1063259.891143862623721,473335.008990013448056,0.0],[1063259.935598825337365,473335.054400951543357,0.0],[1063259.976798893185332,473335.102825495763682,0.0],[1063260.014543343568221,473335.154027726792265,0.0],[1063260.048648288939148,473335.207758192613255,0.0],[1063260.078947574133053,473335.263755123538431,0.0],[1063260.105293583124876,473335.321745708351955,0.0],[1063260.127557961503044,473335.381447422725614,0.0],[1063260.145632239291444,473335.44256940583,0.0],[1063260.159428360173479,473335.504813877632841,0.0],[1063260.168879111530259,473335.567877589142881,0.0],[1063260.173938449472189,473335.63145330036059,0.0],[1063260.173938449472189,473335.63145330036059,0.0],[1063260.174581725616008,473335.695231276971754,0.0],[1063260.170805806294084,473335.758900798799004,0.0],[1063260.162629086989909,473335.82215167459799,0.0],[1063260.150091404328123,473335.884675752313342,0.0],[1063260.133253840031102,473335.94616842106916,0.0],[1063260.112198425689712,473336.006330094474833,0.0],[1063260.087027741130441,473336.064867671229877,0.0],[1063260.057864414295182,473336.121495961910114,0.0],[1063260.024850527290255,473336.175939079374075,0.0],[1063259.988146919989958,473336.227931782079395,0.0],[1063259.947932408424094,473336.277220766816754,0.0],[1063259.904402914224193,473336.323565902595874,0.0],[1063259.857770508155227,473336.366741400735918,0.0],[1063259.808262378908694,473336.406536914408207,0.0],[1063259.756119725061581,473336.442758563731331,0.0],[1063259.701596579980105,473336.475229880772531,0.0],[1063259.64495857572183,473336.503792668459937,0.0],[1063259.586481646401808,473336.528307771543041,0.0],[1063259.526450685923919,473336.548655755119398,0.0],[1063259.465158158913255,473336.56473748589633,0.0],[1063259.402902676723897,473336.576474615081679,0.0],[1063259.339987541548908,473336.583809960691724,0.0],[1063259.276719269575551,473336.586707785667386,0.0],[1063259.21340609760955,473336.585153972089756,0.0],[1063259.1503564810846,473336.579156089923345,0.0],[1063259.087877591373399,473336.56874336040346,0.0],[1063259.026273819385096,473336.553966513136402,0.0],[1063258.965845292201266,473336.534897539473604,0.0],[1063258.906886411830783,473336.511629341577645,0.0],[1063258.84968442004174,473336.484275279799476,0.0],[1063258.794517999049276,473336.452968620171305,0.0],[1063258.741655913647264,473336.417861885856837,0.0],[1063258.691355703631416,473336.379126113315579,0.0],[1063258.643862425815314,473336.336950019176584,0.0],[1063258.59940746286884,473336.291539081081282,0.0],[1063258.558207395253703,473336.243114536860958,0.0],[1063258.520462944870815,473336.191912305832375,0.0],[1063258.486357999267057,473336.138181840011384,0.0],[1063258.456058714538813,473336.082184909086209,0.0],[1063258.42971270554699,473336.024194324272685,0.0],[1063258.407448326935992,473335.964492609840818,0.0],[1063258.389374049147591,473335.903370626736432,0.0],[1063258.375577928265557,473335.84112615493359,0.0],[1063258.366127177141607,473335.778062443423551,0.0],[1063258.361067838966846,473335.714486732264049,0.0]],[[1063259.224486135179177,473335.658298216527328,0.0],[1063262.417935529025272,473335.512031262333039,0.0]],[[1063259.224486135179177,473335.658298216527328,0.0],[1063256.031036741565913,473335.80456517089624,0.0]],[[1063258.639607759891078,473322.596496230631601,0.0],[1063259.366849176352844,473338.837622208346147,0.0]]]}},
{"type":"Feature","properties":{"fid":3678,"Layer":"HIDRANTES","PaperSpace":null,"SubClasses":"AcDbEntity:AcDbBlockReference","Linetype":null,"EntityHandle":"4913","Text":null},"geometry":{"type":"MultiLineString","coordinates":[[[1063338.739724423736334,472886.85731015674537,0.0],[1063334.934079038444906,472887.044497588416561,0.0]],[[1063339.10853085713461,472894.522412352263927,0.0],[1063335.302885472076014,472894.709599783993326,0.0]],[[1063332.858818977838382,472893.043985236552544,0.0],[1063332.652343389345333,472888.752692186448257,0.0]],[[1063321.544040215900168,472890.413809872639831,0.0],[1063321.619259482016787,472890.412757146114018,0.0],[1063321.694366413168609,472890.416991182079073,0.0],[1063321.768995095975697,472890.426491352729499,0.0],[1063321.842781947460026,472890.441211374185514,0.0],[1063321.915367484558374,472890.461079532164149,0.0],[1063321.986398078501225,472890.485999030875973,0.0],[1063322.055527675198391,472890.515848464972805,0.0],[1063322.12241948232986,472890.550482411112171,0.0],[1063322.186747609870508,472890.589732136053499,0.0],[1063322.248198656830937,472890.633406419248786,0.0],[1063322.306473241187632,472890.681292483815923,0.0],[1063322.361287453910336,472890.733157033799216,0.0],[1063322.41237424639985,472890.788747390324716,0.0],[1063322.459484728286043,472890.847792722692247,0.0],[1063322.502389382338151,472890.910005367884878,0.0],[1063322.540879181586206,472890.975082232384011,0.0],[1063322.574766607489437,472891.042706268082839,0.0],[1063322.60388656379655,472891.112548017466906,0.0],[1063322.628097181208432,472891.184267218632158,0.0],[1063322.647280507488176,472891.257514462864492,0.0],[1063322.66134308394976,472891.3319328968646,0.0],[1063322.670216399012133,472891.407159961469006,0.0],[1063322.673857223009691,472891.482829158136155,0.0],[1063322.672247817739844,472891.558571834058966,0.0],[1063322.665396024240181,472891.634018978511449,0.0],[1063322.653335223905742,472891.708803020534106,0.0],[1063322.636124175507575,472891.782559620041866,0.0],[1063322.613846729975194,472891.854929441935383,0.0],[1063322.586611420148984,472891.925559908093419,0.0],[1063322.554550934117287,472891.994106913683936,0.0],[1063322.517821467248723,472892.06023650476709,0.0],[1063322.476601962000132,472892.123626504442655,0.0],[1063322.431093235500157,472892.183968083176296,0.0],[1063322.381517001660541,472892.240967262827326,0.0],[1063322.328114790841937,472892.294346349139232,0.0],[1063322.271146773127839,472892.343845284369309,0.0],[1063322.210890491725877,472892.389222915051505,0.0],[1063322.147639508359134,472892.430258165521082,0.0],[1063322.081701975781471,472892.466751116386149,0.0],[1063322.013399135088548,472892.498523977643345,0.0],[1063321.943063750630245,472892.525421955157071,0.0],[1063321.871038489276543,472892.547314004623331,0.0],[1063321.797674251720309,472892.564093470224179,0.0],[1063321.723328460007906,472892.575678603781853,0.0],[1063321.648363319691271,472892.582012964296155,0.0],[1063321.648363319691271,472892.582012964296155,0.0],[1063321.573144053574651,472892.583065690821968,0.0],[1063321.498037122422829,472892.578831654856913,0.0],[1063321.423408439615741,472892.569331484148279,0.0],[1063321.349621588364244,472892.554611462575849,0.0],[1063321.277036051033065,472892.534743304655422,0.0],[1063321.206005457090214,472892.509823805943597,0.0],[1063321.136875860393047,472892.479974371846765,0.0],[1063321.069984053261578,472892.445340425823815,0.0],[1063321.005655925953761,472892.406090700766072,0.0],[1063320.944204878760502,472892.362416417628992,0.0],[1063320.885930294636637,472892.314530353003647,0.0],[1063320.831116081681103,472892.262665802962147,0.0],[1063320.780029289191589,472892.207075446553063,0.0],[1063320.732918807305396,472892.148030114243738,0.0],[1063320.690014153486118,472892.085817468934692,0.0],[1063320.651524354005232,472892.020740604493767,0.0],[1063320.617636928102002,472891.953116568853147,0.0],[1063320.588516971794888,472891.883274819352664,0.0],[1063320.564306354615837,472891.811555618187413,0.0],[1063320.545123028103262,472891.738308373955078,0.0],[1063320.531060451408848,472891.66388993995497,0.0],[1063320.522187136579305,472891.588662875350565,0.0],[1063320.518546312814578,472891.512993678683415,0.0],[1063320.520155718084425,472891.437251002818812,0.0],[1063320.527007511351258,472891.361803858249914,0.0],[1063320.539068311685696,472891.287019816227257,0.0],[1063320.556279360083863,472891.21326321689412,0.0],[1063320.578556805616245,472891.140893394884188,0.0],[1063320.605792115675285,472891.070262928842567,0.0],[1063320.637852601706982,472891.001715923193842,0.0],[1063320.674582068342716,472890.935586332227103,0.0],[1063320.715801573591307,472890.872196332318708,0.0],[1063320.761310300091282,472890.811854753643274,0.0],[1063320.810886533930898,472890.754855573992245,0.0],[1063320.864288744749501,472890.701476487796754,0.0],[1063320.921256762463599,472890.651977552450262,0.0],[1063320.981513043865561,472890.606599921942689,0.0],[1063321.044764027465135,472890.565564671298489,0.0],[1063321.110701559809968,472890.529071720433421,0.0],[1063321.17900440050289,472890.497298859118018,0.0],[1063321.249339785194024,472890.470400881604291,0.0],[1063321.321365046314895,472890.448508832196239,0.0],[1063321.39472928433679,472890.431729366770014,0.0],[1063321.469075075816363,472890.42014423297951,0.0],[1063321.544040215900168,472890.413809872639831,0.0]],[[1063321.613354446366429,472891.446388935670257,0.0],[1063321.797124071279541,472895.265771747508552,0.0]],[[1063321.613354446366429,472891.446388935670257,0.0],[1063321.429584821686149,472887.627006124006584,0.0]],[[1063337.016748008318245,472890.688745648250915,0.0],[1063317.864072474418208,472891.63080403272761,0.0]]]}},
{"type":"Feature","properties":{"fid":3221,"Layer":"HIDRANTES","PaperSpace":null,"SubClasses":"AcDbEntity:AcDbBlockReference","Linetype":null,"EntityHandle":"419C","Text":null},"geometry":{"type":"MultiLineString","coordinates":[[[1062712.12999673304148,472635.643866521073505,0.0],[1062711.979692161781713,472632.417018379026558,0.0]],[[1062705.721611243439838,472635.949093793926295,0.0],[1062705.571306672412902,472632.722245651937556,0.0]],[[1062706.967676399275661,472630.651635454269126,0.0],[1062710.555398964555934,472630.480754539603367,0.0]],[[1062709.184790132567286,472621.060817010467872,0.0],[1062709.185548064298928,472621.124593665124848,0.0],[1062709.181886609178036,472621.188269922975451,0.0],[1062709.173823605990037,472621.251535559655167,0.0],[1062709.161398336989805,472621.314082351338584,0.0],[1062709.144671336282045,472621.375605576497037,0.0],[1062709.12372409645468,472621.435805500077549,0.0],[1062709.098658670205623,472621.49438883404946,0.0],[1062709.06959717371501,472621.551070166344289,0.0],[1062709.036681192228571,472621.605573351145722,0.0],[1062709.000071088550612,472621.657632854476105,0.0],[1062708.959945223527029,472621.706995047745295,0.0],[1062708.916499086422846,472621.753419443091843,0.0],[1062708.869944342179224,472621.796679865859915,0.0],[1062708.820507801370695,472621.836565555247944,0.0],[1062708.768430313328281,472621.872882192430552,0.0],[1062708.713965594768524,472621.905452846374828,0.0],[1062708.657378992065787,472621.934118836012203,0.0],[1062708.598946189507842,472621.958740503701847,0.0],[1062708.538951865630224,472621.979197894863319,0.0],[1062708.477688307175413,472621.995391343545634,0.0],[1062708.415453983703628,472622.007241956540383,0.0],[1062708.352552094729617,472622.014691998949274,0.0],[1062708.289289091713727,472622.017705175094306,0.0],[1062708.225973186083138,472622.016266804828774,0.0],[1062708.162912846310064,472622.010383895831183,0.0],[1062708.100415295921266,472622.000085109262727,0.0],[1062708.038785017095506,472621.985420619370416,0.0],[1062707.978322265902534,472621.966461870528292,0.0],[1062707.919321610825136,472621.9433012274676,0.0],[1062707.862070497358218,472621.916051526612137,0.0],[1062707.80684784729965,472621.884845525957644,0.0],[1062707.753922699252144,472621.849835257860832,0.0],[1062707.703552899649367,472621.811191288696136,0.0],[1062707.655983845470473,472621.769101888174191,0.0],[1062707.611447287490591,472621.723772111698054,0.0],[1062707.570160203846171,472621.675422801170498,0.0],[1062707.532323741121218,472621.624289509723894,0.0],[1062707.49812223482877,472621.570621353457682,0.0],[1062707.467722310917452,472621.514679798332509,0.0],[1062707.441272074589506,472621.456737386062741,0.0],[1062707.418900389224291,472621.397076406166889,0.0],[1062707.400716247502714,472621.335987520928029,0.0],[1062707.386808240553364,472621.273768349317834,0.0],[1062707.377244126284495,472621.210722016810905,0.0],[1062707.372070500859991,472621.147155678831041,0.0],[1062707.372070500859991,472621.147155678831041,0.0],[1062707.371312569128349,472621.083379024232272,0.0],[1062707.37497402401641,472621.01970276638167,0.0],[1062707.38303702743724,472620.956437129818369,0.0],[1062707.395462296437472,472620.893890337960329,0.0],[1062707.412189297145233,472620.832367112860084,0.0],[1062707.433136537205428,472620.772167189221364,0.0],[1062707.458201963454485,472620.713583855249453,0.0],[1062707.487263459479436,472620.656902523012832,0.0],[1062707.520179441198707,472620.602399338153191,0.0],[1062707.556789544876665,472620.550339834822807,0.0],[1062707.596915410133079,472620.500977641611826,0.0],[1062707.640361547470093,472620.45455324620707,0.0],[1062707.686916291480884,472620.411292823438998,0.0],[1062707.736352832289413,472620.371407134109177,0.0],[1062707.788430320098996,472620.335090496868361,0.0],[1062707.842895038658753,472620.302519842924085,0.0],[1062707.899481641594321,472620.27385385328671,0.0],[1062707.957914444152266,472620.249232185713481,0.0],[1062708.017908767797053,472620.228774794435594,0.0],[1062708.079172326484695,472620.212581345753279,0.0],[1062708.14140664995648,472620.200730732758529,0.0],[1062708.20430853869766,472620.193280690349638,0.0],[1062708.267571541713551,472620.190267514262814,0.0],[1062708.330887447111309,472620.191705884528346,0.0],[1062708.393947787117213,472620.19758879346773,0.0],[1062708.456445337506011,472620.207887580036186,0.0],[1062708.518075616331771,472620.222552069928497,0.0],[1062708.578538367524743,472620.241510818770621,0.0],[1062708.637539022602141,472620.264671461831313,0.0],[1062708.694790136069059,472620.291921162686776,0.0],[1062708.750012786360458,472620.323127163341269,0.0],[1062708.802937934175134,472620.358137431554496,0.0],[1062708.85330773377791,472620.396781400660984,0.0],[1062708.900876788189635,472620.438870801124722,0.0],[1062708.945413345936686,472620.484200577600859,0.0],[1062708.986700429348275,472620.532549888186622,0.0],[1062709.02453689230606,472620.583683179633226,0.0],[1062709.058738398831338,472620.637351335899439,0.0],[1062709.089138322742656,472620.693292890966404,0.0],[1062709.115588558837771,472620.751235303294379,0.0],[1062709.137960244202986,472620.810896283132024,0.0],[1062709.156144385924563,472620.871985168429092,0.0],[1062709.170052393339574,472620.934204339981079,0.0],[1062709.179616507142782,472620.997250672488008,0.0],[1062709.184790132567286,472621.060817010467872,0.0]],[[1062708.321473661344498,472621.118579676607624,0.0],[1062705.128290222259238,472621.270668946963269,0.0]],[[1062708.321473661344498,472621.118579676607624,0.0],[1062711.514657100429758,472620.966490406310186,0.0]],[[1062708.929833144880831,472634.179284725396428,0.0],[1062708.173395172460005,472617.93952268618159,0.0]]]}},
{"type":"Feature","properties":{"fid":2208,"Layer":"HIDRANTES","PaperSpace":null,"SubClasses":"AcDbEntity:AcDbBlockReference","Linetype":null,"EntityHandle":"3512","Text":null},"geometry":{"type":"MultiLineString","coordinates":[[[1063056.659085876774043,472876.323938384768553,0.0],[1063059.861500826431438,472876.137049112876412,0.0]],[[1063056.290406616171822,472869.873849314521067,0.0],[1063059.492821565829217,472869.686960042687133,0.0]],[[1063061.563038869062439,472871.070351608330384,0.0],[1063061.769443259574473,472874.681421845103614,0.0]],[[1063071.108513134997338,472873.197460853785742,0.0],[1063071.04519673017785,472873.198926299111918,0.0],[1063070.98193475836888,472873.195940175210126,0.0],[1063070.919035425642505,472873.188517030153889,0.0],[1063070.856805170653388,472873.176693028886802,0.0],[1063070.795547173824161,472873.160525776504073,0.0],[1063070.73555987724103,472873.140094038331881,0.0],[1063070.677135533187538,472873.115497355931439,0.0],[1063070.620558779453859,472873.086855561588891,0.0],[1063070.56610525213182,472873.054308195482008,0.0],[1063070.514040242880583,472873.018013824825175,0.0],[1063070.464617407880723,472872.978149272501469,0.0],[1063070.418077529873699,472872.934908754308708,0.0],[1063070.374647346558049,472872.888502933841664,0.0],[1063070.334538445575163,472872.839157895476092,0.0],[1063070.297946233069524,472872.787114043429028,0.0],[1063070.265048982575536,472872.73262493009679,0.0],[1063070.236006966559216,472872.675956020888407,0.0],[1063070.210961674805731,472872.617383401026018,0.0],[1063070.190035125473514,472872.557192430482246,0.0],[1063070.17332927021198,472872.495676353515591,0.0],[1063070.160925498697907,472872.433134870429058,0.0],[1063070.152884240495041,472872.369872676965315,0.0],[1063070.149244672385976,472872.306197980185971,0.0],[1063070.150024525355548,472872.242420996830333,0.0],[1063070.15522,472872.17885244183708,0.0],[1063070.164805785054341,472872.115802014886867,0.0],[1063070.178735179360956,472872.053576891426928,0.0],[1063070.196940320078284,472871.992480225744657,0.0],[1063070.219332513632253,472871.932809674995951,0.0],[1063070.245802667690441,472871.874855947797187,0.0],[1063070.276221822248772,472871.818901389080565,0.0],[1063070.310441778041422,472871.765218603773974,0.0],[1063070.348295819014311,472871.714069128967822,0.0],[1063070.389599524438381,472871.665702159749344,0.0],[1063070.434151666238904,472871.620353335281834,0.0],[1063070.481735191075131,472871.578243590309285,0.0],[1063070.532118277158588,472871.539578079245985,0.0],[1063070.585055462317541,472871.504545176809188,0.0],[1063070.640288843074813,472871.473315559560433,0.0],[1063070.697549327043816,472871.446041375165805,0.0],[1063070.756557946791872,472871.422855500655714,0.0],[1063070.817027219105512,472871.403870895330328,0.0],[1063070.878662543138489,472871.389180050173309,0.0],[1063070.941163637908176,472871.37885453767376,0.0],[1063071.004226004472002,472871.372944662580267,0.0],[1063071.004226004472002,472871.372944662580267,0.0],[1063071.067542409291491,472871.371479217254091,0.0],[1063071.130804381100461,472871.374465341097675,0.0],[1063071.193703713826835,472871.381888486095704,0.0],[1063071.255933968583122,472871.393712487420999,0.0],[1063071.317191965412349,472871.40987973974552,0.0],[1063071.37717926222831,472871.430311477917712,0.0],[1063071.435603606048971,472871.454908160376363,0.0],[1063071.492180359782651,472871.483549954660702,0.0],[1063071.546633887337521,472871.516097320942208,0.0],[1063071.598698896355927,472871.552391691482626,0.0],[1063071.648121731355786,472871.592256243922748,0.0],[1063071.694661609362811,472871.635496762115508,0.0],[1063071.73809179267846,472871.681902582582552,0.0],[1063071.778200693894178,472871.731247620889917,0.0],[1063071.814792906399816,472871.78329147293698,0.0],[1063071.847690156893805,472871.837780586327426,0.0],[1063071.876732172444463,472871.89444949553581,0.0],[1063071.901777464430779,472871.953022115339991,0.0],[1063071.922704013762996,472872.01321308594197,0.0],[1063071.93940986902453,472872.074729162734002,0.0],[1063071.951813640538603,472872.137270645820536,0.0],[1063071.959854898741469,472872.200532839284278,0.0],[1063071.963494467083365,472872.26420753612183,0.0],[1063071.962714614113793,472872.327984519477468,0.0],[1063071.957519139163196,472872.391553074528929,0.0],[1063071.947933353949338,472872.454603501420934,0.0],[1063071.934003959875554,472872.516828624997288,0.0],[1063071.915798819158226,472872.577925290504936,0.0],[1063071.893406625604257,472872.637595841370057,0.0],[1063071.866936471778899,472872.695549568510614,0.0],[1063071.836517317220569,472872.751504127227236,0.0],[1063071.802297361195087,472872.80518691270845,0.0],[1063071.764443320222199,472872.856336387398187,0.0],[1063071.723139615030959,472872.904703356616665,0.0],[1063071.678587473230436,472872.95005218120059,0.0],[1063071.631003948161379,472872.992161926114932,0.0],[1063071.580620862077922,472873.030827437003609,0.0],[1063071.527683676686138,472873.065860339498613,0.0],[1063071.472450296394527,472873.097089956805576,0.0],[1063071.415189812425524,472873.124364141141996,0.0],[1063071.356181192211807,472873.147550015710294,0.0],[1063071.295711920130998,472873.166534621093888,0.0],[1063071.234076596098021,472873.181225466134492,0.0],[1063071.171575501328334,472873.191550978692248,0.0],[1063071.108513134997338,472873.197460853785742,0.0]],[[1063071.042320510838181,472872.328709459339734,0.0],[1063070.8586142542772,472869.114745874714572,0.0]],[[1063071.042320510838181,472872.328709459339734,0.0],[1063071.226026767399162,472875.542673044023104,0.0]],[[1063058.080509089399129,472873.085145941586234,0.0],[1063074.197306176181883,472872.144588106195442,0.0]]]}},
{"type":"Feature","properties":{"fid":2216,"Layer":"HIDRANTES","PaperSpace":null,"SubClasses":"AcDbEntity:AcDbBlockReference","Linetype":null,"EntityHandle":"3532","Text":null},"geometry":{"type":"MultiLineString","coordinates":[[[1063227.434617165476084,472783.010785886552185,0.0],[1063227.589865466579795,472786.237394712283276,0.0]],[[1063233.842531201895326,472782.695601246436127,0.0],[1063233.997779502766207,472785.922210072167218,0.0]],[[1063232.604582967702299,472787.994986375677399,0.0],[1063229.017124344594777,472788.17144190374529,0.0]],[[1063230.402164546307176,472797.589232846163213,0.0],[1063230.401308903703466,472797.525457483076025,0.0],[1063230.404872798593715,472797.461775649455376,0.0],[1063230.412838868331164,472797.398497596615925,0.0],[1063230.425168303074315,472797.335931609093677,0.0],[1063230.441801034612581,472797.274382501898799,0.0],[1063230.46265603043139,472797.214150136103854,0.0],[1063230.48763168673031,472797.155527957889717,0.0],[1063230.516606325050816,472797.098801568499766,0.0],[1063230.549438783200458,472797.044247333076783,0.0],[1063230.585969105362892,472796.992131034785416,0.0],[1063230.626019319053739,472796.94270657846937,0.0],[1063230.669394304044545,472796.896214755543042,0.0],[1063230.715882741613314,472796.852882069244515,0.0],[1063230.765258144587278,472796.812919632066041,0.0],[1063230.81727996119298,472796.776522137224674,0.0],[1063230.871694746427238,472796.743866909411736,0.0],[1063230.928237396525219,472796.715113041631412,0.0],[1063230.986632441403344,472796.690400619932916,0.0],[1063231.046595387160778,472796.669850040809251,0.0],[1063231.107834099093452,472796.653561424347572,0.0],[1063231.170050229411572,472796.641614127438515,0.0],[1063231.232940666843206,472796.634066355705727,0.0],[1063231.29619901557453,472796.630954881431535,0.0],[1063231.359517087228596,472796.632294863229617,0.0],[1063231.422586402622983,472796.63807977293618,0.0],[1063231.485099694225937,472796.648281427042093,0.0],[1063231.546752403955907,472796.662850124121178,0.0],[1063231.607244165847078,472796.681714886974078,0.0],[1063231.666280269389972,472796.704783808265347,0.0],[1063231.723573097959161,472796.731944498547819,0.0],[1063231.778843525564298,472796.763064633880276,0.0],[1063231.83182228077203,472796.797992599720601,0.0],[1063231.882251256145537,472796.836558230861556,0.0],[1063231.92988476715982,472796.878573639260139,0.0],[1063231.974490747787058,472796.923834129993338,0.0],[1063232.015851882053539,472796.972119198762812,0.0],[1063232.053766663186252,472797.023193605360575,0.0],[1063232.088050373597071,472797.076808520476334,0.0],[1063232.118535986868665,472797.132702737580985,0.0],[1063232.145074980333447,472797.190603945695329,0.0],[1063232.167538058245555,472797.250230056000873,0.0],[1063232.185815782984719,472797.311290576122701,0.0],[1063232.199819107074291,472797.37348802521592,0.0],[1063232.209479808108881,472797.436519383569248,0.0],[1063232.214750819606707,472797.500077568925917,0.0],[1063232.214750819606707,472797.500077568925917,0.0],[1063232.215606462443247,472797.56385293189669,0.0],[1063232.212042567320168,472797.627534765633754,0.0],[1063232.204076497582719,472797.690812818414997,0.0],[1063232.191747063072398,472797.753378805995453,0.0],[1063232.175114331301302,472797.814927913248539,0.0],[1063232.154259335948154,472797.875160278927069,0.0],[1063232.129283679183573,472797.933782457199413,0.0],[1063232.100309041095898,472797.990508846531156,0.0],[1063232.067476582946256,472798.045063081895933,0.0],[1063232.030946260783821,472798.097179380361922,0.0],[1063231.990896046860144,472798.146603836561553,0.0],[1063231.947521061869338,472798.193095659429673,0.0],[1063231.901032624766231,472798.236428345844615,0.0],[1063231.851657221326604,472798.276390782964882,0.0],[1063231.799635404953733,472798.312788277806249,0.0],[1063231.745220619719476,472798.345443505619187,0.0],[1063231.688677969621494,472798.374197373399511,0.0],[1063231.630282924510539,472798.398909795098007,0.0],[1063231.570319978753105,472798.419460374221671,0.0],[1063231.509081266820431,472798.435748990683351,0.0],[1063231.446865136735141,472798.447696287708823,0.0],[1063231.383974699303508,472798.455244059383404,0.0],[1063231.320716350572184,472798.458355533599388,0.0],[1063231.257398278918117,472798.457015551801305,0.0],[1063231.1943289632909,472798.451230642094743,0.0],[1063231.131815671687946,472798.44102898798883,0.0],[1063231.070162961957976,472798.426460290909745,0.0],[1063231.009671200299636,472798.407595528056845,0.0],[1063230.950635096523911,472798.384526606823783,0.0],[1063230.893342268187553,472798.357365916483104,0.0],[1063230.838071840582415,472798.326245781325269,0.0],[1063230.785093085374683,472798.291317815310322,0.0],[1063230.734664109768346,472798.252752184285782,0.0],[1063230.687030598986894,472798.210736775828991,0.0],[1063230.642424618359655,472798.165476285037585,0.0],[1063230.601063483860344,472798.117191216268111,0.0],[1063230.563148702960461,472798.066116809728555,0.0],[1063230.528864992316812,472798.012501894612797,0.0],[1063230.498379379045218,472797.956607677508146,0.0],[1063230.471840385813266,472797.898706469335593,0.0],[1063230.449377307668328,472797.839080358971842,0.0],[1063230.431099583161995,472797.778019838908222,0.0],[1063230.417096259072423,472797.715822389815003,0.0],[1063230.407435558037832,472797.652791031461675,0.0],[1063230.402164546307176,472797.589232846163213,0.0]],[[1063231.265392005909234,472797.530128786165733,0.0],[1063234.458340528188273,472797.373077938507777,0.0]],[[1063231.265392005909234,472797.530128786165733,0.0],[1063228.072443483397365,472797.687179633765481,0.0]],[[1063230.637022717390209,472784.470392372692004,0.0],[1063231.418341006152332,472800.708950004598591,0.0]]]}},
{"type":"Feature","properties":{"fid":3377,"Layer":"HIDRANTES","PaperSpace":null,"SubClasses":"AcDbEntity:AcDbBlockReference","Linetype":null,"EntityHandle":"4457","Text":null},"geometry":{"type":"MultiLineString","coordinates":[[[1062967.644507090328261,472790.451039821375161,0.0],[1062969.878298042109236,472790.220510547282174,0.0]],[[1062967.188415595563129,472785.951965346932411,0.0],[1062969.422206547111273,472785.721436072955839,0.0]],[[1062970.912488589063287,472786.624306158802938,0.0],[1062971.167830554768443,472789.143104542745277,0.0]],[[1062977.653281014878303,472787.814215300953947,0.0],[1062977.609047181438655,472787.817214014474303,0.0],[1062977.56471458170563,472787.817098034080118,0.0],[1062977.520499198930338,472787.813867925025988,0.0],[1062977.476616446394473,472787.807539423927665,0.0],[1062977.433280116179958,472787.798143362568226,0.0],[1062977.390701338881627,472787.785725517896935,0.0],[1062977.349087553564459,472787.770346388046164,0.0],[1062977.308641498908401,472787.752080898673739,0.0],[1062977.269560223678127,472787.731018037651666,0.0],[1062977.232034127926454,472787.707260420836974,0.0],[1062977.196246035164222,472787.680923793115653,0.0],[1062977.162370301317424,472787.652136463788338,0.0],[1062977.130571965593845,472787.621038681943901,0.0],[1062977.101005946286023,472787.587781952752266,0.0],[1062977.073816285934299,472787.552528299682308,0.0],[1062977.049135449808091,472787.515449474973138,0.0],[1062977.027083680965006,472787.476726122957189,0.0],[1062977.007768413051963,472787.436546899960376,0.0],[1062976.991283747600392,472787.395107555086724,0.0],[1062976.977709997212514,472787.352609976544045,0.0],[1062976.967113291379064,472787.309261208341923,0.0],[1062976.95954525587149,472787.265272441494744,0.0],[1062976.955042761750519,472787.220857984619215,0.0],[1062976.953627744922414,472787.176234220445622,0.0],[1062976.955307098571211,472787.131618551735301,0.0],[1062976.960072641726583,472787.087228341319133,0.0],[1062976.967901156749576,472787.04327985382406,0.0],[1062976.978754504118115,472786.999987202172633,0.0],[1062976.992579807061702,472786.95756130333757,0.0],[1062977.009309710236266,472786.916208852431737,0.0],[1062977.028862707782537,472786.876131314318627,0.0],[1062977.051143538439646,472786.837523942580447,0.0],[1062977.076043653069064,472786.800574828579556,0.0],[1062977.103441740619019,472786.76546398474602,0.0],[1062977.133204320445657,472786.73236246756278,0.0],[1062977.165186391677707,472786.701431544264778,0.0],[1062977.19923214125447,472786.672821907151956,0.0],[1062977.235175702255219,472786.646672939474229,0.0],[1062977.272841960424557,472786.623112036497332,0.0],[1062977.312047409825027,472786.602253984543495,0.0],[1062977.352601045975462,472786.584200401906855,0.0],[1062977.394305294612423,472786.569039243739098,0.0],[1062977.436956977471709,472786.556844373873901,0.0],[1062977.480348299723119,472786.54767520428868,0.0],[1062977.524267863482237,472786.541576406394597,0.0],[1062977.524267863482237,472786.541576406394597,0.0],[1062977.568501696689054,472786.538577692932449,0.0],[1062977.61283429665491,472786.538693673268426,0.0],[1062977.657049679197371,472786.541923782322556,0.0],[1062977.700932431733236,472786.548252283479087,0.0],[1062977.744268761947751,472786.557648344780318,0.0],[1062977.786847539478913,472786.570066189568024,0.0],[1062977.82846132456325,472786.585445319360588,0.0],[1062977.868907379452139,472786.603710808674805,0.0],[1062977.907988654682413,472786.624773669755086,0.0],[1062977.945514750666916,472786.64853128651157,0.0],[1062977.981302842963487,472786.674867914291099,0.0],[1062978.015178576810285,472786.703655243560206,0.0],[1062978.046976912766695,472786.734753025404643,0.0],[1062978.076542931841686,472786.768009754654486,0.0],[1062978.10373259219341,472786.803263407724444,0.0],[1062978.128413428086787,472786.840342232433613,0.0],[1062978.150465196929872,472786.879065584391356,0.0],[1062978.169780465075746,472786.919244807446375,0.0],[1062978.186265130294487,472786.96068415226182,0.0],[1062978.199838880682364,472787.003181730920915,0.0],[1062978.210435586748645,472787.046530499006622,0.0],[1062978.218003622256219,472787.090519265912008,0.0],[1062978.22250611637719,472787.134933722787537,0.0],[1062978.223921133438125,472787.179557486902922,0.0],[1062978.222241779556498,472787.224173155729659,0.0],[1062978.217476236401126,472787.268563366087619,0.0],[1062978.209647721378133,472787.312511853524484,0.0],[1062978.198794374475256,472787.355804505350534,0.0],[1062978.184969071298838,472787.398230404010974,0.0],[1062978.168239167658612,472787.439582854975015,0.0],[1062978.148686170810834,472787.47966039320454,0.0],[1062978.126405339688063,472787.518267764884513,0.0],[1062978.101505224825814,472787.555216878768988,0.0],[1062978.07410713750869,472787.590327722602524,0.0],[1062978.044344558147714,472787.623429239785764,0.0],[1062978.012362486450002,472787.654360163141973,0.0],[1062977.978316736873239,472787.682969800254796,0.0],[1062977.94237317610532,472787.709118767874315,0.0],[1062977.904706917935982,472787.732679670851212,0.0],[1062977.865501468302682,472787.753537722805049,0.0],[1062977.824947832617909,472787.771591305499896,0.0],[1062977.783243583515286,472787.786752463667654,0.0],[1062977.74059190088883,472787.798947333591059,0.0],[1062977.69720057840459,472787.808116503059864,0.0],[1062977.653281014878303,472787.814215300953947,0.0]],[[1062977.580286869080737,472787.208758218097501,0.0],[1062977.353024665266275,472784.966950179892592,0.0]],[[1062977.580286869080737,472787.208758218097501,0.0],[1062977.807549072662368,472789.450566256418824,0.0]],[[1062968.538992244750261,472788.141828111896757,0.0],[1062979.780994316795841,472786.98164319206262,0.0]]]}},
{"type":"Feature","properties":{"fid":2147,"Layer":"HIDRANTES","PaperSpace":null,"SubClasses":"AcDbEntity:AcDbBlockReference","Linetype":null,"EntityHandle":"3442","Text":null},"geometry":{"type":"MultiLineString","coordinates":[[[1063595.843529758043587,472784.616012675513048,0.0],[1063599.049802062101662,472784.517854497767985,0.0]],[[1063595.651066527934745,472778.158085817587562,0.0],[1063598.857338831759989,472778.059927639784291,0.0]],[[1063600.888988304650411,472779.500127282342874,0.0],[1063600.996738482033834,472783.115585489722434,0.0]],[[1063610.372688425006345,472781.890732238534838,0.0],[1063610.309356618672609,472781.890444160089828,0.0],[1063610.246200741501525,472781.885707654757425,0.0],[1063610.183528483146802,472781.876545798324514,0.0],[1063610.121645176317543,472781.863003226520959,0.0],[1063610.060852310387418,472781.845145917206537,0.0],[1063610.001446062000468,472781.823060869588517,0.0],[1063609.943715852452442,472781.79685567971319,0.0],[1063609.887942937435582,472781.766658016596921,0.0],[1063609.834399037063122,472781.732615000277292,0.0],[1063609.783345011994243,472781.694892484752927,0.0],[1063609.735029591713101,472781.653674250643235,0.0],[1063609.689688164740801,472781.609161108674016,0.0],[1063609.647541629616171,472781.561569922720082,0.0],[1063609.608795320382342,472781.51113255211385,0.0],[1063609.573638004716486,472781.458094722591341,0.0],[1063609.54224096564576,472781.402714829193428,0.0],[1063609.514757166383788,472781.34526267729234,0.0],[1063609.491320505738258,472781.286018167855218,0.0],[1063609.472045163856819,472781.225269934162498,0.0],[1063609.457025049021468,472781.163313935510814,0.0],[1063609.446333337342367,472781.100452015583869,0.0],[1063609.440022117923945,472781.036990430904552,0.0],[1063609.438122138148174,472780.973238360194955,0.0],[1063609.440642654895782,472780.909506397030782,0.0],[1063609.447571388212964,472780.84610503714066,0.0],[1063609.458874582313001,472780.783343165589031,0.0],[1063609.474497168557718,472780.721526552049909,0.0],[1063609.494363036006689,472780.660956360690761,0.0],[1063609.518375399289653,472780.601927683397662,0.0],[1063609.546417273581028,472780.544728101987857,0.0],[1063609.578352041076869,472780.489636287034955,0.0],[1063609.614024118985981,472780.436920640349854,0.0],[1063609.653259715996683,472780.386837987287436,0.0],[1063609.695867681410164,472780.339632325456478,0.0],[1063609.741640432272106,472780.295533636235632,0.0],[1063609.790354969212785,472780.254756763810292,0.0],[1063609.84177395910956,472780.217500369122718,0.0],[1063609.895646894583479,472780.183945961471181,0.0],[1063609.951711311703548,472780.154257014684845,0.0],[1063610.009694070322439,472780.12857817026088,0.0],[1063610.069312684237957,472780.107034532935359,0.0],[1063610.130276697687805,472780.089731061190832,0.0],[1063610.192289100028574,472780.076752055785619,0.0],[1063610.255047773011029,472780.068160749215167,0.0],[1063610.31824696296826,472780.063998997153249,0.0],[1063610.31824696296826,472780.063998997153249,0.0],[1063610.381578769301996,472780.064287075598259,0.0],[1063610.444734646240249,472780.069023581047077,0.0],[1063610.507406904594973,472780.078185437363572,0.0],[1063610.569290211424232,472780.091728009225335,0.0],[1063610.630083077354357,472780.10958531848155,0.0],[1063610.689489325741306,472780.131670366215985,0.0],[1063610.747219535289332,472780.157875556091312,0.0],[1063610.802992450539023,472780.188073219207581,0.0],[1063610.856536350911483,472780.222116235585418,0.0],[1063610.907590375980362,472780.25983875093516,0.0],[1063610.955905796261504,472780.301056985219475,0.0],[1063611.001247223233804,472780.345570127014071,0.0],[1063611.043393758125603,472780.393161313026212,0.0],[1063611.082140067592263,472780.443598683690652,0.0],[1063611.117297383258119,472780.496636513213161,0.0],[1063611.148694422328845,472780.552016406611074,0.0],[1063611.176178221125156,472780.60946855857037,0.0],[1063611.199614882236347,472780.668713068007492,0.0],[1063611.218890224117786,472780.729461301642004,0.0],[1063611.233910338953137,472780.791417300177272,0.0],[1063611.244602050632238,472780.854279220278841,0.0],[1063611.25091327005066,472780.917740804958157,0.0],[1063611.252813249593601,472780.981492875725962,0.0],[1063611.250292733078822,472781.045224838831928,0.0],[1063611.243363999761641,472781.108626198605634,0.0],[1063611.232060805661604,472781.171388070099056,0.0],[1063611.216438219416887,472781.233204683754593,0.0],[1063611.196572351967916,472781.293774875171948,0.0],[1063611.172559988219291,472781.352803552465048,0.0],[1063611.144518114393577,472781.410003133816645,0.0],[1063611.112583346897736,472781.465094948769547,0.0],[1063611.076911268988624,472781.517810595454648,0.0],[1063611.037675671745092,472781.567893248458859,0.0],[1063610.995067706564441,472781.615098910231609,0.0],[1063610.949294955702499,472781.659197599627078,0.0],[1063610.90058041876182,472781.69997447199421,0.0],[1063610.849161428865045,472781.737230866739992,0.0],[1063610.795288493391126,472781.770785274333321,0.0],[1063610.739224076038226,472781.800474221119657,0.0],[1063610.681241317419335,472781.826153065543622,0.0],[1063610.621622703503817,472781.847696702752728,0.0],[1063610.56065869005397,472781.865000174555462,0.0],[1063610.4986462877132,472781.877979179902468,0.0],[1063610.435887614730746,472781.886570486589335,0.0],[1063610.372688425006345,472781.890732238534838,0.0]],[[1063610.330236459849402,472781.02046737249475,0.0],[1063610.234335487475619,472777.80259835900506,0.0]],[[1063610.330236459849402,472781.02046737249475,0.0],[1063610.426137431990355,472784.238336386100855,0.0]],[[1063597.352812353288755,472781.417763728532009,0.0],[1063613.48902234970592,472780.923762963968329,0.0]]]}},
{"type":"Feature","properties":{"fid":3091,"Layer":"HIDRANTES","PaperSpace":null,"SubClasses":"AcDbEntity:AcDbBlockReference","Linetype":null,"EntityHandle":"4020","Text":null},"geometry":{"type":"MultiLineString","coordinates":[[[1062609.851123133674264,472804.925215522933286,0.0],[1062610.93039569305256,472807.966907115944196,0.0]],[[1062615.892518122214824,472802.749024257471319,0.0],[1062616.97179068159312,472805.790715850482229,0.0]],[[1062616.236399204703048,472808.181456856080331,0.0],[1062612.854135581292212,472809.399793443677481,0.0]],[[1062616.896126493578777,472818.005221982602961,0.0],[1062616.876911921426654,472817.944454205338843,0.0],[1062616.861953780287877,472817.882482979213819,0.0],[1062616.851324944524094,472817.819610222009942,0.0],[1062616.845077196601778,472817.756142243510112,0.0],[1062616.843240975402296,472817.692388253170066,0.0],[1062616.845825226278976,472817.628658854169771,0.0],[1062616.852817359147593,472817.565264529781416,0.0],[1062616.864183309255168,472817.502514130552299,0.0],[1062616.879867702722549,472817.440713370277081,0.0],[1062616.899794126395136,472817.380163335998077,0.0],[1062616.923865501303226,472817.321159021463245,0.0],[1062616.951964553911239,472817.263987889687996,0.0],[1062616.983954388415441,472817.208928472769912,0.0],[1062617.019679153803736,472817.156249014427885,0.0],[1062617.058964801952243,472817.106206163938623,0.0],[1062617.101619938155636,472817.059043725021183,0.0],[1062617.147436749888584,472817.014991468167864,0.0],[1062617.196192022645846,472816.974264011718333,0.0],[1062617.247648225864395,472816.937059775693342,0.0],[1062617.301554669626057,472816.903560015314724,0.0],[1062617.357648727716878,472816.873927938111592,0.0],[1062617.415657114936039,472816.848307908629067,0.0],[1062617.475297220749781,472816.826824744930491,0.0],[1062617.536278484156355,472816.809583111025859,0.0],[1062617.598303810926154,472816.79666700627422,0.0],[1062617.661071019712836,472816.788139356649481,0.0],[1062617.724274314707145,472816.784041708044242,0.0],[1062617.787605776451528,472816.784394023881759,0.0],[1062617.850756860105321,472816.789194587618113,0.0],[1062617.913419899763539,472816.798420011298731,0.0],[1062617.975289607886225,472816.812025349761825,0.0],[1062618.03606456075795,472816.82994431903353,0.0],[1062618.095448669511825,472816.85208961967146,0.0],[1062618.153152620187029,472816.878353362146299,0.0],[1062618.208895285613835,472816.908607592107728,0.0],[1062618.262405092595145,472816.94270491390489,0.0],[1062618.313421347178519,472816.980479208927136,0.0],[1062618.361695502884686,472817.021746444457676,0.0],[1062618.406992372823879,472817.066305570711847,0.0],[1062618.449091275688261,472817.11393950029742,0.0],[1062618.487787109334022,472817.16441616526572,0.0],[1062618.522891352185979,472817.21748964843573,0.0],[1062618.55423297942616,472817.272901381191332,0.0],[1062618.581659297691658,472817.330381403153297,0.0],[1062618.605036688968539,472817.38964967726497,0.0],[1062618.605036688968539,472817.38964967726497,0.0],[1062618.624251260887831,472817.450417454645503,0.0],[1062618.639209402026609,472817.51238868071232,0.0],[1062618.649838237790391,472817.575261437916197,0.0],[1062618.656085985712707,472817.638729416416027,0.0],[1062618.65792220691219,472817.702483406697866,0.0],[1062618.65533795603551,472817.766212805756368,0.0],[1062618.648345823166892,472817.829607130261138,0.0],[1062618.636979873059317,472817.892357529490255,0.0],[1062618.621295479824767,472817.954158289765473,0.0],[1062618.60136905615218,472818.014708323928062,0.0],[1062618.577297680778429,472818.073712638462894,0.0],[1062618.549198628403246,472818.13088377029635,0.0],[1062618.517208793899044,472818.185943187272642,0.0],[1062618.481484028510749,472818.238622645498253,0.0],[1062618.442198380129412,472818.288665496045724,0.0],[1062618.39954324439168,472818.335827935021371,0.0],[1062618.353726432425901,472818.379880191758275,0.0],[1062618.304971159668639,472818.420607648207806,0.0],[1062618.25351495645009,472818.457811884349212,0.0],[1062618.199608512688428,472818.491311644669622,0.0],[1062618.143514454830438,472818.520943721872754,0.0],[1062618.085506067378446,472818.546563751297072,0.0],[1062618.025865961564705,472818.568046914995648,0.0],[1062617.964884697925299,472818.58528854890028,0.0],[1062617.902859371388331,472818.598204653651919,0.0],[1062617.84009216260165,472818.606732303276658,0.0],[1062617.77688886737451,472818.610829951881897,0.0],[1062617.713557405630127,472818.610477636102587,0.0],[1062617.650406322209165,472818.605677072424442,0.0],[1062617.587743282550946,472818.596451648743823,0.0],[1062617.525873574661091,472818.582846310280729,0.0],[1062617.465098621556535,472818.564927341067232,0.0],[1062617.405714513035491,472818.542782040254679,0.0],[1062617.348010562360287,472818.516518297838047,0.0],[1062617.292267896933481,472818.486264067818411,0.0],[1062617.23875808971934,472818.452166746079456,0.0],[1062617.187741835135967,472818.414392451115418,0.0],[1062617.13946767966263,472818.373125215584878,0.0],[1062617.094170809490606,472818.328566089214291,0.0],[1062617.052071906626225,472818.280932159686927,0.0],[1062617.013376072747633,472818.230455494776834,0.0],[1062616.978271830361336,472818.177382011490408,0.0],[1062616.946930203121156,472818.121970278734807,0.0],[1062616.919503884622827,472818.064490256889258,0.0],[1062616.896126493578777,472818.005221982602961,0.0]],[[1062617.705178091535345,472817.696136295679025,0.0],[1062620.715496752643958,472816.611779257596936,0.0]],[[1062617.705178091535345,472817.696136295679025,0.0],[1062614.694859430193901,472818.780493333935738,0.0]],[[1062613.336809967644513,472805.38485451269662,0.0],[1062618.768466112203896,472820.692778993572574,0.0]]]}},
{"type":"Feature","properties":{"fid":3397,"Layer":"HIDRANTES","PaperSpace":null,"SubClasses":"AcDbEntity:AcDbBlockReference","Linetype":null,"EntityHandle":"44C1","Text":null},"geometry":{"type":"MultiLineString","coordinates":[[[1063088.030487619107589,473256.846578076481819,0.0],[1063104.158428296679631,473255.815943287976552,0.0]],[[1063101.078073928132653,473256.92839331185678,0.0],[1063101.014766324544325,473256.93020853534108,0.0],[1063100.951488905120641,473256.927571965265088,0.0],[1063100.888549950439483,473256.92049644672079,0.0],[1063100.826256093103439,473256.90901645104168,0.0],[1063100.764910822268575,473256.893187907349784,0.0],[1063100.704813006101176,473256.873087930842303,0.0],[1063100.646255435189232,473256.848814446653705,0.0],[1063100.58952339575626,473256.820485712727532,0.0],[1063100.53489328105934,473256.788239743793383,0.0],[1063100.482631243299693,473256.752233638893813,0.0],[1063100.432991897687316,473256.712642816302832,0.0],[1063100.386217082850635,473256.669660158397164,0.0],[1063100.342534680152312,473256.623495072533842,0.0],[1063100.302157505648211,473256.574372470146045,0.0],[1063100.265282274223864,473256.522531671798788,0.0],[1063100.232088637305424,473256.468225240416359,0.0],[1063100.202738310676068,473256.411717751703691,0.0],[1063100.177374287042767,473256.353284504497424,0.0],[1063100.156120137078688,473256.293210179603193,0.0],[1063100.139079408254474,473256.231787452939898,0.0],[1063100.126335122156888,473256.169315570092294,0.0],[1063100.117949367500842,473256.106098887801636,0.0],[1063100.113962998380885,473256.042445391183719,0.0],[1063100.114395436132327,473255.978665193833876,0.0],[1063100.119244574103504,473255.915069026406854,0.0],[1063100.128486788133159,473255.851966723101214,0.0],[1063100.142077050171793,473255.789665711810812,0.0],[1063100.15994915063493,473255.728469517023768,0.0],[1063100.182016018079594,473255.668676280358341,0.0],[1063100.208170145051554,473255.610577308456413,0.0],[1063100.23828411125578,473255.554455653647892,0.0],[1063100.272211204748601,473255.500584735069424,0.0],[1063100.309786135330796,473255.449227006291039,0.0],[1063100.350825842702761,473255.400632677134126,0.0],[1063100.395130384946242,473255.355038494279142,0.0],[1063100.442483915016055,473255.312666587880813,0.0],[1063100.492655731039122,473255.273723389662337,0.0],[1063100.545401401352137,473255.238398627028801,0.0],[1063100.60046395403333,473255.206864398613106,0.0],[1063100.657575129531324,473255.179274336027447,0.0],[1063100.716456688707694,473255.155762855254579,0.0],[1063100.7768217662815,473255.136444501986261,0.0],[1063100.838376269442961,473255.121413393120747,0.0],[1063100.900820310693234,473255.110742758843116,0.0],[1063100.963849669788033,473255.104484585288446,0.0],[1063100.963849669788033,473255.104484585288446,0.0],[1063101.027157272910699,473255.102669361804146,0.0],[1063101.090434692800045,473255.105305931880139,0.0],[1063101.153373647248372,473255.112381450424436,0.0],[1063101.215667504584417,473255.123861446161754,0.0],[1063101.27701277541928,473255.13968998985365,0.0],[1063101.337110591586679,473255.159789966302924,0.0],[1063101.395668162498623,473255.184063450433314,0.0],[1063101.452400201931596,473255.212392184417695,0.0],[1063101.507030316628516,473255.244638153351843,0.0],[1063101.559292354620993,473255.280644258251414,0.0],[1063101.608931699767709,473255.320235080842394,0.0],[1063101.655706515070051,473255.363217738748062,0.0],[1063101.699388917768374,473255.4093828247278,0.0],[1063101.739766091806814,473255.458505426999182,0.0],[1063101.776641323696822,473255.510346225462854,0.0],[1063101.809834960615262,473255.56465265667066,0.0],[1063101.839185286778957,473255.621160145441536,0.0],[1063101.864549310412258,473255.679593392647803,0.0],[1063101.885803460841998,473255.739667717600241,0.0],[1063101.902844189433381,473255.801090444263536,0.0],[1063101.915588475530967,473255.863562326994725,0.0],[1063101.923974230419844,473255.926779009343591,0.0],[1063101.927960599539801,473255.990432505961508,0.0],[1063101.927528161788359,473256.054212703369558,0.0],[1063101.922679023584351,473256.117808870738372,0.0],[1063101.913436810020357,473256.180911174160428,0.0],[1063101.899846547748893,473256.243212185334414,0.0],[1063101.881974447052926,473256.304408380179666,0.0],[1063101.859907579841092,473256.364201616786886,0.0],[1063101.833753452869132,473256.422300588630605,0.0],[1063101.803639486432076,473256.478422243497334,0.0],[1063101.769712393404916,473256.532293162075803,0.0],[1063101.732137462357059,473256.583650890854187,0.0],[1063101.691097754985094,473256.6322452200111,0.0],[1063101.646793212741613,473256.677839402982499,0.0],[1063101.5994396826718,473256.720211309264414,0.0],[1063101.549267866648734,473256.75915450748289,0.0],[1063101.496522196568549,473256.794479270232841,0.0],[1063101.441459643887356,473256.82601349853212,0.0],[1063101.384348467923701,473256.853603561175987,0.0],[1063101.32546690874733,473256.877115041890647,0.0],[1063101.265101831173524,473256.89643339527538,0.0],[1063101.203547328244895,473256.911464503966272,0.0],[1063101.141103286761791,473256.922135138360318,0.0],[1063101.078073928132653,473256.92839331185678,0.0]],[[1063101.191206393064931,473258.734868515224662,0.0],[1063100.845390138681978,473253.212947919615544,0.0]]]}},
{"type":"Feature","properties":{"fid":2257,"Layer":"HIDRANTES","PaperSpace":null,"SubClasses":"AcDbEntity:AcDbBlockReference","Linetype":null,"EntityHandle":"35BA","Text":null},"geometry":{"type":"MultiLineString","coordinates":[[[1063074.306760902982205,473171.252640516904648,0.0],[1063077.510717920958996,473171.095048196788412,0.0]],[[1063073.996264300774783,473164.799422865442466,0.0],[1063077.200221318751574,473164.641830545442645,0.0]],[[1063079.257870733272284,473166.04410450393334,0.0],[1063079.431701671797782,473169.656926270807162,0.0]],[[1063088.783735902747139,473168.258438201271929,0.0],[1063088.720409115543589,473168.259324487356935,0.0],[1063088.657176902750507,473168.255759870167822,0.0],[1063088.594347325153649,473168.247761716018431,0.0],[1063088.532226482173428,473168.235368991037831,0.0],[1063088.471117020351812,473168.218642071529757,0.0],[1063088.411316658603027,473168.197662449267227,0.0],[1063088.35311673860997,473168.172532334865537,0.0],[1063088.296800804557279,473168.143374159757514,0.0],[1063088.2426432215143,473168.110329979506787,0.0],[1063088.190907840617001,473168.073560782184359,0.0],[1063088.141846710816026,473168.03324570361292,0.0],[1063088.09569885279052,473167.989581154717598,0.0],[1063088.052689095260575,473167.942779864824843,0.0],[1063088.013026976259425,473167.893069845158607,0.0],[1063087.97690572659485,473167.840693278005347,0.0],[1063087.944501324556768,473167.785905336495489,0.0],[1063087.915971641661599,473167.728972942219116,0.0],[1063087.891455671517178,473167.67017346387729,0.0],[1063087.871072853682563,473167.609793366747908,0.0],[1063087.854922490892932,473167.548126816633157,0.0],[1063087.843083266168833,473167.485474246554077,0.0],[1063087.835612858878449,473167.422140893817414,0.0],[1063087.832547664642334,473167.358435311994981,0.0],[1063087.83390261628665,473167.294667868176475,0.0],[1063087.839671112829819,473167.231149231141899,0.0],[1063087.849825050216168,473167.16818885714747,0.0],[1063087.864314960315824,473167.10609348298749,0.0],[1063087.88307024911046,473167.045165630930569,0.0],[1063087.905999542912468,473166.985702135309111,0.0],[1063087.932991132838652,473166.92799269646639,0.0],[1063087.96391351823695,473166.872318468929734,0.0],[1063087.998616048134863,473166.818950691726059,0.0],[1063088.036929656052962,473166.768149367708247,0.0],[1063088.078667680965737,473166.72016199544305,0.0],[1063088.123626780230552,473166.67522236489458,0.0],[1063088.171587917255238,473166.633549417019822,0.0],[1063088.222317429725081,473166.595346178684849,0.0],[1063088.275568169541657,473166.560798772028647,0.0],[1063088.331080703996122,473166.53007550840266,0.0],[1063088.388584581436589,473166.503326068632305,0.0],[1063088.447799649089575,473166.480680773267522,0.0],[1063088.508437416516244,473166.462249948002864,0.0],[1063088.570202463539317,473166.448123385722283,0.0],[1063088.632793876342475,473166.438369909825269,0.0],[1063088.695906715933233,473166.433037038310431,0.0],[1063088.695906715933233,473166.433037038310431,0.0],[1063088.759233503136784,473166.43215075210901,0.0],[1063088.822465715929866,473166.43571536935633,0.0],[1063088.885295293526724,473166.443713523563929,0.0],[1063088.947416136506945,473166.456106248486321,0.0],[1063089.008525598561391,473166.472833168052603,0.0],[1063089.068325960310176,473166.493812790315133,0.0],[1063089.126525879837573,473166.518942904600408,0.0],[1063089.182841814123094,473166.548101079824846,0.0],[1063089.236999396933243,473166.581145259959158,0.0],[1063089.288734778063372,473166.617914457281586,0.0],[1063089.337795907864347,473166.658229535853025,0.0],[1063089.383943765657023,473166.701894084748346,0.0],[1063089.426953523652628,473166.748695374641102,0.0],[1063089.466615642420948,473166.798405394307338,0.0],[1063089.502736892318353,473166.850781961518805,0.0],[1063089.535141294123605,473166.905569902970456,0.0],[1063089.563670976785943,473166.962502297363244,0.0],[1063089.588186946930364,473167.021301775588654,0.0],[1063089.60856976499781,473167.081681872718036,0.0],[1063089.624720127787441,473167.143348422949202,0.0],[1063089.636559352278709,473167.206000992911868,0.0],[1063089.644029759336263,473167.269334345648531,0.0],[1063089.647094954038039,473167.333039927587379,0.0],[1063089.645740002393723,473167.396807371231262,0.0],[1063089.639971505850554,473167.460326008324046,0.0],[1063089.629817568464205,473167.523286382318474,0.0],[1063089.615327658131719,473167.585381756478455,0.0],[1063089.596572369569913,473167.646309608593583,0.0],[1063089.573643075302243,473167.705773104156833,0.0],[1063089.546651485608891,473167.763482542999554,0.0],[1063089.515729100443423,473167.819156770652626,0.0],[1063089.481026570312679,473167.872524547739886,0.0],[1063089.442712962860242,473167.923325871874113,0.0],[1063089.400974937714636,473167.971313244022895,0.0],[1063089.356015838682652,473168.016252874745987,0.0],[1063089.308054701657966,473168.057925822446123,0.0],[1063089.257325188722461,473168.096129060781095,0.0],[1063089.204074449138716,473168.130676467553712,0.0],[1063089.148561914917082,473168.161399731121492,0.0],[1063089.091058037243783,473168.18814917083364,0.0],[1063089.031842969823629,473168.210794466198422,0.0],[1063088.971205201931298,473168.229225291579496,0.0],[1063088.909440155141056,473168.243351853685454,0.0],[1063088.846848742337897,473168.253105329640675,0.0],[1063088.783735902747139,473168.258438201271929,0.0]],[[1063088.725380540592596,473167.389114183664788,0.0],[1063088.570665657985955,473164.173591683094855,0.0]],[[1063088.725380540592596,473167.389114183664788,0.0],[1063088.880095423199236,473170.604636684060097,0.0]],[[1063075.75732757942751,473168.026970915496349,0.0],[1063091.881885435665026,473167.233855880505871,0.0]]]}},
{"type":"Feature","properties":{"fid":3330,"Layer":"HIDRANTES","PaperSpace":null,"SubClasses":"AcDbEntity:AcDbBlockReference","Linetype":null,"EntityHandle":"434E","Text":null},"geometry":{"type":"MultiLineString","coordinates":[[[1062990.497500217519701,473174.481443035008851,0.0],[1062993.701720255427063,473174.329416487598792,0.0]],[[1062990.198057010071352,473168.027691325347405,0.0],[1062993.402277047978714,473167.875664778053761,0.0]],[[1062995.457520293304697,473169.281511957058683,0.0],[1062995.625163010088727,473172.894632715557236,0.0]],[[1063004.979572367388755,473171.512391359254252,0.0],[1063004.916244198800996,473171.51316763862269,0.0],[1063004.853018227266148,473171.509493182646111,0.0],[1063004.790202483767644,473171.50138589279959,0.0],[1063004.728103,473171.488885267055593,0.0],[1063004.667022318346426,473171.472052207158413,0.0],[1063004.607258018571883,473171.450968721997924,0.0],[1063004.549101265380159,473171.425737528305035,0.0],[1063004.492835392942652,473171.396481549891178,0.0],[1063004.438734523020685,473171.3633433188661,0.0],[1063004.38706222968176,473171.326484281511512,0.0],[1063004.338070255005732,473171.286084011255298,0.0],[1063004.291997282765806,473171.242339334159624,0.0],[1063004.249067776137963,473171.195463369891513,0.0],[1063004.209490883396938,473171.145684493531007,0.0],[1063004.173459418816492,473171.093245222582482,0.0],[1063004.141148924827576,473171.038401035941206,0.0],[1063004.112716814037412,473170.981419129180722,0.0],[1063004.088301605312154,473170.922577112098224,0.0],[1063004.068022247171029,473170.86216165748192,0.0],[1063004.051977538270876,473170.800467103021219,0.0],[1063004.040245647076517,473170.737794018408749,0.0],[1063004.032883730018511,473170.674447740835603,0.0],[1063004.02992765372619,473170.610736886737868,0.0],[1063004.031391819706187,473170.546971849224064,0.0],[1063004.037269095191732,473170.483463284908794,0.0],[1063004.047530845971778,473170.420520601328462,0.0],[1063004.062127078417689,473170.358450448897202,0.0],[1063004.080986681161448,473170.297555227065459,0.0],[1063004.10401777131483,473170.238131611258723,0.0],[1063004.131108144763857,473170.18046910740668,0.0],[1063004.162125819595531,473170.124848641280551,0.0],[1063004.196919680340216,473170.071541190496646,0.0],[1063004.235320215346292,473170.020806463260669,0.0],[1063004.27714034053497,473169.972891634330153,0.0],[1063004.32217631302774,473169.928030139824841,0.0],[1063004.370208722073585,473169.886440540314652,0.0],[1063004.421003558207303,473169.848325456434395,0.0],[1063004.474313354119658,473169.813870580808725,0.0],[1063004.529878390254453,473169.783243774203584,0.0],[1063004.587427959078923,473169.756594247359317,0.0],[1063004.646681684534997,473169.734051834093407,0.0],[1063004.707350889220834,473169.715726358699612,0.0],[1063004.769139998359606,473169.70170710113598,0.0],[1063004.831747981719673,473169.692062361806165,0.0],[1063004.894869819283485,473169.686839128786232,0.0],[1063004.894869819283485,473169.686839128786232,0.0],[1063004.958197988104075,473169.686062849359587,0.0],[1063005.021423959638923,473169.689737305336166,0.0],[1063005.084239703137428,473169.697844595066272,0.0],[1063005.146339186932892,473169.710345220926683,0.0],[1063005.207419868558645,473169.727178280940279,0.0],[1063005.267184168333188,473169.748261765984353,0.0],[1063005.325340921524912,473169.773492959677242,0.0],[1063005.381606793962419,473169.802748938149307,0.0],[1063005.435707663884386,473169.835887169174384,0.0],[1063005.487379957223311,473169.872746206470765,0.0],[1063005.536371931899339,473169.913146476726979,0.0],[1063005.582444904139265,473169.956891153822653,0.0],[1063005.625374410767108,473170.003767118090764,0.0],[1063005.664951303740963,473170.05354599445127,0.0],[1063005.700982768088579,473170.105985265458003,0.0],[1063005.733293262077495,473170.160829452041071,0.0],[1063005.761725372867659,473170.217811358801555,0.0],[1063005.786140581360087,473170.276653375884052,0.0],[1063005.806419939734042,473170.337068830500357,0.0],[1063005.822464648634195,473170.398763384961057,0.0],[1063005.834196539828554,473170.461436469573528,0.0],[1063005.84155845688656,473170.524782747204881,0.0],[1063005.844514533178881,473170.588493601302616,0.0],[1063005.843050367198884,473170.652258638874628,0.0],[1063005.837173091713339,473170.715767203073483,0.0],[1063005.826911340933293,473170.778709886653814,0.0],[1063005.812315108487383,473170.840780039085075,0.0],[1063005.793455505743623,473170.901675260916818,0.0],[1063005.770424415590242,473170.961098876781762,0.0],[1063005.743334042374045,473171.018761380633805,0.0],[1063005.712316367309541,473171.074381846701726,0.0],[1063005.677522506564856,473171.127689297485631,0.0],[1063005.63912197179161,473171.178424024605192,0.0],[1063005.597301846370101,473171.226338853710331,0.0],[1063005.552265873877332,473171.271200348215643,0.0],[1063005.504233464831486,473171.312789947667625,0.0],[1063005.453438628697768,473171.350905031547882,0.0],[1063005.400128832785413,473171.385359907115344,0.0],[1063005.344563796650618,473171.415986713778693,0.0],[1063005.287014227826148,473171.442636240681168,0.0],[1063005.227760502137244,473171.46517865388887,0.0],[1063005.167091297684237,473171.483504129340872,0.0],[1063005.105302188545465,473171.497523386846296,0.0],[1063005.042694205185398,473171.507168126292527,0.0],[1063004.979572367388755,473171.512391359254252,0.0]],[[1063004.92270606290549,473170.642966686864384,0.0],[1063004.773498888360336,473167.427178074780386,0.0]],[[1063004.92270606290549,473170.642966686864384,0.0],[1063005.071913237217814,473173.858755298948381,0.0]],[[1062991.953588526230305,473171.2582958896528,0.0],[1063008.079470081953332,473170.493191724817734,0.0]]]}},
{"type":"Feature","properties":{"fid":3399,"Layer":"HIDRANTES","PaperSpace":null,"SubClasses":"AcDbEntity:AcDbBlockReference","Linetype":null,"EntityHandle":"44CD","Text":null},"geometry":{"type":"MultiLineString","coordinates":[[[1062987.793051240500063,473057.216905877459794,0.0],[1062984.590774662094191,473057.40620033518644,0.0]],[[1062988.166507120011374,473063.666714389983099,0.0],[1062984.964230541372672,473063.856008847651538,0.0]],[[1062982.892988747917116,473062.474172977090348,0.0],[1062982.683910175925121,473058.86325981025584,0.0]],[[1062973.345939161488786,473060.35423441423336,0.0],[1062973.409254481783137,473060.352721413481049,0.0],[1062973.472518665716052,473060.355660020431969,0.0],[1062973.535423496039584,473060.36303591838805,0.0],[1062973.597662507789209,473060.374813172733411,0.0],[1062973.658932477934286,473060.390934405906592,0.0],[1062973.718934905948117,473060.411321076797321,0.0],[1062973.777377465274185,473060.435873863578308,0.0],[1062973.833975430345163,473060.46447314764373,0.0],[1062973.888453061459586,473060.496979596151505,0.0],[1062973.940544948680326,473060.533234840841033,0.0],[1062973.989997305907309,473060.57306224986678,0.0],[1062974.036569206044078,473060.616267788165715,0.0],[1062974.080033755628392,473060.662640962575097,0.0],[1062974.120179199846461,473060.711955847626086,0.0],[1062974.156809953739867,473060.763972186367027,0.0],[1062974.189747556112707,473060.818436560221016,0.0],[1062974.218831538455561,473060.875083624268882,0.0],[1062974.243920206557959,473060.933637399866711,0.0],[1062974.264891330618411,473060.993812618718948,0.0],[1062974.281642741523683,473061.055316113284789,0.0],[1062974.294092828407884,473061.117848244670313,0.0],[1062974.302180935395882,473061.181104362593032,0.0],[1062974.305867658229545,473061.24477628985187,0.0],[1062974.305135035188869,473061.308553822804242,0.0],[1062974.299986636033282,473061.372126244183164,0.0],[1062974.290447542909533,473061.435183835215867,0.0],[1062974.276564229279757,473061.497419385763351,0.0],[1062974.258404333842918,473061.558529690373689,0.0],[1062974.236056328983977,473061.618217025883496,0.0],[1062974.209629092132673,473061.676190601720009,0.0],[1062974.179251374909654,473061.732167976268101,0.0],[1062974.145071173552424,473061.785876433365047,0.0],[1062974.107255010865629,473061.83705431089038,0.0],[1062974.065987123409286,473061.885452275397256,0.0],[1062974.021468564169481,473061.930834536789916,0.0],[1062973.973916223272681,473061.972979997342918,0.0],[1062973.92356177046895,473062.011683328601066,0.0],[1062973.870650527998805,473062.046755971561652,0.0],[1062973.815440274309367,473062.07802705623908,0.0],[1062973.75819998793304,473062.105344232870266,0.0],[1062973.699208537349477,473062.128574414760806,0.0],[1062973.638753323815763,473062.147604427067563,0.0],[1062973.57712887856178,473062.162341557384934,0.0],[1062973.5146354297176,473062.172714007727336,0.0],[1062973.451577439205721,473062.178671244881116,0.0],[1062973.451577439205721,473062.178671244881116,0.0],[1062973.388262119144201,473062.180184245458804,0.0],[1062973.324997935211286,473062.177245638507884,0.0],[1062973.262093104654923,473062.169869740551803,0.0],[1062973.199854093138129,473062.158092486206442,0.0],[1062973.138584122760221,473062.141971253033262,0.0],[1062973.078581694979221,473062.121584582258947,0.0],[1062973.020139135420322,473062.097031795361545,0.0],[1062972.963541170349345,473062.068432511296123,0.0],[1062972.909063539467752,473062.035926062904764,0.0],[1062972.856971652014181,473061.999670818157028,0.0],[1062972.807519295020029,473061.959843409073073,0.0],[1062972.76094739488326,473061.916637870890554,0.0],[1062972.717482845066115,473061.87026469653938,0.0],[1062972.677337401080877,473061.820949811371975,0.0],[1062972.640706647187471,473061.768933472572826,0.0],[1062972.607769044581801,473061.714469098777045,0.0],[1062972.578685062238947,473061.657822034670971,0.0],[1062972.553596394602209,473061.599268259189557,0.0],[1062972.532625270308927,473061.53909304033732,0.0],[1062972.515873859170824,473061.47758954577148,0.0],[1062972.503423772519454,473061.41505741426954,0.0],[1062972.495335665298626,473061.351801296346821,0.0],[1062972.491648942464963,473061.288129369204398,0.0],[1062972.492381565505639,473061.224351836077403,0.0],[1062972.497529964894056,473061.160779414873105,0.0],[1062972.507069058017805,473061.097721823840402,0.0],[1062972.520952371414751,473061.035486273351125,0.0],[1062972.53911226708442,473060.97437596868258,0.0],[1062972.561460271943361,473060.914688633056358,0.0],[1062972.587887508561835,473060.856715057278052,0.0],[1062972.618265226250514,473060.800737682788167,0.0],[1062972.652445427374914,473060.747029225691222,0.0],[1062972.69026159029454,473060.695851348049473,0.0],[1062972.731529477750883,473060.647453383542597,0.0],[1062972.776048036525026,473060.602071122149937,0.0],[1062972.823600377887487,473060.559925661713351,0.0],[1062972.873954830225557,473060.52122233051341,0.0],[1062972.926866072695702,473060.486149687319994,0.0],[1062972.982076326617971,473060.454878602700774,0.0],[1062973.039316613227129,473060.427561426186003,0.0],[1062973.098308063577861,473060.404331244179048,0.0],[1062973.158763277111575,473060.385301231930498,0.0],[1062973.220387722365558,473060.370564101671334,0.0],[1062973.282881171209738,473060.360191651212517,0.0],[1062973.345939161488786,473060.35423441423336,0.0]],[[1062973.41277514048852,473061.222935600904748,0.0],[1062973.598861500620842,473064.43675938853994,0.0]],[[1062973.41277514048852,473061.222935600904748,0.0],[1062973.226688780356199,473058.00911181315314,0.0]],[[1062986.374026503413916,473060.456764101283625,0.0],[1062970.257925797253847,473061.409426517901011,0.0]]]}},
{"type":"Feature","properties":{"fid":4268,"Layer":"HIDRANTES","PaperSpace":null,"SubClasses":"AcDbEntity:AcDbBlockReference","Linetype":null,"EntityHandle":"4BAC","Text":null},"geometry":{"type":"MultiLineString","coordinates":[[[1063074.306760902982205,473171.252640516904648,0.0],[1063077.510717920958996,473171.095048196788412,0.0]],[[1063073.996264300774783,473164.799422865442466,0.0],[1063077.200221318751574,473164.641830545442645,0.0]],[[1063079.257870733272284,473166.04410450393334,0.0],[1063079.431701671797782,473169.656926270807162,0.0]],[[1063088.783735902747139,473168.258438201271929,0.0],[1063088.720409115543589,473168.259324487356935,0.0],[1063088.657176902750507,473168.255759870167822,0.0],[1063088.594347325153649,473168.247761716018431,0.0],[1063088.532226482173428,473168.235368991037831,0.0],[1063088.471117020351812,473168.218642071529757,0.0],[1063088.411316658603027,473168.197662449267227,0.0],[1063088.35311673860997,473168.172532334865537,0.0],[1063088.296800804557279,473168.143374159757514,0.0],[1063088.2426432215143,473168.110329979506787,0.0],[1063088.190907840617001,473168.073560782184359,0.0],[1063088.141846710816026,473168.03324570361292,0.0],[1063088.09569885279052,473167.989581154717598,0.0],[1063088.052689095260575,473167.942779864824843,0.0],[1063088.013026976259425,473167.893069845158607,0.0],[1063087.97690572659485,473167.840693278005347,0.0],[1063087.944501324556768,473167.785905336495489,0.0],[1063087.915971641661599,473167.728972942219116,0.0],[1063087.891455671517178,473167.67017346387729,0.0],[1063087.871072853682563,473167.609793366747908,0.0],[1063087.854922490892932,473167.548126816633157,0.0],[1063087.843083266168833,473167.485474246554077,0.0],[1063087.835612858878449,473167.422140893817414,0.0],[1063087.832547664642334,473167.358435311994981,0.0],[1063087.83390261628665,473167.294667868176475,0.0],[1063087.839671112829819,473167.231149231141899,0.0],[1063087.849825050216168,473167.16818885714747,0.0],[1063087.864314960315824,473167.10609348298749,0.0],[1063087.88307024911046,473167.045165630930569,0.0],[1063087.905999542912468,473166.985702135309111,0.0],[1063087.932991132838652,473166.92799269646639,0.0],[1063087.96391351823695,473166.872318468929734,0.0],[1063087.998616048134863,473166.818950691726059,0.0],[1063088.036929656052962,473166.768149367708247,0.0],[1063088.078667680965737,473166.72016199544305,0.0],[1063088.123626780230552,473166.67522236489458,0.0],[1063088.171587917255238,473166.633549417019822,0.0],[1063088.222317429725081,473166.595346178684849,0.0],[1063088.275568169541657,473166.560798772028647,0.0],[1063088.331080703996122,473166.53007550840266,0.0],[1063088.388584581436589,473166.503326068632305,0.0],[1063088.447799649089575,473166.480680773267522,0.0],[1063088.508437416516244,473166.462249948002864,0.0],[1063088.570202463539317,473166.448123385722283,0.0],[1063088.632793876342475,473166.438369909825269,0.0],[1063088.695906715933233,473166.433037038310431,0.0],[1063088.695906715933233,473166.433037038310431,0.0],[1063088.759233503136784,473166.43215075210901,0.0],[1063088.822465715929866,473166.43571536935633,0.0],[1063088.885295293526724,473166.443713523563929,0.0],[1063088.947416136506945,473166.456106248486321,0.0],[1063089.008525598561391,473166.472833168052603,0.0],[1063089.068325960310176,473166.493812790315133,0.0],[1063089.126525879837573,473166.518942904600408,0.0],[1063089.182841814123094,473166.548101079824846,0.0],[1063089.236999396933243,473166.581145259959158,0.0],[1063089.288734778063372,473166.617914457281586,0.0],[1063089.337795907864347,473166.658229535853025,0.0],[1063089.383943765657023,473166.701894084748346,0.0],[1063089.426953523652628,473166.748695374641102,0.0],[1063089.466615642420948,473166.798405394307338,0.0],[1063089.502736892318353,473166.850781961518805,0.0],[1063089.535141294123605,473166.905569902970456,0.0],[1063089.563670976785943,473166.962502297363244,0.0],[1063089.588186946930364,473167.021301775588654,0.0],[1063089.60856976499781,473167.081681872718036,0.0],[1063089.624720127787441,473167.143348422949202,0.0],[1063089.636559352278709,473167.206000992911868,0.0],[1063089.644029759336263,473167.269334345648531,0.0],[1063089.647094954038039,473167.333039927587379,0.0],[1063089.645740002393723,473167.396807371231262,0.0],[1063089.639971505850554,473167.460326008324046,0.0],[1063089.629817568464205,473167.523286382318474,0.0],[1063089.615327658131719,473167.585381756478455,0.0],[1063089.596572369569913,473167.646309608593583,0.0],[1063089.573643075302243,473167.705773104156833,0.0],[1063089.546651485608891,473167.763482542999554,0.0],[1063089.515729100443423,473167.819156770652626,0.0],[1063089.481026570312679,473167.872524547739886,0.0],[1063089.442712962860242,473167.923325871874113,0.0],[1063089.400974937714636,473167.971313244022895,0.0],[1063089.356015838682652,473168.016252874745987,0.0],[1063089.308054701657966,473168.057925822446123,0.0],[1063089.257325188722461,473168.096129060781095,0.0],[1063089.204074449138716,473168.130676467553712,0.0],[1063089.148561914917082,473168.161399731121492,0.0],[1063089.091058037243783,473168.18814917083364,0.0],[1063089.031842969823629,473168.210794466198422,0.0],[1063088.971205201931298,473168.229225291579496,0.0],[1063088.909440155141056,473168.243351853685454,0.0],[1063088.846848742337897,473168.253105329640675,0.0],[1063088.783735902747139,473168.258438201271929,0.0]],[[1063088.725380540592596,473167.389114183664788,0.0],[1063088.570665657985955,473164.173591683094855,0.0]],[[1063088.725380540592596,473167.389114183664788,0.0],[1063088.880095423199236,473170.604636684060097,0.0]],[[1063075.75732757942751,473168.026970915496349,0.0],[1063091.881885435665026,473167.233855880505871,0.0]]]}},
{"type":"Feature","properties":{"fid":2151,"Layer":"HIDRANTES","PaperSpace":null,"SubClasses":"AcDbEntity:AcDbBlockReference","Linetype":null,"EntityHandle":"3450","Text":null},"geometry":{"type":"MultiLineString","coordinates":[[[1063523.195299413055182,472857.874583875294775,0.0],[1063522.943441292271018,472854.654199784155935,0.0]],[[1063516.799672752153128,472858.384353072324302,0.0],[1063516.547814631368965,472855.163968981127255,0.0]],[[1063517.878286446910352,472853.049822473316453,0.0],[1063521.458866006229073,472852.764429147006012,0.0]],[[1063519.792255640029907,472843.39312673691893,0.0],[1063519.795021801022813,472843.45684631401673,0.0],[1063519.793367582606152,472843.520606711797882,0.0],[1063519.787301045143977,472843.584097296115942,0.0],[1063519.77685174299404,472843.647008747328073,0.0],[1063519.762070584809408,472843.709034566883929,0.0],[1063519.743029582779855,472843.769872571399901,0.0],[1063519.71982150268741,472843.829226364265196,0.0],[1063519.692559411749244,472843.886806779773906,0.0],[1063519.661376128671691,472843.942333291750401,0.0],[1063519.626423574751243,472843.995535380847286,0.0],[1063519.58787203556858,472844.04615385166835,0.0],[1063519.545909330481663,472844.093942096165847,0.0],[1063519.500739897135645,472844.138667294813786,0.0],[1063519.452583797043189,472844.180111550900619,0.0],[1063519.401675641303882,472844.218072952295188,0.0],[1063519.348263449734077,472844.25236655480694,0.0],[1063519.292607441078871,472844.282825283473358,0.0],[1063519.234978765482083,472844.309300746361259,0.0],[1063519.175658184569329,472844.33166395756416,0.0],[1063519.114934702171013,472844.349805966077838,0.0],[1063519.053104156628251,472844.363638385606464,0.0],[1063518.990467780269682,472844.3730938261142,0.0],[1063518.927330731414258,472844.37812622153433,0.0],[1063518.864000607514754,472844.378711054683663,0.0],[1063518.800785946426913,472844.374845476238988,0.0],[1063518.737994723021984,472844.366548318997957,0.0],[1063518.675932850921527,472844.353860005619936,0.0],[1063518.614902688656002,472844.336842352582607,0.0],[1063518.555201568873599,472844.315578267967794,0.0],[1063518.497120350133628,472844.290171348489821,0.0],[1063518.440941997570917,472844.260745373961981,0.0],[1063518.386940206866711,472844.227443704672623,0.0],[1063518.33537806943059,472844.190428583242465,0.0],[1063518.286506790434942,472844.149880343349651,0.0],[1063518.240564466221258,472844.105996532191057,0.0],[1063518.197774922708049,472844.058990947261918,0.0],[1063518.158346626441926,472844.009092594846152,0.0],[1063518.122471668757498,472843.956544574932195,0.0],[1063518.090324827702716,472843.901602895988617,0.0],[1063518.062062720302492,472843.844535228505265,0.0],[1063518.037823036545888,472843.785619600268546,0.0],[1063518.017723869299516,472843.725143042625859,0.0],[1063518.001863140147179,472843.663400190824177,0.0],[1063517.990318120922893,472843.600691850180738,0.0],[1063517.983145057456568,472843.537323529191781,0.0],[1063517.983145057456568,472843.537323529191781,0.0],[1063517.980378896696493,472843.473603952152189,0.0],[1063517.982033114880323,472843.409843554312829,0.0],[1063517.988099652575329,472843.346352969936561,0.0],[1063517.998548954725266,472843.283441518899053,0.0],[1063518.013330112909898,472843.221415699284989,0.0],[1063518.032371114939451,472843.16057769471081,0.0],[1063518.055579195031896,472843.101223901845515,0.0],[1063518.082841285970062,472843.04364348645322,0.0],[1063518.114024569047615,472842.98811697436031,0.0],[1063518.148977122968063,472842.93491488537984,0.0],[1063518.187528661917895,472842.884296414558776,0.0],[1063518.229491367237642,472842.836508170003071,0.0],[1063518.27466080035083,472842.791782971355133,0.0],[1063518.322816900676116,472842.750338715210091,0.0],[1063518.373725056415424,472842.712377313815523,0.0],[1063518.427137247985229,472842.678083711245563,0.0],[1063518.482793256640434,472842.647624982811976,0.0],[1063518.540421932004392,472842.621149519865867,0.0],[1063518.599742512917146,472842.598786308546551,0.0],[1063518.660465995548293,472842.580644300149288,0.0],[1063518.722296541091055,472842.566811880620662,0.0],[1063518.784932917216793,472842.557356440112926,0.0],[1063518.848069966072217,472842.55232404457638,0.0],[1063518.911400090204552,472842.551739211485256,0.0],[1063518.974614751525223,472842.55560478992993,0.0],[1063519.037405974464491,472842.563901947287377,0.0],[1063519.099467846797779,472842.57659026060719,0.0],[1063519.160498009063303,472842.593607913586311,0.0],[1063519.220199128612876,472842.614871998142917,0.0],[1063519.278280347818509,472842.640278917737305,0.0],[1063519.334458700148389,472842.669704892206937,0.0],[1063519.388460490852594,472842.703006561438087,0.0],[1063519.440022628055885,472842.740021683042869,0.0],[1063519.488893907051533,472842.78056992276106,0.0],[1063519.534836231730878,472842.824453733861446,0.0],[1063519.577625775244087,472842.871459318848792,0.0],[1063519.617054071044549,472842.921357671264559,0.0],[1063519.652929029194638,472842.973905691294931,0.0],[1063519.68507587001659,472843.028847370180301,0.0],[1063519.713337977416813,472843.085915037721861,0.0],[1063519.737577661639079,472843.144830665842164,0.0],[1063519.75767682841979,472843.205307223659474,0.0],[1063519.773537557572126,472843.267050075402949,0.0],[1063519.785082577029243,472843.329758416104596,0.0],[1063519.792255640029907,472843.39312673691893,0.0]],[[1063518.931182170053944,472843.47843603650108,0.0],[1063515.744356226176023,472843.732444875466172,0.0]],[[1063518.931182170053944,472843.47843603650108,0.0],[1063522.118008113931865,472843.224427197652403,0.0]],[[1063519.950580817414448,472856.512977765349206,0.0],[1063518.683054187335074,472840.305747361271642,0.0]]]}},
{"type":"Feature","properties":{"fid":2263,"Layer":"HIDRANTES","PaperSpace":null,"SubClasses":"AcDbEntity:AcDbBlockReference","Linetype":null,"EntityHandle":"35D6","Text":null},"geometry":{"type":"MultiLineString","coordinates":[[[1063520.016228574095294,473224.373238081636373,0.0],[1063519.860980272991583,473221.146629255905282,0.0]],[[1063513.608314537676051,473224.688422721752431,0.0],[1063513.45306623657234,473221.46181389602134,0.0]],[[1063514.846262771636248,473219.389037592452951,0.0],[1063518.43372139474377,473219.21258206438506,0.0]],[[1063517.048681193031371,473209.794791122025345,0.0],[1063517.049536835867912,473209.858566485054325,0.0],[1063517.045972940744832,473209.922248318733182,0.0],[1063517.038006871007383,473209.985526371572632,0.0],[1063517.025677436497062,473210.048092359036673,0.0],[1063517.009044704725966,473210.109641466231551,0.0],[1063516.988189709372818,473210.169873832026497,0.0],[1063516.963214052608237,473210.228496010298841,0.0],[1063516.934239414520562,473210.285222399688791,0.0],[1063516.90140695637092,473210.339776635053568,0.0],[1063516.864876634208485,473210.391892933403142,0.0],[1063516.824826420284808,473210.441317389719188,0.0],[1063516.781451435294002,473210.487809212645516,0.0],[1063516.734962997958064,473210.531141898944043,0.0],[1063516.685587594751269,473210.571104336064309,0.0],[1063516.633565778378397,473210.607501830963884,0.0],[1063516.57915099314414,473210.640157058776822,0.0],[1063516.522608343046159,473210.668910926557146,0.0],[1063516.464213297935203,473210.693623348255642,0.0],[1063516.404250352177769,473210.714173927379306,0.0],[1063516.343011640245095,473210.730462543782778,0.0],[1063516.280795510159805,473210.742409840750042,0.0],[1063516.217905072495341,473210.749957612482831,0.0],[1063516.154646723996848,473210.753069086757023,0.0],[1063516.091328652342781,473210.75172910495894,0.0],[1063516.028259336715564,473210.74594419519417,0.0],[1063515.96574604511261,473210.735742541088257,0.0],[1063515.90409333538264,473210.72117384406738,0.0],[1063515.8436015737243,473210.70230908121448,0.0],[1063515.784565469948575,473210.679240159923211,0.0],[1063515.727272641612217,473210.652079469582532,0.0],[1063515.67200221400708,473210.620959334308282,0.0],[1063515.619023458799347,473210.586031368409749,0.0],[1063515.56859448319301,473210.547465737327002,0.0],[1063515.520960972411558,473210.505450328928418,0.0],[1063515.476354991784319,473210.46018983819522,0.0],[1063515.434993857285008,473210.411904769425746,0.0],[1063515.397079076385126,473210.360830362827983,0.0],[1063515.362795365741476,473210.307215447712224,0.0],[1063515.332309752469882,473210.251321230607573,0.0],[1063515.30577075923793,473210.193420022435021,0.0],[1063515.283307681092992,473210.133793912129477,0.0],[1063515.265029956353828,473210.072733392007649,0.0],[1063515.251026632264256,473210.010535942972638,0.0],[1063515.241365931462497,473209.947504584561102,0.0],[1063515.23609491973184,473209.883946399262641,0.0],[1063515.23609491973184,473209.883946399262641,0.0],[1063515.23523927712813,473209.82017103623366,0.0],[1063515.238803172018379,473209.756489202554803,0.0],[1063515.246769241755828,473209.693211149715353,0.0],[1063515.259098676498979,473209.630645162134897,0.0],[1063515.275731408037245,473209.569096054940019,0.0],[1063515.296586403856054,473209.508863689261489,0.0],[1063515.321562060154974,473209.450241510989144,0.0],[1063515.35053669847548,473209.393515121657401,0.0],[1063515.383369156625122,473209.338960886234418,0.0],[1063515.419899478787556,473209.286844587768428,0.0],[1063515.459949692478403,473209.237420131627005,0.0],[1063515.503324677469209,473209.190928308700677,0.0],[1063515.549813115037978,473209.147595622343943,0.0],[1063515.599188518011943,473209.107633185223676,0.0],[1063515.651210334617645,473209.071235690324102,0.0],[1063515.705625119851902,473209.038580462511163,0.0],[1063515.762167769949883,473209.009826594730839,0.0],[1063515.820562814828008,473208.985114173032343,0.0],[1063515.880525760585442,473208.964563593908679,0.0],[1063515.941764472518116,473208.948274977505207,0.0],[1063516.003980602836236,473208.936327680421527,0.0],[1063516.06687104026787,473208.928779908805154,0.0],[1063516.130129388766363,473208.92566843458917,0.0],[1063516.19344746065326,473208.927008416329045,0.0],[1063516.256516776047647,473208.932793326093815,0.0],[1063516.319030067650601,473208.942994980199728,0.0],[1063516.380682777380571,473208.957563677220605,0.0],[1063516.441174539271742,473208.976428440073505,0.0],[1063516.500210642814636,473208.999497361364774,0.0],[1063516.557503471383825,473209.026658051705454,0.0],[1063516.612773898988962,473209.057778186863288,0.0],[1063516.665752654196694,473209.092706152878236,0.0],[1063516.716181629570201,473209.131271783902775,0.0],[1063516.763815140351653,473209.173287192359567,0.0],[1063516.808421120978892,473209.218547683150973,0.0],[1063516.849782255478203,473209.266832751862239,0.0],[1063516.887697036610916,473209.317907158460002,0.0],[1063516.921980747021735,473209.371522073517554,0.0],[1063516.952466360293329,473209.427416290680412,0.0],[1063516.979005353758112,473209.485317498852964,0.0],[1063517.001468431670219,473209.544943609216716,0.0],[1063517.019746156409383,473209.606004129280336,0.0],[1063517.033749480498955,473209.668201578373555,0.0],[1063517.043410181533545,473209.731232936726883,0.0],[1063517.048681193031371,473209.794791122025345,0.0]],[[1063516.185453733429313,473209.853895181964617,0.0],[1063512.992505211383104,473210.010946029564366,0.0]],[[1063516.185453733429313,473209.853895181964617,0.0],[1063519.378402256174013,473209.696844334364869,0.0]],[[1063516.813823022181168,473222.913631595496554,0.0],[1063516.032504733419046,473206.675073963531759,0.0]]]}},
{"type":"Feature","properties":{"fid":2189,"Layer":"HIDRANTES","PaperSpace":null,"SubClasses":"AcDbEntity:AcDbBlockReference","Linetype":null,"EntityHandle":"34D3","Text":null},"geometry":{"type":"MultiLineString","coordinates":[[[1062706.398288760799915,472893.71883176342817,0.0],[1062703.203971931245178,472894.015034393232781,0.0]],[[1062706.984062096569687,472900.15252552536549,0.0],[1062703.789745267014951,472900.448728155170102,0.0]],[[1062701.67408676026389,472899.136888458044268,0.0],[1062701.346142659895122,472895.534997103910428,0.0]],[[1062692.062321715522557,472897.337191243772395,0.0],[1062692.125553124118596,472897.333563201420475,0.0],[1062692.188880102476105,472897.334385967056733,0.0],[1062692.251994127640501,472897.3396555322106,0.0],[1062692.31458771484904,472897.349346224335022,0.0],[1062692.376355913933367,472897.363410830963403,0.0],[1062692.436997796874493,472897.381780831085052,0.0],[1062692.496217922540382,472897.404366727918386,0.0],[1062692.553727775812149,472897.4310584848281,0.0],[1062692.609247175278142,472897.461726062756497,0.0],[1062692.662505635526031,472897.496220052067656,0.0],[1062692.713243686594069,472897.534372401598375,0.0],[1062692.761214138008654,472897.575997236883268,0.0],[1062692.80618328275159,472897.620891765865963,0.0],[1062692.847932035336271,472897.668837267032359,0.0],[1062692.886257000267506,472897.719600154727232,0.0],[1062692.920971461804584,472897.77293311728863,0.0],[1062692.951906295027584,472897.828576321655419,0.0],[1062692.978910787962377,472897.886258679965977,0.0],[1062693.001853378256783,472897.945699169416912,0.0],[1062693.020622291602194,472898.006608202063944,0.0],[1062693.035126087488607,472898.068689035077114,0.0],[1062693.045294104609638,472898.131639217026532,0.0],[1062693.051076806150377,472898.19515206082724,0.0],[1062693.052446019137278,472898.258918138220906,0.0],[1062693.049395072506741,472898.322626787528861,0.0],[1062693.041938830399886,472898.38596762646921,0.0],[1062693.030113619286567,472898.448632064915728,0.0],[1062693.013977049617097,472898.510314807877876,0.0],[1062692.993607737589628,472898.570715343346819,0.0],[1062692.969104920746759,472898.629539406043477,0.0],[1062692.940587973920628,472898.686500410840381,0.0],[1062692.90819582901895,472898.741320849629119,0.0],[1062692.872086296789348,472898.793733642611187,0.0],[1062692.832435300108045,472898.843483440228738,0.0],[1062692.789436013670638,472898.890327865956351,0.0],[1062692.743297926848754,472898.934038699022494,0.0],[1062692.694245818769559,472898.974402984138578,0.0],[1062692.642518666572869,472899.011224070913158,0.0],[1062692.588368480326608,472899.044322570553049,0.0],[1062692.532059073448181,472899.073537230549846,0.0],[1062692.473864780273288,472899.098725720017683,0.0],[1062692.414069117512554,472899.119765323004685,0.0],[1062692.352963403332978,472899.136553537042346,0.0],[1062692.290845338953659,472899.149008571344893,0.0],[1062692.228017557179555,472899.157069746346679,0.0],[1062692.228017557179555,472899.157069746346679,0.0],[1062692.164786148350686,472899.160697788698599,0.0],[1062692.101459170226008,472899.159875023062341,0.0],[1062692.038345144828781,472899.154605457792059,0.0],[1062691.975751558085904,472899.144914765784051,0.0],[1062691.913983358768746,472899.130850159039255,0.0],[1062691.853341475827619,472899.112480158917606,0.0],[1062691.794121350394562,472899.089894262200687,0.0],[1062691.736611496889964,472899.063202505232766,0.0],[1062691.681092097423971,472899.032534927362576,0.0],[1062691.627833637408912,472898.998040938051417,0.0],[1062691.577095586108044,472898.959888588520698,0.0],[1062691.529125134693459,472898.918263753235806,0.0],[1062691.484155990183353,472898.873369224194903,0.0],[1062691.442407237133011,472898.825423722970299,0.0],[1062691.404082272434607,472898.774660835275427,0.0],[1062691.369367810897529,472898.721327872830443,0.0],[1062691.338432977674529,472898.665684668463655,0.0],[1062691.311428484274074,472898.608002310153097,0.0],[1062691.288485894212499,472898.548561820702162,0.0],[1062691.269716981099918,472898.487652788055129,0.0],[1062691.255213185446337,472898.42557195504196,0.0],[1062691.245045167859644,472898.362621773092542,0.0],[1062691.239262466318905,472898.299108929291833,0.0],[1062691.237893253564835,472898.235342851781752,0.0],[1062691.240944200428203,472898.171634202590212,0.0],[1062691.248400442302227,472898.108293363533448,0.0],[1062691.260225653415546,472898.045628925203346,0.0],[1062691.276362222852185,472897.983946182124782,0.0],[1062691.296731534646824,472897.923545646772254,0.0],[1062691.321234351955354,472897.864721584075596,0.0],[1062691.349751298548654,472897.807760579220485,0.0],[1062691.382143443683162,472897.752940140489955,0.0],[1062691.418252975679934,472897.700527347391471,0.0],[1062691.457903972826898,472897.650777549890336,0.0],[1062691.500903258798644,472897.603933124046307,0.0],[1062691.547041345853359,472897.560222291096579,0.0],[1062691.596093454165384,472897.519858005980495,0.0],[1062691.647820606129244,472897.483036919205915,0.0],[1062691.701970792375505,472897.449938419566024,0.0],[1062691.758280199021101,472897.420723759569228,0.0],[1062691.816474492195994,472897.395535270101391,0.0],[1062691.876270155189559,472897.374495666939765,0.0],[1062691.937375869369134,472897.357707453076728,0.0],[1062691.999493933748454,472897.34525241877418,0.0],[1062692.062321715522557,472897.337191243772395,0.0]],[[1062692.15774506307207,472898.203169368498493,0.0],[1062692.449625399662182,472901.408963465306442,0.0]],[[1062692.15774506307207,472898.203169368498493,0.0],[1062691.865864726016298,472894.997375271690544,0.0]],[[1062705.086779250530526,472897.004285810398869,0.0],[1062689.010737580480054,472898.494985096796881,0.0]]]}},
{"type":"Feature","properties":{"fid":2184,"Layer":"HIDRANTES","PaperSpace":null,"SubClasses":"AcDbEntity:AcDbBlockReference","Linetype":null,"EntityHandle":"34C3","Text":null},"geometry":{"type":"MultiLineString","coordinates":[[[1062631.385833764448762,473003.158092175435741,0.0],[1062631.230585463345051,472999.931483349704649,0.0]],[[1062624.977919728029519,473003.473276815551799,0.0],[1062624.822671426925808,473000.246667989820708,0.0]],[[1062626.215867961989716,472998.173891686310526,0.0],[1062629.803326585097238,472997.997436158242635,0.0]],[[1062628.418286383384839,472988.57964521588292,0.0],[1062628.41914202622138,472988.643420578853693,0.0],[1062628.4155781310983,472988.707102412590757,0.0],[1062628.407612061360851,472988.770380465313792,0.0],[1062628.395282626850531,472988.83294645283604,0.0],[1062628.378649895079434,472988.894495560030919,0.0],[1062628.357794899493456,472988.954727925884072,0.0],[1062628.332819242961705,472989.013350104040001,0.0],[1062628.30384460487403,472989.070076493488159,0.0],[1062628.271012146724388,472989.124630728852935,0.0],[1062628.234481824561954,472989.176747027202509,0.0],[1062628.194431610638276,472989.226171483518556,0.0],[1062628.15105662564747,472989.272663306386676,0.0],[1062628.104568188311532,472989.315995992801618,0.0],[1062628.055192785104737,472989.355958429921884,0.0],[1062628.003170968731865,472989.392355924763251,0.0],[1062627.948756183497608,472989.425011152576189,0.0],[1062627.892213533399627,472989.453765020356514,0.0],[1062627.833818488288671,472989.478477442055009,0.0],[1062627.773855542531237,472989.499028021178674,0.0],[1062627.712616830598563,472989.515316637640353,0.0],[1062627.650400700513273,472989.52726393454941,0.0],[1062627.58751026308164,472989.534811706340406,0.0],[1062627.524251914350316,472989.53792318055639,0.0],[1062627.460933842696249,472989.536583198758308,0.0],[1062627.397864527069032,472989.530798289051745,0.0],[1062627.335351235466078,472989.520596634945832,0.0],[1062627.273698525736108,472989.506027937866747,0.0],[1062627.213206764077768,472989.487163175013848,0.0],[1062627.154170660302043,472989.464094253780786,0.0],[1062627.096877831965685,472989.436933563440107,0.0],[1062627.041607404127717,472989.405813428165857,0.0],[1062626.988628649152815,472989.370885462267324,0.0],[1062626.938199673546478,472989.33231983112637,0.0],[1062626.890566162765026,472989.290304422785994,0.0],[1062626.845960182137787,472989.245043931994587,0.0],[1062626.804599047638476,472989.196758863225114,0.0],[1062626.766684266738594,472989.145684456685558,0.0],[1062626.732400556094944,472989.092069541453384,0.0],[1062626.70191494282335,472989.036175324465148,0.0],[1062626.675375949591398,472988.978274116292596,0.0],[1062626.65291287144646,472988.918648005928844,0.0],[1062626.634635146940127,472988.857587485865224,0.0],[1062626.620631822850555,472988.795390036772005,0.0],[1062626.610971121815965,472988.73235867836047,0.0],[1062626.605700110085309,472988.668800493120216,0.0],[1062626.605700110085309,472988.668800493120216,0.0],[1062626.604844467481598,472988.605025130033027,0.0],[1062626.608408362371847,472988.541343296412379,0.0],[1062626.616374432109296,472988.478065243572928,0.0],[1062626.628703866852447,472988.415499255934265,0.0],[1062626.645336598390713,472988.353950148739386,0.0],[1062626.666191593976691,472988.293717783060856,0.0],[1062626.691167250508443,472988.235095604730304,0.0],[1062626.720141888828948,472988.178369215398561,0.0],[1062626.75297434697859,472988.123814980033785,0.0],[1062626.789504669141024,472988.071698681626003,0.0],[1062626.829554882831872,472988.022274225426372,0.0],[1062626.872929867822677,472987.975782402500045,0.0],[1062626.919418305158615,472987.932449716201518,0.0],[1062626.968793708365411,472987.892487279023044,0.0],[1062627.020815524971113,472987.856089784181677,0.0],[1062627.07523031020537,472987.823434556368738,0.0],[1062627.131772960303351,472987.794680688588414,0.0],[1062627.190168005181476,472987.769968266889919,0.0],[1062627.25013095093891,472987.749417687766254,0.0],[1062627.311369662871584,472987.733129071246367,0.0],[1062627.373585793189704,472987.721181774220895,0.0],[1062627.436476230621338,472987.713634002662729,0.0],[1062627.499734579352662,472987.710522528388537,0.0],[1062627.563052651006728,472987.71186251018662,0.0],[1062627.626121966401115,472987.717647419893183,0.0],[1062627.688635258004069,472987.727849073999096,0.0],[1062627.750287967734039,472987.742417771078181,0.0],[1062627.81077972962521,472987.76128253393108,0.0],[1062627.869815833168104,472987.78435145522235,0.0],[1062627.927108661737293,472987.811512145504821,0.0],[1062627.9823790891096,472987.842632280720863,0.0],[1062628.035357844550163,472987.877560246677604,0.0],[1062628.085786819923669,472987.916125877702143,0.0],[1062628.133420330937952,472987.958141286217142,0.0],[1062628.178026311565191,472988.003401776950341,0.0],[1062628.219387445831671,472988.051686845719814,0.0],[1062628.257302226964384,472988.102761252317578,0.0],[1062628.291585937375203,472988.156376167316921,0.0],[1062628.322071550646797,472988.212270384537987,0.0],[1062628.34861054411158,472988.270171592652332,0.0],[1062628.371073622023687,472988.329797702957876,0.0],[1062628.389351346762851,472988.390858223079704,0.0],[1062628.403354670852423,472988.453055672172923,0.0],[1062628.413015371887013,472988.516087030526251,0.0],[1062628.418286383384839,472988.57964521588292,0.0]],[[1062627.555058923782781,472988.638749275822192,0.0],[1062624.362110401736572,472988.795800123421941,0.0]],[[1062627.555058923782781,472988.638749275822192,0.0],[1062630.748007446527481,472988.481698428222444,0.0]],[[1062628.183428212534636,473001.698485689237714,0.0],[1062627.402109923772514,472985.459928057331126,0.0]]]}},
{"type":"Feature","properties":{"fid":2210,"Layer":"HIDRANTES","PaperSpace":null,"SubClasses":"AcDbEntity:AcDbBlockReference","Linetype":null,"EntityHandle":"351B","Text":null},"geometry":{"type":"MultiLineString","coordinates":[[[1062796.9800291180145,472961.122027465724386,0.0],[1062793.781207558466122,472961.363672767474782,0.0]],[[1062797.45745236845687,472967.564836605160963,0.0],[1062794.258630808675662,472967.806481906969566,0.0]],[[1062792.165364749031141,472966.458714534761384,0.0],[1062791.898080240236595,472962.851719953701831,0.0]],[[1062782.585326944012195,472964.495222061232198,0.0],[1062782.648609909461811,472964.492673673201352,0.0],[1062782.711913534905761,472964.494577114062849,0.0],[1062782.774929411709309,472964.500923110637814,0.0],[1062782.837350532412529,472964.511680745752528,0.0],[1062782.898872787831351,472964.526797609345522,0.0],[1062782.959196447394788,472964.546200053533539,0.0],[1062783.018027620622888,472964.569793551636394,0.0],[1062783.075079687871039,472964.597463158308528,0.0],[1062783.130074696848169,472964.629074070253409,0.0],[1062783.182744717923924,472964.664472282107454,0.0],[1062783.232833147980273,472964.703485337435268,0.0],[1062783.28009596071206,472964.74592316854978,0.0],[1062783.324302897322923,472964.791579022596125,0.0],[1062783.365238585276529,472964.840230468835216,0.0],[1062783.402703590458259,472964.891640482179355,0.0],[1062783.436515386682004,472964.945558598439675,0.0],[1062783.46650924673304,472965.001722133834846,0.0],[1062783.492539043305442,472965.059857465384994,0.0],[1062783.514477961696684,472965.119681363517884,0.0],[1062783.53221911820583,472965.180902372056153,0.0],[1062783.545676079578698,472965.243222228600644,0.0],[1062783.554783284198493,472965.306337317102589,0.0],[1062783.5594963633921,472965.369940147094894,0.0],[1062783.559792355401441,472965.433720851899125,0.0],[1062783.55566981784068,472965.497368698532227,0.0],[1062783.547148835845292,472965.560573601163924,0.0],[1062783.534270921954885,472965.623027631489094,0.0],[1062783.517098817043006,472965.684426519961562,0.0],[1062783.495716181118041,472965.744471137353685,0.0],[1062783.470227188896388,472965.8028689523926,0.0],[1062783.440756019670516,472965.859335456625558,0.0],[1062783.407446253811941,472965.913595551159233,0.0],[1062783.370460173813626,472965.965384886134416,0.0],[1062783.329977971501648,472966.014451148977969,0.0],[1062783.286196872824803,472966.060555294097867,0.0],[1062783.239330174401402,472966.103472706512548,0.0],[1062783.189606206025928,472966.142994296911638,0.0],[1062783.137267218204215,472966.178927520057186,0.0],[1062783.082568200770766,472966.211097313091159,0.0],[1062783.02577564259991,472966.239346947870217,0.0],[1062782.967166230082512,472966.263538794941269,0.0],[1062782.907025503925979,472966.283554994210135,0.0],[1062782.845646462403238,472966.299298028636258,0.0],[1062782.783328138524666,472966.310691199905705,0.0],[1062782.720374140888453,472966.317679001425859,0.0],[1062782.720374140888453,472966.317679001425859,0.0],[1062782.657091175438836,472966.320227389514912,0.0],[1062782.593787549762055,472966.318323948653415,0.0],[1062782.530771673191339,472966.31197795207845,0.0],[1062782.468350552488118,472966.301220316963736,0.0],[1062782.406828297069296,472966.286103453312535,0.0],[1062782.346504637505859,472966.266701009124517,0.0],[1062782.287673464277759,472966.243107511196285,0.0],[1062782.230621397029608,472966.215437904407736,0.0],[1062782.175626388052478,472966.183826992462855,0.0],[1062782.122956366743892,472966.14842878060881,0.0],[1062782.072867936920375,472966.109415725280996,0.0],[1062782.025605123955756,472966.066977894166484,0.0],[1062781.981398187577724,472966.021322040178347,0.0],[1062781.940462499624118,472965.972670593939256,0.0],[1062781.902997494442388,472965.921260580536909,0.0],[1062781.869185698451474,472965.867342464276589,0.0],[1062781.839191838167608,472965.811178928881418,0.0],[1062781.813162041595206,472965.753043597331271,0.0],[1062781.791223123203963,472965.693219699256588,0.0],[1062781.773481966461986,472965.631998690718319,0.0],[1062781.76002500532195,472965.569678834115621,0.0],[1062781.750917800702155,472965.506563745613676,0.0],[1062781.746204721508548,472965.44296091562137,0.0],[1062781.745908729499206,472965.379180210758932,0.0],[1062781.750031266827136,472965.315532364125829,0.0],[1062781.758552249055356,472965.252327461726964,0.0],[1062781.771430162945762,472965.189873431343585,0.0],[1062781.78860226762481,472965.128474542754702,0.0],[1062781.809984903549775,472965.068429925304372,0.0],[1062781.83547389600426,472965.010032110323664,0.0],[1062781.864945065230131,472964.953565606032498,0.0],[1062781.898254830855876,472964.899305511498824,0.0],[1062781.935240911087021,472964.847516176523641,0.0],[1062781.975723113166168,472964.798449913680088,0.0],[1062782.019504212075844,472964.752345768618397,0.0],[1062782.066370910499245,472964.709428356261924,0.0],[1062782.116094878641888,472964.669906765804626,0.0],[1062782.168433866696432,472964.63397354260087,0.0],[1062782.223132884129882,472964.601803749625105,0.0],[1062782.279925442300737,472964.573554114846047,0.0],[1062782.338534854352474,472964.549362267716788,0.0],[1062782.398675580974668,472964.529346068447921,0.0],[1062782.46005462249741,472964.513603034021799,0.0],[1062782.522372946375981,472964.50220986281056,0.0],[1062782.585326944012195,472964.495222061232198,0.0]],[[1062782.666163831250742,472965.362710052868351,0.0],[1062782.904055265476927,472968.573046178673394,0.0]],[[1062782.666163831250742,472965.362710052868351,0.0],[1062782.428272396791726,472962.152373927121516,0.0]],[[1062795.61343096406199,472964.384647908620536,0.0],[1062779.514718336286023,472965.600776473118458,0.0]]]}},
{"type":"Feature","properties":{"fid":3436,"Layer":"HIDRANTES","PaperSpace":null,"SubClasses":"AcDbEntity:AcDbBlockReference","Linetype":null,"EntityHandle":"459D","Text":null},"geometry":{"type":"MultiLineString","coordinates":[[[1063340.718956450233236,473137.227964190009516,0.0],[1063340.552892566425726,473134.001905778539367,0.0]],[[1063334.312127157812938,473137.564932912413497,0.0],[1063334.146063274005428,473134.338874501001555,0.0]],[[1063335.5323053044267,473132.261375972593669,0.0],[1063339.119156635832042,473132.072724667028524,0.0]],[[1063337.702552126022056,473122.659708648745436,0.0],[1063337.703621553489938,473122.723480656219181,0.0],[1063337.700271148933098,473122.787174161057919,0.0],[1063337.692517235642299,473122.850478854728863,0.0],[1063337.680397589458153,473122.913086323300377,0.0],[1063337.663971256231889,473122.974691549374256,0.0],[1063337.643318263813853,473123.034994398418348,0.0],[1063337.618539230898023,473123.093701081175823,0.0],[1063337.589754879008979,473123.150525584467687,0.0],[1063337.557105442276224,473123.205191065149847,0.0],[1063337.52074998547323,473123.257431198260747,0.0],[1063337.48086562869139,473123.306991475459654,0.0],[1063337.437646684935316,473123.353630443802103,0.0],[1063337.391303712036461,473123.397120882931631,0.0],[1063337.342062488663942,473123.437250911956653,0.0],[1063337.29016291256994,473123.473825021181256,0.0],[1063337.235857834108174,473123.506665025488473,0.0],[1063337.179411821300164,473123.535610931459814,0.0],[1063337.121099874377251,473123.560521717648953,0.0],[1063337.06120608234778,473123.581276021257509,0.0],[1063337.000022242311388,473123.597772729350254,0.0],[1063336.937846435466781,473123.609931471582968,0.0],[1063336.874981576343998,473123.617693011765368,0.0],[1063336.811733936192468,473123.621019536571112,0.0],[1063336.748411651002243,473123.619894839415792,0.0],[1063336.685323220910504,473123.614324399852194,0.0],[1063336.62277600588277,473123.604335356270894,0.0],[1063336.561074730008841,473123.589976374409162,0.0],[1063336.500519995810464,473123.571317409805488,0.0],[1063336.441406819736585,473123.548449366993736,0.0],[1063336.384023195132613,473123.521483656892087,0.0],[1063336.328648688970134,473123.490551653667353,0.0],[1063336.275553081184626,473123.455804054799955,0.0],[1063336.22499504731968,473123.417410147318151,0.0],[1063336.177220901707187,473123.375556982296985,0.0],[1063336.132463394431397,473123.330448464432266,0.0],[1063336.090940580470487,473123.282304357446264,0.0],[1063336.052854754263535,473123.231359214929398,0.0],[1063336.018391465768218,473123.17786123638507,0.0],[1063335.987718617543578,473123.122071058722213,0.0],[1063335.960985644022003,473123.064260485814884,0.0],[1063335.938322785543278,473123.004711165092885,0.0],[1063335.919840453658253,473122.943713215005118,0.0],[1063335.905628692358732,473122.881563811155502,0.0],[1063335.895756739657372,473122.818565739493351,0.0],[1063335.890272690914571,473122.755025920050684,0.0],[1063335.890272690914571,473122.755025920050684,0.0],[1063335.88920326391235,473122.691253912460525,0.0],[1063335.89255366823636,473122.627560407738201,0.0],[1063335.900307581759989,473122.564255713950843,0.0],[1063335.912427227711305,473122.501648245437536,0.0],[1063335.928853560937569,473122.440043019421864,0.0],[1063335.949506553588435,473122.379740170261357,0.0],[1063335.974285586504266,473122.32103348756209,0.0],[1063336.00306993839331,473122.264208984153811,0.0],[1063336.035719375126064,473122.209543503646273,0.0],[1063336.072074831929058,473122.157303370360751,0.0],[1063336.111959188478068,473122.107743093220051,0.0],[1063336.155178132466972,473122.061104124877602,0.0],[1063336.201521105132997,473122.017613685748074,0.0],[1063336.250762328738347,473121.97748365678126,0.0],[1063336.302661904366687,473121.940909547440242,0.0],[1063336.356966983061284,473121.908069543191232,0.0],[1063336.413412995869294,473121.879123637219891,0.0],[1063336.471724943025038,473121.854212850972544,0.0],[1063336.531618735054508,473121.833458547363989,0.0],[1063336.5928025750909,473121.816961839271244,0.0],[1063336.654978381702676,473121.80480309703853,0.0],[1063336.717843240825459,473121.797041556914337,0.0],[1063336.781090881209821,473121.793715032050386,0.0],[1063336.844413166167215,473121.794839729205705,0.0],[1063336.907501596258953,473121.800410168827511,0.0],[1063336.970048811286688,473121.810399212408811,0.0],[1063337.031750087160617,473121.824758194270544,0.0],[1063337.092304821358994,473121.843417158874217,0.0],[1063337.151417997665703,473121.866285201627761,0.0],[1063337.208801622269675,473121.893250911787618,0.0],[1063337.264176128199324,473121.924182915012352,0.0],[1063337.317271735984832,473121.95893051387975,0.0],[1063337.367829769849777,473121.997324421361554,0.0],[1063337.415603915695101,473122.039177586382721,0.0],[1063337.46036142273806,473122.084286104305647,0.0],[1063337.501884236931801,473122.132430211233441,0.0],[1063337.539970063138753,473122.183375353692099,0.0],[1063337.57443335140124,473122.236873332236428,0.0],[1063337.60510619985871,473122.292663509957492,0.0],[1063337.631839173380286,473122.350474082864821,0.0],[1063337.654502031393349,473122.41002340358682,0.0],[1063337.672984363511205,473122.471021353791002,0.0],[1063337.687196124810725,473122.533170757465996,0.0],[1063337.697068077512085,473122.596168829186354,0.0],[1063337.702552126022056,473122.659708648745436,0.0]],[[1063336.839526592055336,473122.721747184870765,0.0],[1063333.647118577966467,473122.889652649697382,0.0]],[[1063336.839526592055336,473122.721747184870765,0.0],[1063340.031934606144205,473122.553841720102355,0.0]],[[1063337.511672076303512,473135.779255789879244,0.0],[1063336.675922193098813,473119.543468228890561,0.0]]]}},
{"type":"Feature","properties":{"fid":3428,"Layer":"HIDRANTES","PaperSpace":null,"SubClasses":"AcDbEntity:AcDbBlockReference","Linetype":null,"EntityHandle":"4582","Text":null},"geometry":{"type":"MultiLineString","coordinates":[[[1063334.473597454139963,473234.60157822468318,0.0],[1063334.178526636911556,473231.384934633912053,0.0]],[[1063328.085365829523653,473235.198382592934649,0.0],[1063327.790295012062415,473231.981739002105314,0.0]],[[1063329.092269240645692,473229.84968072240008,0.0],[1063332.668708702316508,473229.5155609191861,0.0]],[[1063330.876430074684322,473220.167856896354351,0.0],[1063330.880051447078586,473220.231532652396709,0.0],[1063330.879253369988874,473220.295309414272197,0.0],[1063330.874039730755612,473220.358876467915252,0.0],[1063330.864435930270702,473220.421924121095799,0.0],[1063330.850488757248968,473220.48414521192899,0.0],[1063330.832266160752624,473220.545236605568789,0.0],[1063330.809856919804588,473220.604900670819916,0.0],[1063330.78337020915933,473220.662846730439924,0.0],[1063330.752935070311651,473220.718792476982344,0.0],[1063330.718699779594317,473220.772465348418336,0.0],[1063330.680831127800047,473220.823603856028058,0.0],[1063330.639513607835397,473220.871958857867867,0.0],[1063330.594948514131829,473220.917294773506001,0.0],[1063330.547352963360026,473220.959390730771702,0.0],[1063330.496958836214617,473220.99804164248053,0.0],[1063330.444011648185551,473221.033059205161408,0.0],[1063330.388769352110103,473221.064272816933226,0.0],[1063330.331501083448529,473221.091530408011749,0.0],[1063330.272485846886411,473221.114699182217009,0.0],[1063330.212011159164831,473221.133666263776831,0.0],[1063330.150371646275744,473221.148339246748947,0.0],[1063330.087867610622197,473221.158646646072157,0.0],[1063330.024803564883769,473221.164538244891446,0.0],[1063329.961486750980839,473221.165985340019688,0.0],[1063329.898225642507896,473221.1629808814032,0.0],[1063329.835328440181911,473221.15553950634785,0.0],[1063329.773101573577151,473221.143697468622122,0.0],[1063329.711848205653951,473221.127512461389415,0.0],[1063329.651866756845266,473221.107063336414285,0.0],[1063329.593449450563639,473221.08244971971726,0.0],[1063329.536880889907479,473221.053791526355781,0.0],[1063329.482436671154574,473221.021228376193903,0.0],[1063329.4303820412606,473220.984918913745787,0.0],[1063329.380970605183393,473220.945040034828708,0.0],[1063329.334443090250716,473220.901786025555339,0.0],[1063329.291026174090803,473220.855367614829447,0.0],[1063329.250931379618123,473220.806010948785115,0.0],[1063329.214354044292122,473220.753956487984397,0.0],[1063329.181472369469702,473220.699457836628426,0.0],[1063329.152446551714092,473220.64278050645953,0.0],[1063329.127418000949547,473220.584200623969082,0.0],[1063329.106508654542267,473220.524003584345337,0.0],[1063329.089820380322635,473220.462482661532704,0.0],[1063329.077434481820092,473220.399937579233665,0.0],[1063329.069411302451044,473220.33667305088602,0.0],[1063329.069411302451044,473220.33667305088602,0.0],[1063329.065789930056781,473220.272997294843663,0.0],[1063329.066588007379323,473220.209220532968175,0.0],[1063329.071801646379754,473220.145653479266912,0.0],[1063329.081405446864665,473220.082605826260988,0.0],[1063329.095352620119229,473220.020384735311382,0.0],[1063329.113575216615573,473219.959293341787998,0.0],[1063329.13598445779644,473219.899629276420455,0.0],[1063329.162471168208867,473219.841683216800448,0.0],[1063329.192906307289377,473219.785737470258027,0.0],[1063329.22714159800671,473219.732064598763827,0.0],[1063329.265010249568149,473219.680926091212314,0.0],[1063329.306327769299969,473219.632571089314297,0.0],[1063329.350892863236368,473219.587235173676163,0.0],[1063329.39848841400817,473219.545139216410462,0.0],[1063329.44888254115358,473219.506488304701634,0.0],[1063329.501829729182646,473219.471470742020756,0.0],[1063329.557072025025263,473219.440257130423561,0.0],[1063329.614340293919668,473219.412999539228622,0.0],[1063329.673355530481786,473219.389830765023362,0.0],[1063329.733830218436196,473219.370863683405332,0.0],[1063329.795469730859622,473219.356190700491425,0.0],[1063329.857973766745999,473219.34588330128463,0.0],[1063329.921037812717259,473219.339991702407133,0.0],[1063329.984354626387358,473219.338544607220683,0.0],[1063330.047615735093132,473219.341549065953586,0.0],[1063330.110512937419116,473219.348990440892521,0.0],[1063330.172739803791046,473219.360832478501834,0.0],[1063330.233993171481416,473219.377017485792749,0.0],[1063330.293974620522931,473219.397466610709671,0.0],[1063330.352391926804557,473219.422080227523111,0.0],[1063330.408960487693548,473219.450738420826383,0.0],[1063330.463404706213623,473219.48330157098826,0.0],[1063330.515459336107597,473219.519611033436377,0.0],[1063330.564870772184804,473219.559489912411664,0.0],[1063330.611398286884651,473219.602743921801448,0.0],[1063330.654815203044564,473219.649162332352716,0.0],[1063330.694909997750074,473219.698518998455256,0.0],[1063330.731487333076075,473219.750573459197767,0.0],[1063330.764369007898495,473219.805072110611945,0.0],[1063330.793394825886935,473219.861749440664425,0.0],[1063330.81842337641865,473219.920329323213082,0.0],[1063330.83933272305876,473219.980526362895034,0.0],[1063330.856020997045562,473220.042047285765875,0.0],[1063330.868406895315275,473220.104592368006706,0.0],[1063330.876430074684322,473220.167856896354351,0.0]],[[1063330.016576121328399,473220.264882541552652,0.0],[1063326.833434991538525,473220.562259443744551,0.0]],[[1063330.016576121328399,473220.264882541552652,0.0],[1063333.199717251351103,473219.967505639302544,0.0]],[[1063331.210878656012937,473233.284284551686142,0.0],[1063329.72587544284761,473217.095878968131728,0.0]]]}},
{"type":"Feature","properties":{"fid":2260,"Layer":"HIDRANTES","PaperSpace":null,"SubClasses":"AcDbEntity:AcDbBlockReference","Linetype":null,"EntityHandle":"35C6","Text":null},"geometry":{"type":"MultiLineString","coordinates":[[[1063157.551577402977273,473242.28999495645985,0.0],[1063157.706825704080984,473245.516603782190941,0.0]],[[1063163.959491439396515,473241.974810316343792,0.0],[1063164.114739740500227,473245.201419142074883,0.0]],[[1063162.721543205436319,473247.274195445643272,0.0],[1063159.134084582328796,473247.450650973711163,0.0]],[[1063160.519124784041196,473256.868441916070879,0.0],[1063160.518269141204655,473256.804666553041898,0.0],[1063160.521833036327735,473256.740984719363041,0.0],[1063160.529799106065184,473256.677706666523591,0.0],[1063160.542128540575504,473256.61514067905955,0.0],[1063160.558761272346601,473256.553591571864672,0.0],[1063160.579616267699748,473256.493359206069726,0.0],[1063160.60459192446433,473256.434737027797382,0.0],[1063160.633566562552005,473256.378010638407432,0.0],[1063160.666399020701647,473256.323456403042655,0.0],[1063160.702929342864081,473256.271340104693081,0.0],[1063160.742979556787759,473256.221915648377035,0.0],[1063160.786354541778564,473256.175423825450707,0.0],[1063160.832842978881672,473256.13209113915218,0.0],[1063160.882218382321298,473256.092128702031914,0.0],[1063160.93424019869417,473256.055731207132339,0.0],[1063160.988654983928427,473256.023075979319401,0.0],[1063161.045197634026408,473255.994322111539077,0.0],[1063161.103592679137364,473255.969609689840581,0.0],[1063161.163555624894798,473255.949059110716917,0.0],[1063161.224794336827472,473255.932770494313445,0.0],[1063161.287010466912761,473255.920823197346181,0.0],[1063161.349900904344395,473255.913275425613392,0.0],[1063161.413159253075719,473255.9101639513392,0.0],[1063161.476477324729785,473255.911503933137283,0.0],[1063161.539546640357003,473255.917288842902053,0.0],[1063161.602059931959957,473255.927490497007966,0.0],[1063161.663712641689926,473255.942059194028843,0.0],[1063161.724204403348267,473255.960923956881743,0.0],[1063161.783240507123992,473255.983992878173012,0.0],[1063161.840533335227519,473256.011153568513691,0.0],[1063161.895803763065487,473256.042273703787941,0.0],[1063161.948782518273219,473256.077201669686474,0.0],[1063161.999211493879557,473256.115767300769221,0.0],[1063162.046845004661009,473256.157782709167805,0.0],[1063162.091450985055417,473256.203043199901003,0.0],[1063162.132812119787559,473256.251328268670477,0.0],[1063162.170726900687441,473256.30240267526824,0.0],[1063162.20501061133109,473256.356017590383999,0.0],[1063162.235496224602684,473256.41191180748865,0.0],[1063162.262035217834637,473256.469813015661202,0.0],[1063162.284498295979574,473256.529439125966746,0.0],[1063162.302776020718738,473256.590499646088574,0.0],[1063162.31677934457548,473256.652697095123585,0.0],[1063162.32644004561007,473256.715728453535121,0.0],[1063162.331711057340726,473256.779286638833582,0.0],[1063162.331711057340726,473256.779286638833582,0.0],[1063162.332566699944437,473256.843062001862563,0.0],[1063162.329002805054188,473256.90674383554142,0.0],[1063162.321036735316738,473256.97002188838087,0.0],[1063162.308707300573587,473257.032587875903118,0.0],[1063162.292074569035321,473257.094136983156204,0.0],[1063162.271219573216513,473257.154369348834734,0.0],[1063162.246243916917592,473257.212991527107079,0.0],[1063162.217269278597087,473257.269717916438822,0.0],[1063162.184436820447445,473257.324272151861805,0.0],[1063162.14790649828501,473257.376388450327795,0.0],[1063162.107856284594163,473257.425812906469218,0.0],[1063162.064481299603358,473257.472304729395546,0.0],[1063162.017992862034589,473257.515637415752281,0.0],[1063161.968617459060624,473257.555599852872547,0.0],[1063161.916595642454922,473257.591997347772121,0.0],[1063161.862180857220665,473257.62465257558506,0.0],[1063161.805638207122684,473257.653406443365384,0.0],[1063161.747243162244558,473257.67811886506388,0.0],[1063161.687280216487125,473257.698669444187544,0.0],[1063161.626041504554451,473257.714958060591016,0.0],[1063161.56382537423633,473257.726905357674696,0.0],[1063161.500934936804697,473257.734453129291069,0.0],[1063161.437676588073373,473257.737564603507053,0.0],[1063161.374358516419306,473257.736224621767178,0.0],[1063161.31128920102492,473257.730439712002408,0.0],[1063161.248775909421965,473257.720238057896495,0.0],[1063161.187123199691996,473257.705669360875618,0.0],[1063161.126631437800825,473257.686804598022718,0.0],[1063161.067595334257931,473257.663735676731449,0.0],[1063161.010302505688742,473257.636574986390769,0.0],[1063160.955032078083605,473257.605454851232935,0.0],[1063160.902053322875872,473257.570526885217987,0.0],[1063160.851624347502366,473257.531961254193448,0.0],[1063160.803990836488083,473257.489945845736656,0.0],[1063160.759384855860844,473257.44468535494525,0.0],[1063160.718023721594363,473257.396400286233984,0.0],[1063160.68010894046165,473257.345325879636221,0.0],[1063160.645825230050832,473257.29171096457867,0.0],[1063160.615339616779238,473257.235816747415811,0.0],[1063160.588800623314455,473257.177915539243259,0.0],[1063160.566337545402348,473257.118289428879507,0.0],[1063160.548059820663184,473257.057228908815887,0.0],[1063160.534056496573612,473256.995031459722668,0.0],[1063160.524395795539021,473256.93200010136934,0.0],[1063160.519124784041196,473256.868441916070879,0.0]],[[1063161.382352243643254,473256.809337856131606,0.0],[1063164.575300765689462,473256.65228700847365,0.0]],[[1063161.382352243643254,473256.809337856131606,0.0],[1063158.189403720898554,473256.966388703731354,0.0]],[[1063160.753982954658568,473243.749601442599669,0.0],[1063161.535301243653521,473259.988159074564464,0.0]]]}},
{"type":"Feature","properties":{"fid":2253,"Layer":"HIDRANTES","PaperSpace":null,"SubClasses":"AcDbEntity:AcDbBlockReference","Linetype":null,"EntityHandle":"35AD","Text":null},"geometry":{"type":"MultiLineString","coordinates":[[[1062906.689942787168548,473158.846050247491803,0.0],[1062906.865698706358671,473162.071584096061997,0.0]],[[1062913.095737808849663,473158.489560446119867,0.0],[1062913.271493728505448,473161.715094294690061,0.0]],[[1062911.891498214099556,473163.796805074089207,0.0],[1062908.305225916905329,473163.996385219099466,0.0]],[[1062909.75010673655197,473173.405030466848984,0.0],[1062909.748845711816102,473173.341262084431946,0.0],[1062909.752004739595577,473173.277558735979255,0.0],[1062909.759568429319188,473173.214230777928606,0.0],[1062909.771499931812286,473173.151586737891193,0.0],[1062909.787741117645055,473173.089931810915004,0.0],[1062909.808212861418724,473173.0295663739671,0.0],[1062909.832815427100286,473172.970784521370661,0.0],[1062909.861428953241557,473172.913872632198036,0.0],[1062909.893914037849754,473172.859107975498773,0.0],[1062909.93011241639033,473172.806757359358016,0.0],[1062909.969847734551877,473172.75707583053736,0.0],[1062910.012926405761391,473172.710305432439782,0.0],[1062910.059138554614037,473172.666674025938846,0.0],[1062910.108259040629491,473172.626394178543705,0.0],[1062910.160048553487286,473172.589662129990757,0.0],[1062910.214254779973999,473172.556656834727619,0.0],[1062910.270613632630557,473172.527539091708604,0.0],[1062910.328850537305698,473172.502450759231579,0.0],[1062910.388681769371033,473172.481514065410011,0.0],[1062910.44981583673507,473172.46483101148624,0.0],[1062910.511954900808632,473172.452482875727583,0.0],[1062910.574796225875616,473172.44452981709037,0.0],[1062910.638033655937761,473172.441010582027957,0.0],[1062910.70135910413228,473172.441942315665074,0.0],[1062910.764464055420831,473172.447320479142945,0.0],[1062910.827041068812832,473172.457118870224804,0.0],[1062910.888785275397822,473172.471289752284065,0.0],[1062910.949395863106474,473172.48976408620365,0.0],[1062911.008577544009313,473172.512451866758056,0.0],[1062911.066041990648955,473172.539242561499123,0.0],[1062911.121509242104366,473172.570005648827646,0.0],[1062911.17470906721428,473172.604591254086699,0.0],[1062911.225382281700149,473172.642830879660323,0.0],[1062911.273282011039555,473172.684538225934375,0.0],[1062911.318174892803654,473172.72951009881217,0.0],[1062911.359842212870717,473172.777527400117833,0.0],[1062911.3980809727218,473172.82835619407706,0.0],[1062911.432704876409844,473172.881748848129064,0.0],[1062911.463545240228996,473172.937445238698274,0.0],[1062911.49045181251131,473172.995174018142279,0.0],[1062911.513293507974595,473173.054653938103002,0.0],[1062911.531959043350071,473173.115595218143426,0.0],[1062911.546357482206076,473173.177700958680362,0.0],[1062911.556418677326292,473173.240668586629909,0.0],[1062911.562093610875309,473173.304191329923924,0.0],[1062911.562093610875309,473173.304191329923924,0.0],[1062911.563354635844007,473173.367959712457377,0.0],[1062911.560195608297363,473173.431663060793653,0.0],[1062911.552631918108091,473173.494991018844303,0.0],[1062911.540700415847823,473173.55763505899813,0.0],[1062911.524459230247885,473173.619289985857904,0.0],[1062911.503987486008555,473173.679655422747601,0.0],[1062911.479384920559824,473173.738437275402248,0.0],[1062911.450771394418553,473173.795349164574873,0.0],[1062911.418286309810355,473173.850113821274135,0.0],[1062911.38208793126978,473173.9024644374731,0.0],[1062911.342352612875402,473173.952145966235548,0.0],[1062911.299273941898718,473173.998916364333127,0.0],[1062911.253061793278903,473174.042547770950478,0.0],[1062911.203941307030618,473174.082827618170995,0.0],[1062911.152151794172823,473174.119559666782152,0.0],[1062911.097945567686111,473174.152564961987082,0.0],[1062911.041586714796722,473174.181682705006097,0.0],[1062910.983349810354412,473174.206771037483122,0.0],[1062910.923518578289077,473174.227707731479313,0.0],[1062910.86238451092504,473174.244390785286669,0.0],[1062910.800245447084308,473174.256738921045326,0.0],[1062910.737404121784493,473174.264691979624331,0.0],[1062910.674166691722348,473174.268211214919575,0.0],[1062910.61084124352783,473174.267279481107835,0.0],[1062910.547736292239279,473174.261901317629963,0.0],[1062910.485159278847277,473174.252102926548105,0.0],[1062910.423415072495118,473174.237932044547051,0.0],[1062910.362804484320804,473174.219457710627466,0.0],[1062910.303622803650796,473174.196769930014852,0.0],[1062910.246158357011154,473174.169979235331994,0.0],[1062910.190691105555743,473174.13921614800347,0.0],[1062910.137491280445829,473174.104630542686209,0.0],[1062910.08681806595996,473174.066390917112585,0.0],[1062910.038918336387724,473174.024683570896741,0.0],[1062909.994025454623625,473173.979711697960738,0.0],[1062909.952358134789392,473173.931694396713283,0.0],[1062909.914119374938309,473173.880865602695849,0.0],[1062909.879495471250266,473173.827472948585637,0.0],[1062909.848655107663944,473173.77177655819105,0.0],[1062909.821748535148799,473173.714047778630629,0.0],[1062909.798906839918345,473173.654567858611699,0.0],[1062909.780241304310039,473173.593626578629483,0.0],[1062909.765842865454033,473173.531520838034339,0.0],[1062909.755781670333818,473173.468553210259415,0.0],[1062909.75010673655197,473173.405030466848984,0.0]],[[1062910.612942933570594,473173.340362458722666,0.0],[1062913.804835589136928,473173.162729990843218,0.0]],[[1062910.612942933570594,473173.340362458722666,0.0],[1062907.421050278004259,473173.517994926776737,0.0]],[[1062909.901568823261186,473160.284977027389687,0.0],[1062910.786095824558288,473176.518124621186871,0.0]]]}},
{"type":"Feature","properties":{"fid":2254,"Layer":"HIDRANTES","PaperSpace":null,"SubClasses":"AcDbEntity:AcDbBlockReference","Linetype":null,"EntityHandle":"35B0","Text":null},"geometry":{"type":"MultiLineString","coordinates":[[[1062978.183454353129491,473255.004111144109629,0.0],[1062978.02820605202578,473251.777502318378538,0.0]],[[1062971.775540316710249,473255.319295784225687,0.0],[1062971.620292015606537,473252.092686958494596,0.0]],[[1062973.013488550903276,473250.019910654984415,0.0],[1062976.600947174010798,473249.843455126916524,0.0]],[[1062975.215906972298399,473240.425664184498601,0.0],[1062975.216762614902109,473240.489439547585789,0.0],[1062975.21319872001186,473240.553121381206438,0.0],[1062975.205232650274411,473240.616399434045888,0.0],[1062975.19290321553126,473240.678965421568137,0.0],[1062975.176270483992994,473240.740514528763015,0.0],[1062975.155415488174185,473240.80074689455796,0.0],[1062975.130439831875265,473240.859369072772097,0.0],[1062975.101465193554759,473240.916095462162048,0.0],[1062975.068632735405117,473240.970649697585031,0.0],[1062975.032102413242683,473241.022765995876398,0.0],[1062974.992052199551836,473241.072190452192444,0.0],[1062974.94867721456103,473241.118682275060564,0.0],[1062974.902188776992261,473241.162014961417299,0.0],[1062974.852813374018297,473241.201977398595773,0.0],[1062974.800791557412595,473241.23837489343714,0.0],[1062974.746376772178337,473241.271030121250078,0.0],[1062974.689834122080356,473241.299783989030402,0.0],[1062974.6314390769694,473241.324496410728898,0.0],[1062974.571476131444797,473241.345046989852563,0.0],[1062974.510237419279292,473241.361335606314242,0.0],[1062974.448021289194003,473241.373282903223298,0.0],[1062974.385130851762369,473241.380830674956087,0.0],[1062974.321872503031045,473241.383942149230279,0.0],[1062974.258554431376979,473241.382602167432196,0.0],[1062974.195485115982592,473241.376817257725634,0.0],[1062974.132971824146807,473241.366615603561513,0.0],[1062974.071319114649668,473241.352046906540636,0.0],[1062974.010827352758497,473241.333182143687736,0.0],[1062973.951791248982772,473241.310113222396467,0.0],[1062973.894498420646414,473241.282952532055788,0.0],[1062973.839227993041277,473241.251832396781538,0.0],[1062973.786249237833545,473241.216904430941213,0.0],[1062973.735820262227207,473241.178338799800258,0.0],[1062973.688186751445755,473241.136323391401675,0.0],[1062973.643580770818517,473241.091062900668476,0.0],[1062973.602219636319205,473241.042777831899002,0.0],[1062973.564304855419323,473240.991703425301239,0.0],[1062973.530021145008504,473240.938088510127272,0.0],[1062973.49953553150408,473240.882194293080829,0.0],[1062973.472996538272128,473240.824293084908277,0.0],[1062973.45053346012719,473240.764666974544525,0.0],[1062973.432255735620856,473240.703606454539113,0.0],[1062973.418252411531284,473240.641409005445894,0.0],[1062973.408591710496694,473240.578377647034358,0.0],[1062973.403320698998868,473240.514819461735897,0.0],[1062973.403320698998868,473240.514819461735897,0.0],[1062973.402465056162328,473240.451044098706916,0.0],[1062973.406028951285407,473240.387362265028059,0.0],[1062973.413995020790026,473240.324084212188609,0.0],[1062973.426324455533177,473240.261518224608153,0.0],[1062973.442957187071443,473240.199969117413275,0.0],[1062973.463812182657421,473240.139736751734745,0.0],[1062973.488787839422002,473240.081114573462401,0.0],[1062973.517762477509677,473240.024388184130657,0.0],[1062973.550594935659319,473239.969833948707674,0.0],[1062973.587125257821754,473239.917717650299892,0.0],[1062973.62717547127977,473239.868293194100261,0.0],[1062973.670550456736237,473239.821801371173933,0.0],[1062973.717038893839344,473239.778468684817199,0.0],[1062973.76641429704614,473239.738506247696932,0.0],[1062973.818436113651842,473239.702108752855565,0.0],[1062973.872850898886099,473239.669453524984419,0.0],[1062973.929393548984081,473239.640699657204095,0.0],[1062973.987788594095036,473239.6159872355056,0.0],[1062974.04775153961964,473239.595436656381935,0.0],[1062974.108990251785144,473239.579148039978463,0.0],[1062974.171206381870434,473239.567200742952991,0.0],[1062974.234096819302067,473239.55965297127841,0.0],[1062974.297355168033391,473239.556541497062426,0.0],[1062974.360673239687458,473239.557881478802301,0.0],[1062974.423742555314675,473239.563666388567071,0.0],[1062974.486255846917629,473239.573868042672984,0.0],[1062974.547908556414768,473239.588436739752069,0.0],[1062974.608400318073109,473239.607301502546761,0.0],[1062974.667436422081664,473239.630370423838031,0.0],[1062974.724729250185192,473239.65753111417871,0.0],[1062974.779999677790329,473239.688651249336544,0.0],[1062974.832978433230892,473239.723579215351492,0.0],[1062974.883407408604398,473239.762144846376032,0.0],[1062974.931040919618681,473239.804160254832823,0.0],[1062974.975646900013089,473239.849420745624229,0.0],[1062975.017008034745231,473239.897705814335495,0.0],[1062975.054922815645114,473239.948780220933259,0.0],[1062975.089206526288763,473240.002395136049017,0.0],[1062975.119692139560357,473240.058289353153668,0.0],[1062975.146231132792309,473240.116190561326221,0.0],[1062975.168694210937247,473240.175816671689972,0.0],[1062975.18697193521075,473240.236877191753592,0.0],[1062975.200975259300321,473240.299074640846811,0.0],[1062975.210635960567743,473240.362105999200139,0.0],[1062975.215906972298399,473240.425664184498601,0.0]],[[1062974.352679512696341,473240.484768244437873,0.0],[1062971.159730990184471,473240.641819092037622,0.0]],[[1062974.352679512696341,473240.484768244437873,0.0],[1062977.54562803520821,473240.327717396838125,0.0]],[[1062974.981048801215366,473253.54450465796981,0.0],[1062974.199730512453243,473237.305947026005015,0.0]]]}},
{"type":"Feature","properties":{"fid":3398,"Layer":"HIDRANTES","PaperSpace":null,"SubClasses":"AcDbEntity:AcDbBlockReference","Linetype":null,"EntityHandle":"44C4","Text":null},"geometry":{"type":"MultiLineString","coordinates":[[[1062992.058885183883831,473143.671841460338328,0.0],[1062988.85316006001085,473143.786886854446493,0.0]],[[1062992.284885535016656,473150.12865318468539,0.0],[1062989.079160411143675,473150.243698578735348,0.0]],[[1062987.040054928278551,473148.81422307313187,0.0],[1062986.913529057055712,473145.199389171379153,0.0]],[[1062977.544049760792404,473146.47361018974334,0.0],[1062977.607382324524224,473146.473564668907784,0.0],[1062977.670562064042315,473146.477968431834597,0.0],[1062977.733281173510477,473146.486800023878459,0.0],[1062977.795234092278406,473146.500016418402083,0.0],[1062977.856118991505355,473146.517553226265591,0.0],[1062977.915639246348292,473146.539325010206085,0.0],[1062977.973504879977554,473146.565225700032897,0.0],[1062978.029433976393193,473146.59512911044294,0.0],[1062978.083154055289924,473146.628889554645866,0.0],[1062978.134403397794813,473146.666342555370647,0.0],[1062978.182932322379202,473146.707305645511951,0.0],[1062978.228504400234669,473146.751579256844707,0.0],[1062978.270897609414533,473146.798947692848742,0.0],[1062978.30990541446954,473146.849180179124232,0.0],[1062978.345337773207575,473146.902031988138333,0.0],[1062978.377022062195465,473146.957245631201658,0.0],[1062978.404803919605911,473147.014552113134414,0.0],[1062978.42854799493216,473147.073672242229804,0.0],[1062978.44813860883005,473147.134317991381977,0.0],[1062978.463480318430811,473147.196193900424987,0.0],[1062978.474498379742727,473147.258998516248539,0.0],[1062978.481139114592224,473147.322425861144438,0.0],[1062978.483370169764385,473147.386166923504788,0.0],[1062978.481180675327778,473147.449911162897479,0.0],[1062978.474581299116835,473147.513348024222068,0.0],[1062978.463604192016646,473147.576168449304532,0.0],[1062978.448302833596244,473147.63806638342794,0.0],[1062978.428751770406961,473147.698740265914239,0.0],[1062978.405046253465116,473147.757894499867689,0.0],[1062978.377301773522049,473147.815240891592111,0.0],[1062978.34565349877812,473147.870500055549201,0.0],[1062978.310255616670474,473147.923402774438728,0.0],[1062978.2712805820629,473147.973691311548464,0.0],[1062978.228918277658522,473148.021120666177012,0.0],[1062978.183375087799504,473148.065459767356515,0.0],[1062978.134872894734144,473148.106492599355988,0.0],[1062978.083647995721549,473148.144019254366867,0.0],[1062978.029949954245239,473148.177856906258967,0.0],[1062977.974040381144732,473148.207840701506939,0.0],[1062977.91619166219607,473148.23382456204854,0.0],[1062977.856685630977154,473148.255681896989699,0.0],[1062977.795812194235623,473148.273306219780352,0.0],[1062977.733867922099307,473148.286611666262615,0.0],[1062977.671154599869624,473148.295533413940575,0.0],[1062977.607977761421353,473148.300027996650897,0.0],[1062977.607977761421353,473148.300027996650897,0.0],[1062977.544645197456703,473148.300073517486453,0.0],[1062977.481465457938612,473148.29566975455964,0.0],[1062977.418746348237619,473148.286838162515778,0.0],[1062977.35679342946969,473148.273621767992154,0.0],[1062977.295908530475572,473148.256084960012231,0.0],[1062977.236388275865465,473148.234313176188152,0.0],[1062977.178522642236203,473148.20841248636134,0.0],[1062977.122593545354903,473148.178509076067712,0.0],[1062977.068873466691002,473148.144748631806578,0.0],[1062977.017624124186113,473148.107295630907174,0.0],[1062976.969095199834555,473148.066332540882286,0.0],[1062976.923523121979088,473148.02205892954953,0.0],[1062976.881129912566394,473147.974690493545495,0.0],[1062976.842122107511386,473147.924458007270005,0.0],[1062976.806689748773351,473147.871606198255904,0.0],[1062976.775005459552631,473147.816392555076163,0.0],[1062976.747223602142185,473147.759086073259823,0.0],[1062976.723479527048767,473147.699965944164433,0.0],[1062976.703888913150877,473147.63932019501226,0.0],[1062976.688547203782946,473147.577444285911042,0.0],[1062976.6775291422382,473147.514639670145698,0.0],[1062976.670888407621533,473147.451212325249799,0.0],[1062976.668657352449372,473147.387471262947656,0.0],[1062976.670846846420318,473147.323727023380343,0.0],[1062976.677446222631261,473147.260290162055753,0.0],[1062976.68842332996428,473147.197469737089705,0.0],[1062976.703724688384682,473147.135571803024504,0.0],[1062976.723275751573965,473147.074897920538206,0.0],[1062976.74698126828298,473147.015743686526548,0.0],[1062976.774725748691708,473146.95839729468571,0.0],[1062976.806374023202807,473146.903138130786829,0.0],[1062976.841771905310452,473146.850235411955509,0.0],[1062976.880746939918026,473146.799946874845773,0.0],[1062976.923109244555235,473146.752517520217225,0.0],[1062976.968652434414253,473146.708178419037722,0.0],[1062977.017154627479613,473146.667145587038249,0.0],[1062977.068379526259378,473146.629618932085577,0.0],[1062977.122077567968518,473146.59578128013527,0.0],[1062977.177987140836194,473146.565797484945506,0.0],[1062977.235835859784856,473146.539813624345697,0.0],[1062977.295341891003773,473146.517956289404538,0.0],[1062977.356215327745304,473146.500331966672093,0.0],[1062977.418159599881619,473146.487026520015206,0.0],[1062977.480872921878472,473146.478104772453662,0.0],[1062977.544049760792404,473146.47361018974334,0.0]],[[1062977.591020967578515,473147.343637785874307,0.0],[1062977.703632885357365,473150.560951148276217,0.0]],[[1062977.591020967578515,473147.343637785874307,0.0],[1062977.478409050265327,473144.126324423297774,0.0]],[[1062990.566230357158929,473146.877990227134433,0.0],[1062974.432774153538048,473147.456979303038679,0.0]]]}},
{"type":"Feature","properties":{"fid":32,"Layer":"HIDRANTES","PaperSpace":null,"SubClasses":"AcDbEntity:AcDbBlockReference","Linetype":null,"EntityHandle":"2920","Text":null},"geometry":{"type":"MultiLineString","coordinates":[[[1062906.723782393382862,473264.595959237078205,0.0],[1062922.864973387215286,473263.805038566293661,0.0]],[[1062919.76867625489831,473264.871609987865668,0.0],[1062919.705349310766906,473264.872484482650179,0.0],[1062919.642117758048698,473264.868908091448247,0.0],[1062919.579289654036984,473264.860898238024674,0.0],[1062919.517171091632918,473264.848493945668451,0.0],[1062919.456064706202596,473264.831755646737292,0.0],[1062919.396268201293424,473264.810764888650738,0.0],[1062919.338072900194675,473264.785623936157208,0.0],[1062919.281762324040756,473264.75645527348388,0.0],[1062919.227610812522471,473264.723401007300708,0.0],[1062919.175882185809314,473264.686622174980585,0.0],[1062919.126828461885452,473264.646297959145159,0.0],[1062919.080688624409959,473264.602624815248419,0.0],[1062919.037687462521717,473264.555815514468122,0.0],[1062918.998034473275766,473264.506098107143771,0.0],[1062918.961922842077911,473264.453714811359532,0.0],[1062918.929528501583263,473264.398920833249576,0.0],[1062918.901009273249656,473264.341983123624232,0.0],[1062918.876504100160673,473264.283179077378009,0.0],[1062918.856132368789986,473264.22279518173309,0.0],[1062918.839993328554556,473264.161125620943494,0.0],[1062918.828165607294068,473264.098470843106043,0.0],[1062918.820706827798858,473264.035136095946655,0.0],[1062918.817653329344466,473263.97142993984744,0.0],[1062918.819019987480715,473263.907662745041307,0.0],[1062918.824800144648179,473263.844145178620238,0.0],[1062918.83496563998051,473263.781186691834591,0.0],[1062918.849466948537156,473263.719094012340065,0.0],[1062918.868233421351761,473263.658169649133924,0.0],[1062918.891173629788682,473263.59871041966835,0.0],[1062918.918175811879337,473263.541006003506482,0.0],[1062918.949108415516093,473263.485337530553807,0.0],[1062918.983820740133524,473263.431976212305017,0.0],[1062919.022143671056256,473263.381182019249536,0.0],[1062919.063890502089635,473263.333202416019049,0.0],[1062919.108857847284526,473263.288271154277027,0.0],[1062919.15682663070038,473263.246607134584337,0.0],[1062919.20756315253675,473263.208413339918479,0.0],[1062919.260820230236277,473263.173875846492592,0.0],[1062919.316338400123641,473263.143162917695008,0.0],[1062919.37384718330577,473263.116424183594063,0.0],[1062919.433066402794793,473263.09378991270205,0.0],[1062919.493707549059764,473263.075370377046056,0.0],[1062919.55547518376261,473263.061255314620212,0.0],[1062919.618068381678313,473263.051513492595404,0.0],[1062919.681182194733992,473263.046192372275982,0.0],[1062919.681182194733992,473263.046192372275982,0.0],[1062919.744509139098227,473263.045317877375055,0.0],[1062919.807740692049265,473263.048894268635195,0.0],[1062919.870568795828149,473263.05690412200056,0.0],[1062919.932687357999384,473263.069308414473198,0.0],[1062919.993793743662536,473263.086046713287942,0.0],[1062920.053590248338878,473263.107037471490912,0.0],[1062920.111785549903288,473263.132178423984442,0.0],[1062920.168096125824377,473263.16134708665777,0.0],[1062920.222247637342662,473263.194401352608111,0.0],[1062920.273976263590157,473263.231180184928235,0.0],[1062920.32302998774685,473263.271504400821868,0.0],[1062920.369169825222343,473263.315177544718608,0.0],[1062920.412170987343416,473263.361986845557112,0.0],[1062920.451823976589367,473263.411704252881464,0.0],[1062920.487935607554391,473263.464087548665702,0.0],[1062920.520329948281869,473263.518881526775658,0.0],[1062920.548849176615477,473263.575819236342795,0.0],[1062920.573354349704459,473263.634623282763641,0.0],[1062920.593726080842316,473263.695007178408559,0.0],[1062920.609865120844916,473263.756676738965325,0.0],[1062920.621692842571065,473263.819331516919192,0.0],[1062920.629151621600613,473263.882666264020372,0.0],[1062920.632205120520666,473263.946372420177795,0.0],[1062920.630838462151587,473264.010139614983927,0.0],[1062920.625058305216953,473264.073657181463204,0.0],[1062920.614892809651792,473264.136615668132436,0.0],[1062920.600391501095146,473264.198708347743377,0.0],[1062920.581625028280541,473264.25963271089131,0.0],[1062920.558684819610789,473264.319091940240469,0.0],[1062920.531682637520134,473264.376796356460545,0.0],[1062920.500750033883378,473264.432464829355013,0.0],[1062920.466037709498778,473264.485826147836633,0.0],[1062920.427714778808877,473264.536620340775698,0.0],[1062920.385967947542667,473264.584599943947978,0.0],[1062920.341000602114946,473264.629531205748208,0.0],[1062920.293031818699092,473264.671195225382689,0.0],[1062920.242295296862721,473264.709389020164963,0.0],[1062920.189038219628856,473264.743926513474435,0.0],[1062920.133520049508661,473264.774639442446642,0.0],[1062920.076011266326532,473264.801378176372964,0.0],[1062920.016792046604678,473264.824012447264977,0.0],[1062919.956150900572538,473264.842431982920971,0.0],[1062919.894383265869692,473264.856547045346815,0.0],[1062919.831790067953989,473264.86628886742983,0.0],[1062919.76867625489831,473264.871609987865668,0.0]],[[1062919.855334018124267,473266.679579657735303,0.0],[1062919.590443979483098,473261.153090870124288,0.0]]]}},
{"type":"Feature","properties":{"fid":2296,"Layer":"HIDRANTES","PaperSpace":null,"SubClasses":"AcDbEntity:AcDbBlockReference","Linetype":null,"EntityHandle":"364F","Text":null},"geometry":{"type":"MultiLineString","coordinates":[[[1063077.303714791778475,473333.545875830808654,0.0],[1063077.148466490674764,473330.319267005077563,0.0]],[[1063070.895800755359232,473333.861060470924713,0.0],[1063070.740552454255521,473330.634451645193622,0.0]],[[1063072.133748989319429,473328.56167534168344,0.0],[1063075.721207612426952,473328.385219813615549,0.0]],[[1063074.336167410947382,473318.967428871255834,0.0],[1063074.337023053783923,473319.031204234284814,0.0],[1063074.333459158428013,473319.094886067963671,0.0],[1063074.325493088690564,473319.158164120744914,0.0],[1063074.313163654180244,473319.220730108267162,0.0],[1063074.296530922409147,473319.28227921546204,0.0],[1063074.275675927056,473319.342511581256986,0.0],[1063074.250700270291418,473319.401133759412915,0.0],[1063074.221725632203743,473319.457860148861073,0.0],[1063074.188893174054101,473319.512414384284057,0.0],[1063074.152362851891667,473319.564530682575423,0.0],[1063074.112312638200819,473319.61395513889147,0.0],[1063074.068937653210014,473319.66044696175959,0.0],[1063074.022449215641245,473319.703779648174532,0.0],[1063073.97307381243445,473319.743742085294798,0.0],[1063073.921051996294409,473319.780139580136165,0.0],[1063073.866637211060151,473319.812794807949103,0.0],[1063073.81009456072934,473319.841548675729427,0.0],[1063073.751699515618384,473319.866261097427923,0.0],[1063073.69173656986095,473319.886811676551588,0.0],[1063073.630497857928276,473319.903100293013267,0.0],[1063073.568281727842987,473319.915047589922324,0.0],[1063073.505391290178522,473319.92259536171332,0.0],[1063073.442132941680029,473319.925706835929304,0.0],[1063073.378814870258793,473319.924366854131222,0.0],[1063073.315745554631576,473319.918581944424659,0.0],[1063073.253232262795791,473319.908380290318746,0.0],[1063073.191579553065822,473319.893811593239661,0.0],[1063073.131087791640311,473319.874946830444969,0.0],[1063073.072051687631756,473319.8518779091537,0.0],[1063073.014758859528229,473319.824717218813021,0.0],[1063072.959488431690261,473319.793597083538771,0.0],[1063072.906509676482528,473319.758669117640238,0.0],[1063072.856080701109022,473319.720103486499283,0.0],[1063072.808447190094739,473319.678088078158908,0.0],[1063072.763841209700331,473319.632827587367501,0.0],[1063072.722480074968189,473319.584542518598028,0.0],[1063072.684565294301137,473319.533468112058472,0.0],[1063072.650281583657488,473319.479853196826298,0.0],[1063072.619795970153064,473319.423958979838062,0.0],[1063072.593256976921111,473319.36605777166551,0.0],[1063072.570793899009004,473319.306431661301758,0.0],[1063072.55251617426984,473319.245371141238138,0.0],[1063072.538512850180268,473319.183173692144919,0.0],[1063072.528852149145678,473319.120142333791591,0.0],[1063072.523581137415022,473319.05658414849313,0.0],[1063072.523581137415022,473319.05658414849313,0.0],[1063072.522725494811311,473318.992808785405941,0.0],[1063072.526289389934391,473318.929126951785292,0.0],[1063072.53425545967184,473318.865848898945842,0.0],[1063072.546584894414991,473318.803282911307178,0.0],[1063072.563217625720426,473318.7417338041123,0.0],[1063072.584072621539235,473318.68150143843377,0.0],[1063072.609048277838156,473318.622879260103218,0.0],[1063072.638022916158661,473318.566152870829683,0.0],[1063072.670855374308303,473318.511598635406699,0.0],[1063072.707385696470737,473318.459482336998917,0.0],[1063072.747435910161585,473318.410057880799286,0.0],[1063072.79081089515239,473318.363566057872958,0.0],[1063072.837299332721159,473318.320233371574432,0.0],[1063072.886674735927954,473318.280270934395958,0.0],[1063072.938696552300826,473318.243873439554591,0.0],[1063072.993111337535083,473318.211218211741652,0.0],[1063073.049653987633064,473318.182464343961328,0.0],[1063073.10804903274402,473318.157751922262833,0.0],[1063073.168011978268623,473318.137201343139168,0.0],[1063073.229250690201297,473318.120912726677489,0.0],[1063073.291466820519418,473318.108965429652017,0.0],[1063073.354357257951051,473318.101417658035643,0.0],[1063073.417615606449544,473318.098306183761451,0.0],[1063073.480933678336442,473318.099646165559534,0.0],[1063073.544002993730828,473318.105431075266097,0.0],[1063073.606516285333782,473318.11563272937201,0.0],[1063073.668168995063752,473318.130201426451094,0.0],[1063073.728660756954923,473318.149066189303994,0.0],[1063073.787696860497817,473318.172135110595264,0.0],[1063073.844989689067006,473318.199295800935943,0.0],[1063073.900260116672143,473318.230415936093777,0.0],[1063073.953238871879876,473318.265343902050517,0.0],[1063074.003667847253382,473318.303909533075057,0.0],[1063074.051301358034834,473318.345924941590056,0.0],[1063074.095907338662073,473318.391185432323255,0.0],[1063074.137268473394215,473318.439470501092728,0.0],[1063074.175183254294097,473318.490544907690492,0.0],[1063074.209466964704916,473318.544159822689835,0.0],[1063074.239952578209341,473318.600054039910901,0.0],[1063074.266491571441293,473318.657955248025246,0.0],[1063074.2889546493534,473318.717581358388998,0.0],[1063074.307232374092564,473318.778641878452618,0.0],[1063074.321235698182136,473318.840839327545837,0.0],[1063074.330896399449557,473318.903870685899165,0.0],[1063074.336167410947382,473318.967428871255834,0.0]],[[1063073.472939951345325,473319.026532931195106,0.0],[1063070.279991429066285,473319.183583778794855,0.0]],[[1063073.472939951345325,473319.026532931195106,0.0],[1063076.665888473857194,473318.869482083595358,0.0]],[[1063074.101309239864349,473332.086269344610628,0.0],[1063073.319990951102227,473315.847711712762248,0.0]]]}},
{"type":"Feature","properties":{"fid":3426,"Layer":"HIDRANTES","PaperSpace":null,"SubClasses":"AcDbEntity:AcDbBlockReference","Linetype":null,"EntityHandle":"4566","Text":null},"geometry":{"type":"MultiLineString","coordinates":[[[1062994.474858504952863,473521.908560854732059,0.0],[1062994.578059662599117,473525.137303279072512,0.0]],[[1063000.88696958636865,473521.698206771572586,0.0],[1063000.990170743782073,473524.926949196087662,0.0]],[[1062999.563745262799785,473526.976681722211652,0.0],[1062995.973936931695789,473527.094448060030118,0.0]],[[1062997.206933791050687,473536.533706281858031,0.0],[1062997.207106577698141,473536.46992493578,0.0],[1062997.21169678401202,473536.406309381651226,0.0],[1062997.220682046143338,473536.343169548141304,0.0],[1062997.234018589137122,473536.280813046090771,0.0],[1062997.251641439041123,473536.219543670013081,0.0],[1062997.27346473839134,473536.159659918397665,0.0],[1062997.299382166936994,473536.101453538634814,0.0],[1062997.329267457127571,473536.045208106457721,0.0],[1062997.362975011346862,473535.991197643859778,0.0],[1062997.400340609252453,473535.939685284625739,0.0],[1062997.441182209644467,473535.890921991609503,0.0],[1062997.48530083661899,473535.845145334606059,0.0],[1062997.53248154791072,473535.802578333066776,0.0],[1062997.582494484493509,473535.763428369013127,0.0],[1062997.63509598840028,473535.727886177133769,0.0],[1062997.690029789693654,473535.696124915441032,0.0],[1062997.747028257232159,473535.668299321725499,0.0],[1062997.805813699727878,473535.644544959301129,0.0],[1062997.866099720355123,473535.62497755716322,0.0],[1062997.92759261210449,473535.60969244572334,0.0],[1062997.989992787363008,473535.598764092370402,0.0],[1062998.052996239159256,473535.592245739069767,0.0],[1062998.11629602080211,473535.590169142524246,0.0],[1062998.179583741817623,473535.592544419749174,0.0],[1062998.242551071103662,473535.599359998654108,0.0],[1062998.304891238454729,473535.610582674387842,0.0],[1062998.366300528403372,473535.626157771097496,0.0],[1062998.426479761023074,473535.646009408752434,0.0],[1062998.485135749448091,473535.670040871889796,0.0],[1062998.541982727358118,473535.698135081678629,0.0],[1062998.596743742236868,473535.730155166122131,0.0],[1062998.649152003694326,473535.765945126477163,0.0],[1062998.698952183825895,473535.805330597620923,0.0],[1062998.745901661459357,473535.848119697591756,0.0],[1062998.789771703304723,473535.894103961996734,0.0],[1062998.830348579445854,473535.943059360375628,0.0],[1062998.867434602230787,473535.994747386779636,0.0],[1062998.900849093683064,473536.048916222527623,0.0],[1062998.930429260479286,473536.10530196223408,0.0],[1062998.956030992092565,473536.163629900489468,0.0],[1062998.977529558818787,473536.223615869239438,0.0],[1062998.994820222025737,473536.284967622894328,0.0],[1062999.007818743120879,473536.347386262088548,0.0],[1062999.016461795195937,473536.410567689337768,0.0],[1062999.020707269199193,473536.474204091005959,0.0],[1062999.020707269199193,473536.474204091005959,0.0],[1062999.020534482551739,473536.537985437142197,0.0],[1062999.015944276703522,473536.601600991154555,0.0],[1062999.006959014572203,473536.664740824722685,0.0],[1062998.993622471345589,473536.727097326715011,0.0],[1062998.975999621441588,473536.7883667027927,0.0],[1062998.954176322091371,473536.848250454524532,0.0],[1062998.928258893545717,473536.906456834229175,0.0],[1062998.898373603122309,473536.96270226634806,0.0],[1062998.864666048903018,473537.016712728887796,0.0],[1062998.827300450997427,473537.068225088180043,0.0],[1062998.786458850605413,473537.116988381196279,0.0],[1062998.742340223863721,473537.162765038316138,0.0],[1062998.69515951233916,473537.205332039855421,0.0],[1062998.645146575756371,473537.244482003850862,0.0],[1062998.592545072315261,473537.280024195672013,0.0],[1062998.537611270556226,473537.311785457364749,0.0],[1062998.480612803017721,473537.339611051080283,0.0],[1062998.421827360754833,473537.363365413504653,0.0],[1062998.361541340127587,473537.382932815642562,0.0],[1062998.30004844837822,473537.398217927198857,0.0],[1062998.237648273119703,473537.409146280493587,0.0],[1062998.174644821090624,473537.415664633736014,0.0],[1062998.1113450396806,473537.417741230281536,0.0],[1062998.048057318432257,473537.415365953056607,0.0],[1062997.985089989146218,473537.408550374151673,0.0],[1062997.922749822027981,473537.397327698476147,0.0],[1062997.86134053231217,473537.381752601708286,0.0],[1062997.801161299226806,473537.361900964111555,0.0],[1062997.74250531103462,473537.337869500915986,0.0],[1062997.685658333124593,473537.309775291127153,0.0],[1062997.630897318478674,473537.277755206741858,0.0],[1062997.578489056788385,473537.241965246445034,0.0],[1062997.528688876423985,473537.202579775184859,0.0],[1062997.481739398790523,473537.159790675330441,0.0],[1062997.437869356945157,473537.11380641075084,0.0],[1062997.397292481269687,473537.064851012430154,0.0],[1062997.360206457786262,473537.013162986026146,0.0],[1062997.326791967032477,473536.958994150278158,0.0],[1062997.297211799537763,473536.902608410629909,0.0],[1062997.271610068390146,473536.844280472374521,0.0],[1062997.250111501431093,473536.784294503566343,0.0],[1062997.232820838224143,473536.722942749911454,0.0],[1062997.21982231689617,473536.660524110717233,0.0],[1062997.211179265519604,473536.597342683468014,0.0],[1062997.206933791050687,473536.533706281858031,0.0]],[[1062998.070995024172589,473536.488726320618298,0.0],[1063001.266034858534113,473536.383910657488741,0.0]],[[1062998.070995024172589,473536.488726320618298,0.0],[1062994.875955189345405,473536.593541983689647,0.0]],[[1062997.653287149267271,473523.420354141737334,0.0],[1062998.172667723614722,473539.6696495381766,0.0]]]}},
{"type":"Feature","properties":{"fid":2372,"Layer":"HIDRANTES","PaperSpace":null,"SubClasses":"AcDbEntity:AcDbBlockReference","Linetype":null,"EntityHandle":"3751","Text":null},"geometry":{"type":"MultiLineString","coordinates":[[[1062828.69581925845705,473620.885692791256588,0.0],[1062828.540570957586169,473617.659083965525497,0.0]],[[1062822.287905222270638,473621.200877431372646,0.0],[1062822.132656920934096,473617.974268605641555,0.0]],[[1062823.525853456230834,473615.901492302131373,0.0],[1062827.113312079338357,473615.725036774005275,0.0]],[[1062825.728271877625957,473606.307245831703767,0.0],[1062825.729127520229667,473606.37102119467454,0.0],[1062825.725563625339419,473606.434703028353397,0.0],[1062825.717597555369139,473606.497981081192847,0.0],[1062825.705268120858818,473606.560547068656888,0.0],[1062825.688635389320552,473606.622096175851766,0.0],[1062825.667780393734574,473606.682328541646712,0.0],[1062825.642804737202823,473606.740950719919056,0.0],[1062825.613830099115148,473606.797677109367214,0.0],[1062825.580997640965506,473606.852231344673783,0.0],[1062825.544467318570241,473606.904347643023357,0.0],[1062825.504417104879394,473606.953772099339403,0.0],[1062825.461042119888589,473607.000263922265731,0.0],[1062825.41455368231982,473607.043596608622465,0.0],[1062825.365178279345855,473607.083559045684524,0.0],[1062825.313156462972984,473607.119956540584099,0.0],[1062825.258741677738726,473607.152611768455245,0.0],[1062825.202199027640745,473607.181365636235569,0.0],[1062825.143803982296959,473607.206078057934064,0.0],[1062825.083841036772355,473607.226628637057729,0.0],[1062825.022602324839681,473607.242917253461201,0.0],[1062824.960386194521561,473607.254864550428465,0.0],[1062824.897495757089928,473607.262412322161254,0.0],[1062824.834237408591434,473607.265523796435446,0.0],[1062824.770919336937368,473607.264183814637363,0.0],[1062824.707850021310151,473607.258398904872593,0.0],[1062824.645336729707196,473607.248197250708472,0.0],[1062824.583684019977227,473607.233628553687595,0.0],[1062824.523192258318886,473607.214763790834695,0.0],[1062824.464156154543161,473607.191694869601633,0.0],[1062824.406863326206803,473607.164534179260954,0.0],[1062824.351592898368835,473607.133414043928497,0.0],[1062824.298614143393934,473607.098486078029964,0.0],[1062824.248185167787597,473607.059920446947217,0.0],[1062824.200551657006145,473607.017905038606841,0.0],[1062824.155945676378906,473606.972644547873642,0.0],[1062824.114584541879594,473606.924359479045961,0.0],[1062824.076669760746881,473606.873285072506405,0.0],[1062824.042386050336063,473606.819670157332439,0.0],[1062824.011900436831638,473606.763775940285996,0.0],[1062823.985361443832517,473606.705874732055236,0.0],[1062823.962898365687579,473606.646248621749692,0.0],[1062823.944620640948415,473606.585188101627864,0.0],[1062823.930617316858843,473606.52299065265106,0.0],[1062823.920956615824252,473606.459959294181317,0.0],[1062823.915685604093596,473606.396401108882856,0.0],[1062823.915685604093596,473606.396401108882856,0.0],[1062823.914829961489886,473606.332625745912082,0.0],[1062823.918393856612965,473606.268943912233226,0.0],[1062823.926359926350415,473606.205665859393775,0.0],[1062823.938689360860735,473606.14309987181332,0.0],[1062823.955322092631832,473606.081550764618441,0.0],[1062823.976177087984979,473606.021318398881704,0.0],[1062824.001152744749561,473605.962696220609359,0.0],[1062824.030127382837236,473605.905969831277616,0.0],[1062824.062959840986878,473605.85141559591284,0.0],[1062824.099490163382143,473605.799299297446851,0.0],[1062824.139540376840159,473605.749874841305427,0.0],[1062824.182915362063795,473605.703383018320892,0.0],[1062824.229403799399734,473605.660050331964158,0.0],[1062824.278779202606529,473605.620087894843891,0.0],[1062824.3308010189794,473605.583690400002524,0.0],[1062824.385215803980827,473605.551035172131378,0.0],[1062824.44175845454447,473605.522281304351054,0.0],[1062824.500153499422595,473605.497568882652558,0.0],[1062824.560116445180029,473605.477018303528894,0.0],[1062824.621355157112703,473605.460729687125422,0.0],[1062824.683571287430823,473605.448782390041742,0.0],[1062824.746461724862456,473605.441234618425369,0.0],[1062824.80972007336095,473605.438123144209385,0.0],[1062824.873038145015016,473605.43946312594926,0.0],[1062824.936107460409403,473605.44524803571403,0.0],[1062824.998620752245188,473605.455449689878151,0.0],[1062825.060273461975157,473605.47001838684082,0.0],[1062825.120765223400667,473605.488883149751928,0.0],[1062825.179801327409223,473605.511952070984989,0.0],[1062825.23709415551275,473605.539112761325669,0.0],[1062825.292364583350718,473605.570232896483503,0.0],[1062825.34534333855845,473605.605160862556659,0.0],[1062825.395772313931957,473605.643726493581198,0.0],[1062825.44340582494624,473605.685741901979782,0.0],[1062825.488011805340648,473605.731002392771188,0.0],[1062825.52937294007279,473605.779287461540662,0.0],[1062825.567287720972672,473605.830361868080217,0.0],[1062825.601571431616321,473605.883976783195976,0.0],[1062825.632057044887915,473605.939871000300627,0.0],[1062825.658596038119867,473605.997772208531387,0.0],[1062825.681059116031975,473606.057398318836931,0.0],[1062825.699336840771139,473606.118458838900551,0.0],[1062825.713340164860711,473606.18065628799377,0.0],[1062825.723000865895301,473606.243687646405306,0.0],[1062825.728271877625957,473606.307245831703767,0.0]],[[1062824.865044418023899,473606.36634989164304,0.0],[1062821.67209589551203,473606.523400739242788,0.0]],[[1062824.865044418023899,473606.36634989164304,0.0],[1062828.0579929407686,473606.209299044043291,0.0]],[[1062825.493413706542924,473619.426086305116769,0.0],[1062824.712095418013632,473603.187528673151974,0.0]]]}},
{"type":"Feature","properties":{"fid":2394,"Layer":"HIDRANTES","PaperSpace":null,"SubClasses":"AcDbEntity:AcDbBlockReference","Linetype":null,"EntityHandle":"379A","Text":null},"geometry":{"type":"MultiLineString","coordinates":[[[1063211.776309963548556,473506.549835473764688,0.0],[1063212.012682997854427,473503.328071628464386,0.0]],[[1063205.378319529816508,473506.076221377006732,0.0],[1063205.614692563889548,473502.854457531590015,0.0]],[[1063207.248268806608394,473500.968025595066138,0.0],[1063210.83017171965912,473501.233177556481678,0.0]],[[1063210.5951816693414,473491.715152576798573,0.0],[1063210.588313340209424,473491.77856057905592,0.0],[1063210.577069941908121,473491.841333320364356,0.0],[1063210.561506250174716,473491.903164978371933,0.0],[1063210.541698091197759,473491.963754315336701,0.0],[1063210.517741967458278,473492.022806146123912,0.0],[1063210.48975459090434,473492.080032776109874,0.0],[1063210.457872313214466,473492.135155402997043,0.0],[1063210.422250461764634,473492.187905474856962,0.0],[1063210.383062582695857,473492.238025998638477,0.0],[1063210.340499595040455,473492.285272792098112,0.0],[1063210.294768861494958,473492.329415673855692,0.0],[1063210.246093178167939,473492.370239583891816,0.0],[1063210.194709687726572,473492.407545632508118,0.0],[1063210.140868725022301,473492.441152068087831,0.0],[1063210.084832597756758,473492.470895163773093,0.0],[1063210.026874309405684,473492.496630014036782,0.0],[1063209.967276225565001,473492.518231241207104,0.0],[1063209.906328703043982,473492.53559360653162,0.0],[1063209.844328671460971,473492.548632522113621,0.0],[1063209.78157818922773,473492.557284463546239,0.0],[1063209.718382970429957,473492.561507279635407,0.0],[1063209.655050895176828,473492.561280397174414,0.0],[1063209.591890511335805,473492.556604921643157,0.0],[1063209.529209529981017,473492.547503631329164,0.0],[1063209.467313326895237,473492.53402086684946,0.0],[1063209.406503453152254,473492.516222314909101,0.0],[1063209.347076169447973,473492.494194688159041,0.0],[1063209.289320998825133,473492.468045303132385,0.0],[1063209.233519318979234,473492.437901556841098,0.0],[1063209.179942990187556,473492.403910306864418,0.0],[1063209.128853030502796,473492.366237154812552,0.0],[1063209.080498345661908,473492.325065640732646,0.0],[1063209.035114514408633,473492.280596347933169,0.0],[1063208.99292264203541,473492.233045926433988,0.0],[1063208.954128283308819,473492.182646037195809,0.0],[1063208.918920441064984,473492.129642223299015,0.0],[1063208.887470643501729,473492.074292714067269,0.0],[1063208.859932111110538,473492.016867166559678,0.0],[1063208.836439008824527,473491.957645352464169,0.0],[1063208.817105793394148,473491.896915794466622,0.0],[1063208.802026653196663,473491.834974360943306,0.0],[1063208.791275052819401,473491.772122824040707,0.0],[1063208.784903372870758,473491.708667390455958,0.0],[1063208.782942655961961,473491.644917208526749,0.0],[1063208.785402453737333,473491.581182862748392,0.0],[1063208.785402453737333,473491.581182862748392,0.0],[1063208.792270782869309,473491.517774860491045,0.0],[1063208.803514181403443,473491.455002119124401,0.0],[1063208.819077872671187,473491.393170461291447,0.0],[1063208.838886031880975,473491.332581124210265,0.0],[1063208.862842155620456,473491.273529293423053,0.0],[1063208.890829532174394,473491.216302663495298,0.0],[1063208.922711809864268,473491.161180036549922,0.0],[1063208.958333661546931,473491.108429964690004,0.0],[1063208.997521540615708,473491.058309440908488,0.0],[1063209.040084528038278,473491.011062647332437,0.0],[1063209.085815261350945,473490.966919765691273,0.0],[1063209.134490944910794,473490.926095855655149,0.0],[1063209.185874435584992,473490.888789807097055,0.0],[1063209.239715398289263,473490.855183371342719,0.0],[1063209.295751524856314,473490.825440275773872,0.0],[1063209.35370981390588,473490.799705425568391,0.0],[1063209.413307897280902,473490.778104198223446,0.0],[1063209.474255419801921,473490.760741833073553,0.0],[1063209.536255451152101,473490.747702917549759,0.0],[1063209.599005933385342,473490.739050976117142,0.0],[1063209.662201152648777,473490.734828159911558,0.0],[1063209.725533227901906,473490.735055042372551,0.0],[1063209.788693611510098,473490.739730518020224,0.0],[1063209.851374592864886,473490.748831808276009,0.0],[1063209.913270796416327,473490.762314572813921,0.0],[1063209.974080669926479,473490.780113124696072,0.0],[1063210.03350795363076,473490.802140751387924,0.0],[1063210.09126312402077,473490.828290136472788,0.0],[1063210.14706480386667,473490.858433882589452,0.0],[1063210.200641132891178,473490.892425132798962,0.0],[1063210.251731092575938,473490.930098284792621,0.0],[1063210.300085777416825,473490.971269798872527,0.0],[1063210.345469608902931,473491.015739091672003,0.0],[1063210.387661481043324,473491.063289513112977,0.0],[1063210.426455839304253,473491.113689402409364,0.0],[1063210.46166368201375,473491.166693216364365,0.0],[1063210.493113479577005,473491.222042725537904,0.0],[1063210.520652011735365,473491.279468272987287,0.0],[1063210.544145113788545,473491.338690087082796,0.0],[1063210.563478329684585,473491.399419645138551,0.0],[1063210.578557469882071,473491.461361078661866,0.0],[1063210.589309070259333,473491.524212615564466,0.0],[1063210.595680749975145,473491.587668049091008,0.0],[1063210.597641467349604,473491.651418231020216,0.0],[1063210.5951816693414,473491.715152576798573,0.0]],[[1063209.731276846723631,473491.667872136808001,0.0],[1063206.543273077113554,473491.431878735194914,0.0]],[[1063209.731276846723631,473491.667872136808001,0.0],[1063212.919280616100878,473491.903865538421087,0.0]],[[1063208.774554265663028,473504.707998436351772,0.0],[1063209.964149084175006,473488.493824142147787,0.0]]]}},
{"type":"Feature","properties":{"fid":2405,"Layer":"HIDRANTES","PaperSpace":null,"SubClasses":"AcDbEntity:AcDbBlockReference","Linetype":null,"EntityHandle":"37C4","Text":null},"geometry":{"type":"MultiLineString","coordinates":[[[1063287.628234765026718,473577.514094911690336,0.0],[1063284.424277747049928,473577.67168723186478,0.0]],[[1063287.938731367234141,473583.967312563210726,0.0],[1063284.73477434925735,473584.124904883210547,0.0]],[[1063282.67712493496947,473582.722630924719851,0.0],[1063282.503293995978311,473579.109809157787822,0.0]],[[1063273.151259765261784,473580.508297227381263,0.0],[1063273.214586552465335,473580.507410941296257,0.0],[1063273.277818765258417,473580.51097555848537,0.0],[1063273.340648342622444,473580.518973712634761,0.0],[1063273.402769186068326,473580.531366437615361,0.0],[1063273.463878647657111,473580.548093357123435,0.0],[1063273.523679009405896,473580.569072979385965,0.0],[1063273.581878929166123,473580.594203093787655,0.0],[1063273.638194863684475,473580.623361268895678,0.0],[1063273.692352446261793,473580.656405449146405,0.0],[1063273.744087827391922,473580.693174646468833,0.0],[1063273.793148957192898,473580.733489725040272,0.0],[1063273.839296815218404,473580.777154273935594,0.0],[1063273.882306572981179,473580.823955563770141,0.0],[1063273.921968691516668,473580.873665583494585,0.0],[1063273.958089941646904,473580.926042150647845,0.0],[1063273.990494343684986,473580.980830092157703,0.0],[1063274.019024026347324,473581.037762486434076,0.0],[1063274.043539996258914,473581.096561964717694,0.0],[1063274.063922814326361,473581.156942061905283,0.0],[1063274.080073177115992,473581.218608612020034,0.0],[1063274.091912401840091,473581.281261182099115,0.0],[1063274.099382808897644,473581.344594534835778,0.0],[1063274.10244800336659,473581.408300116658211,0.0],[1063274.101093051489443,473581.472067560418509,0.0],[1063274.095324555411935,473581.535586197511293,0.0],[1063274.085170617559925,473581.598546571505722,0.0],[1063274.0706807076931,473581.660641945665702,0.0],[1063274.051925418665633,473581.721569797664415,0.0],[1063274.028996124863625,473581.78103329334408,0.0],[1063274.002004534937441,473581.838742732186802,0.0],[1063273.971082150004804,473581.894416959723458,0.0],[1063273.93637961964123,473581.947784736927133,0.0],[1063273.898066011955962,473581.998586060944945,0.0],[1063273.856327987043187,473582.046573433151934,0.0],[1063273.811368888011202,473582.091513063758612,0.0],[1063273.763407750986516,473582.13318601163337,0.0],[1063273.712678238051012,473582.171389249968342,0.0],[1063273.659427498467267,473582.205936656624544,0.0],[1063273.603914964012802,473582.236659920250531,0.0],[1063273.546411086572334,473582.263409360020887,0.0],[1063273.487196019152179,473582.286054655385669,0.0],[1063273.426558251259848,473582.30448548059212,0.0],[1063273.364793204469606,473582.318612042814493,0.0],[1063273.302201791666448,473582.328365518827923,0.0],[1063273.239088951842859,473582.333698390342761,0.0],[1063273.239088951842859,473582.333698390342761,0.0],[1063273.17576216487214,473582.334584676544182,0.0],[1063273.112529951846227,473582.331020059296861,0.0],[1063273.0497003744822,473582.323021905031055,0.0],[1063272.987579531501979,473582.31062918016687,0.0],[1063272.926470069447532,473582.293902260600589,0.0],[1063272.866669707931578,473582.272922638338059,0.0],[1063272.80846978793852,473582.247792523994576,0.0],[1063272.752153853885829,473582.218634348828346,0.0],[1063272.697996271075681,473582.185590168694034,0.0],[1063272.646260889945552,473582.148820971371606,0.0],[1063272.597199759911746,473582.108505892800167,0.0],[1063272.551051902351901,473582.064841343904845,0.0],[1063272.508042144589126,473582.01804005401209,0.0],[1063272.468380025587976,473581.968330034345854,0.0],[1063272.43225877545774,473581.915953467134386,0.0],[1063272.399854374118149,473581.861165525682736,0.0],[1063272.37132469099015,473581.80423313123174,0.0],[1063272.34680872107856,473581.745433653064538,0.0],[1063272.326425903011113,473581.685053555935156,0.0],[1063272.310275540454313,473581.623387005703989,0.0],[1063272.298436315497383,473581.560734435741324,0.0],[1063272.29096590843983,473581.497401082946453,0.0],[1063272.287900713970885,473581.433695501065813,0.0],[1063272.289255665615201,473581.369928057305515,0.0],[1063272.29502416215837,473581.306409420329146,0.0],[1063272.305178099544719,473581.243449046334717,0.0],[1063272.319668009644374,473581.181353672116529,0.0],[1063272.338423298439011,473581.120425820001401,0.0],[1063272.36135259247385,473581.060962324496359,0.0],[1063272.388344182400033,473581.003252885653637,0.0],[1063272.419266567798331,473580.947578658000566,0.0],[1063272.453969097696245,473580.894210880913306,0.0],[1063272.492282705148682,473580.843409556779079,0.0],[1063272.534020730294287,473580.795422184630297,0.0],[1063272.578979829326272,473580.750482553907204,0.0],[1063272.626940966118127,473580.708809606207069,0.0],[1063272.677670479053631,473580.670606367872097,0.0],[1063272.730921218637377,473580.636058961041272,0.0],[1063272.786433753091842,473580.6053356975317,0.0],[1063272.84393763076514,473580.578586257819552,0.0],[1063272.903152698418126,473580.55594096245477,0.0],[1063272.963790466077626,473580.537510137015488,0.0],[1063273.025555512635037,473580.523383574909531,0.0],[1063273.088146925671026,473580.513630099012516,0.0],[1063273.151259765261784,473580.508297227381263,0.0]],[[1063273.209615127649158,473581.377621244988404,0.0],[1063273.364330009790137,473584.593143745441921,0.0]],[[1063273.209615127649158,473581.377621244988404,0.0],[1063273.054900244809687,473578.162098744593095,0.0]],[[1063286.177668088581413,473580.739764513098635,0.0],[1063270.053110232343897,473581.532879548089113,0.0]]]}},
{"type":"Feature","properties":{"fid":3437,"Layer":"HIDRANTES","PaperSpace":null,"SubClasses":"AcDbEntity:AcDbBlockReference","Linetype":null,"EntityHandle":"45A5","Text":null},"geometry":{"type":"MultiLineString","coordinates":[[[1063513.435165815986693,473133.346018494688906,0.0],[1063513.618814579909667,473136.571103272668552,0.0]],[[1063519.840075101936236,473132.973631447181106,0.0],[1063520.023723866092041,473136.198716225102544,0.0]],[[1063518.648825390730053,473138.283843743440229,0.0],[1063515.063048971351236,473138.49232393183047,0.0]],[[1063516.530950693180785,473147.897345594072249,0.0],[1063516.529533623252064,473147.833580595557578,0.0],[1063516.532536755781621,473147.769869660667609,0.0],[1063516.539945460157469,473147.706523182743695,0.0],[1063516.551723641110584,473147.64384977921145,0.0],[1063516.567813917296007,473147.582154788833577,0.0],[1063516.588137897895649,473147.52173878333997,0.0],[1063516.612596566788852,473147.46289610338863,0.0],[1063516.641070764278993,473147.405913424619939,0.0],[1063516.673421766143292,473147.351068360963836,0.0],[1063516.70949196210131,473147.298628112010192,0.0],[1063516.749105621362105,473147.248848161369096,0.0],[1063516.792069750837982,473147.201971031958237,0.0],[1063516.838175032520667,473147.158225104562007,0.0],[1063516.887196847004816,473147.117823504668195,0.0],[1063516.938896364765242,473147.080963065032847,0.0],[1063516.993021711008623,473147.047823365952354,0.0],[1063517.049309191992506,473147.018565860926174,0.0],[1063517.10748458118178,473146.993333089107182,0.0],[1063517.167264454066753,473146.972247982397676,0.0],[1063517.228357568848878,473146.955413265270181,0.0],[1063517.290466286009178,473146.942910954530817,0.0],[1063517.353288018377498,473146.934801960422192,0.0],[1063517.416516704019159,473146.931125789124053,0.0],[1063517.479844300309196,473146.931900350493379,0.0],[1063517.542962281033397,473146.937121871102136,0.0],[1063517.605563141172752,473146.94676491204882,0.0],[1063517.6673418963328,473146.960782493464649,0.0],[1063517.727997566573322,473146.979106322978623,0.0],[1063517.787234643241391,473147.001647129072808,0.0],[1063517.844764529494569,473147.028295094904024,0.0],[1063517.90030694543384,473147.058920394338202,0.0],[1063517.953591293888167,473147.093373824027367,0.0],[1063518.004357979400083,473147.131487530365121,0.0],[1063518.05235967063345,473147.173075827013236,0.0],[1063518.097362509695813,473147.217936100205407,0.0],[1063518.139147245790809,473147.265849795076065,0.0],[1063518.177510309265926,473147.316583480976988,0.0],[1063518.212264797883108,473147.369889988389332,0.0],[1063518.243241391843185,473147.425509613472968,0.0],[1063518.270289176609367,473147.483171382918954,0.0],[1063518.293276377720758,473147.542594374506734,0.0],[1063518.312091003637761,473147.603489085333422,0.0],[1063518.326641391729936,473147.665558842476457,0.0],[1063518.336856653913856,473147.728501248289831,0.0],[1063518.342687022639439,473147.792009653698187,0.0],[1063518.342687022639439,473147.792009653698187,0.0],[1063518.344104092568159,473147.855774652212858,0.0],[1063518.341100960038602,473147.919485587044619,0.0],[1063518.333692255662754,473147.982832065026741,0.0],[1063518.321914074476808,473148.045505468558986,0.0],[1063518.305823798524216,473148.107200458936859,0.0],[1063518.285499818157405,473148.167616464372259,0.0],[1063518.261041149031371,473148.226459144323599,0.0],[1063518.23256695154123,473148.283441823150497,0.0],[1063518.200215949676931,473148.3382868868066,0.0],[1063518.164145753718913,473148.390727135760244,0.0],[1063518.124532094225287,473148.44050708640134,0.0],[1063518.081567964982241,473148.487384215870406,0.0],[1063518.035462683299556,473148.531130143208429,0.0],[1063517.986440868582577,473148.571531743102241,0.0],[1063517.934741350822151,473148.608392182679381,0.0],[1063517.8806160048116,473148.641531881759875,0.0],[1063517.824328523827717,473148.670789386844262,0.0],[1063517.766153134405613,473148.696022158605047,0.0],[1063517.706373261520639,473148.717107265372761,0.0],[1063517.645280146971345,473148.733941982558463,0.0],[1063517.583171429811046,473148.746444293181412,0.0],[1063517.520349697442725,473148.754553287290037,0.0],[1063517.457121011801064,473148.758229458588175,0.0],[1063517.393793415278196,473148.75745489721885,0.0],[1063517.330675434786826,473148.752233376610093,0.0],[1063517.268074574647471,473148.742590335663408,0.0],[1063517.206295819254592,473148.728572754363995,0.0],[1063517.145640149246901,473148.71024892461719,0.0],[1063517.086403072346002,473148.687708118639421,0.0],[1063517.028873186325654,473148.661060152808204,0.0],[1063516.973330770386383,473148.630434853432234,0.0],[1063516.920046421699226,473148.595981423684862,0.0],[1063516.86927973642014,473148.557867717405315,0.0],[1063516.821278045186773,473148.516279420757201,0.0],[1063516.776275206357241,473148.471419147506822,0.0],[1063516.734490469796583,473148.423505452694371,0.0],[1063516.696127406554297,473148.372771766851656,0.0],[1063516.661372917937115,473148.319465259381104,0.0],[1063516.630396323977038,473148.26384563423926,0.0],[1063516.603348539210856,473148.206183864793275,0.0],[1063516.580361338099465,473148.146760873205494,0.0],[1063516.561546712182462,473148.085866162437014,0.0],[1063516.546996324090287,473148.023796405352186,0.0],[1063516.536781061906368,473147.960853999480605,0.0],[1063516.530950693180785,473147.897345594072249,0.0]],[[1063517.393626840086654,473147.830536353925709,0.0],[1063520.58507814980112,473147.644982573518064,0.0]],[[1063517.393626840086654,473147.830536353925709,0.0],[1063514.202175530837849,473148.016090134216938,0.0]],[[1063516.650306350551546,473134.776968541205861,0.0],[1063517.57455567875877,473151.007856096490286,0.0]]]}},
{"type":"Feature","properties":{"fid":3424,"Layer":"HIDRANTES","PaperSpace":null,"SubClasses":"AcDbEntity:AcDbBlockReference","Linetype":null,"EntityHandle":"4562","Text":null},"geometry":{"type":"MultiLineString","coordinates":[[[1063787.108739907853305,473204.016338062123396,0.0],[1063786.953491606982425,473200.789729236392304,0.0]],[[1063780.700825871666893,473204.331522702239454,0.0],[1063780.545577570330352,473201.104913876508363,0.0]],[[1063781.93877410562709,473199.032137572998181,0.0],[1063785.526232728734612,473198.85568204493029,0.0]],[[1063784.141192527022213,473189.437891102512367,0.0],[1063784.142048169625923,473189.501666465599556,0.0],[1063784.138484274735674,473189.565348299220204,0.0],[1063784.130518204998225,473189.628626352059655,0.0],[1063784.118188770255074,473189.691192339523695,0.0],[1063784.101556038716808,473189.752741446776781,0.0],[1063784.080701042897999,473189.812973812571727,0.0],[1063784.055725386599079,473189.871595990727656,0.0],[1063784.026750748511404,473189.928322380175814,0.0],[1063783.993918290361762,473189.982876615598798,0.0],[1063783.957387967966497,473190.034992913890164,0.0],[1063783.91733775427565,473190.084417370206211,0.0],[1063783.873962769284844,473190.130909193074331,0.0],[1063783.827474331716076,473190.174241879431065,0.0],[1063783.778098928742111,473190.214204316551331,0.0],[1063783.726077112136409,473190.250601811450906,0.0],[1063783.671662327134982,473190.283257039263844,0.0],[1063783.61511967680417,473190.312010907044169,0.0],[1063783.556724631693214,473190.336723328742664,0.0],[1063783.496761686168611,473190.357273907866329,0.0],[1063783.435522974235937,473190.373562524328008,0.0],[1063783.373306843917817,473190.385509821237065,0.0],[1063783.310416406486183,473190.393057592969853,0.0],[1063783.24715805798769,473190.396169067244045,0.0],[1063783.183839986333624,473190.394829085445963,0.0],[1063783.120770670706406,473190.3890441757394,0.0],[1063783.058257379103452,473190.37884252157528,0.0],[1063782.996604669373482,473190.364273824554402,0.0],[1063782.936112907715142,473190.345409061701503,0.0],[1063782.877076803939417,473190.322340140410233,0.0],[1063782.819783975603059,473190.295179450069554,0.0],[1063782.764513547765091,473190.264059314795304,0.0],[1063782.711534792557359,473190.229131348896772,0.0],[1063782.661105817183852,473190.190565717814025,0.0],[1063782.6134723064024,473190.148550309415441,0.0],[1063782.568866325775161,473190.103289818682242,0.0],[1063782.52750519127585,473190.055004749912769,0.0],[1063782.489590410143137,473190.003930343315005,0.0],[1063782.455306699732319,473189.950315428141039,0.0],[1063782.424821086227894,473189.894421211094595,0.0],[1063782.398282093228772,473189.836520002922043,0.0],[1063782.375819015083835,473189.776893892558292,0.0],[1063782.35754129034467,473189.715833372552879,0.0],[1063782.343537966255099,473189.65363592345966,0.0],[1063782.333877265453339,473189.590604565048125,0.0],[1063782.328606253722683,473189.527046379749663,0.0],[1063782.328606253722683,473189.527046379749663,0.0],[1063782.327750610886142,473189.463271016720682,0.0],[1063782.331314506009221,473189.399589183041826,0.0],[1063782.33928057574667,473189.336311130202375,0.0],[1063782.351610010256991,473189.27374514262192,0.0],[1063782.368242742028087,473189.212196035427041,0.0],[1063782.389097737381235,473189.151963669748511,0.0],[1063782.414073394145817,473189.093341491476167,0.0],[1063782.443048032233492,473189.036615102144424,0.0],[1063782.475880490383133,473188.98206086672144,0.0],[1063782.512410812545568,473188.929944568313658,0.0],[1063782.552461026236415,473188.880520112114027,0.0],[1063782.595836011460051,473188.8340282891877,0.0],[1063782.642324448795989,473188.790695602830965,0.0],[1063782.691699852002785,473188.750733165710699,0.0],[1063782.743721668375656,473188.714335670869332,0.0],[1063782.798136453609914,473188.681680442998186,0.0],[1063782.854679103707895,473188.652926575217862,0.0],[1063782.913074148818851,473188.628214153519366,0.0],[1063782.973037094576284,473188.607663574395701,0.0],[1063783.034275806508958,473188.59137495799223,0.0],[1063783.096491936827078,473188.579427660966758,0.0],[1063783.159382374258712,473188.571879889292177,0.0],[1063783.222640722757205,473188.568768415076192,0.0],[1063783.285958794411272,473188.570108396816067,0.0],[1063783.349028110038489,473188.575893306580838,0.0],[1063783.411541401641443,473188.586094960686751,0.0],[1063783.473194111371413,473188.600663657707628,0.0],[1063783.533685872796923,473188.619528420560528,0.0],[1063783.592721976805478,473188.642597341851797,0.0],[1063783.650014804909006,473188.669758032192476,0.0],[1063783.705285232746974,473188.700878167350311,0.0],[1063783.758263987954706,473188.735806133365259,0.0],[1063783.808692963328212,473188.774371764389798,0.0],[1063783.856326474342495,473188.816387172846589,0.0],[1063783.900932454736903,473188.861647663637996,0.0],[1063783.942293589469045,473188.909932732349262,0.0],[1063783.980208370601758,473188.961007138947025,0.0],[1063784.014492081012577,473189.014622054062784,0.0],[1063784.044977694284171,473189.070516271167435,0.0],[1063784.071516687516123,473189.128417479339987,0.0],[1063784.093979765661061,473189.188043589703739,0.0],[1063784.112257490167394,473189.249104109767359,0.0],[1063784.126260814256966,473189.311301558860578,0.0],[1063784.135921515291557,473189.374332917213906,0.0],[1063784.141192527022213,473189.437891102512367,0.0]],[[1063783.277965067420155,473189.49699516245164,0.0],[1063780.085016544908285,473189.654046010051388,0.0]],[[1063783.277965067420155,473189.49699516245164,0.0],[1063786.470913590164855,473189.339944314851891,0.0]],[[1063783.90633435593918,473202.556731575925369,0.0],[1063783.125016067177057,473186.318173944018781,0.0]]]}},
{"type":"Feature","properties":{"fid":3423,"Layer":"HIDRANTES","PaperSpace":null,"SubClasses":"AcDbEntity:AcDbBlockReference","Linetype":null,"EntityHandle":"455F","Text":null},"geometry":{"type":"MultiLineString","coordinates":[[[1063633.264354365877807,473214.81406599341426,0.0],[1063633.109106064541265,473211.587457167624962,0.0]],[[1063626.856440329458565,473215.129250633588526,0.0],[1063626.701192028354853,473211.902641807857435,0.0]],[[1063628.094388563418761,473209.829865504289046,0.0],[1063631.681847186526284,473209.653409976221155,0.0]],[[1063630.296806984813884,473200.23561903386144,0.0],[1063630.297662627650425,473200.299394396832213,0.0],[1063630.294098732294515,473200.363076230511069,0.0],[1063630.286132662789896,473200.42635428335052,0.0],[1063630.273803228046745,473200.48892027081456,0.0],[1063630.257170496508479,473200.550469378009439,0.0],[1063630.236315500922501,473200.610701743862592,0.0],[1063630.211339844157919,473200.669323922018521,0.0],[1063630.182365206303075,473200.726050311466679,0.0],[1063630.149532748153433,473200.780604546831455,0.0],[1063630.113002425758168,473200.832720845239237,0.0],[1063630.072952212300152,473200.882145301497076,0.0],[1063630.029577227076516,473200.928637124423403,0.0],[1063629.983088789740577,473200.971969810780138,0.0],[1063629.933713386533782,473201.011932247900404,0.0],[1063629.88169157016091,473201.048329742683563,0.0],[1063629.827276784926653,473201.080984970612917,0.0],[1063629.770734134828672,473201.109738838393241,0.0],[1063629.712339089717716,473201.134451260091737,0.0],[1063629.652376144193113,473201.155001839215402,0.0],[1063629.591137431794778,473201.171290455618873,0.0],[1063629.528921301709488,473201.183237752586138,0.0],[1063629.466030864277855,473201.190785524318926,0.0],[1063629.40277251554653,473201.19389699853491,0.0],[1063629.339454444125295,473201.192557016795035,0.0],[1063629.276385128730908,473201.186772107030265,0.0],[1063629.213871836895123,473201.176570452866144,0.0],[1063629.152219127397984,473201.162001755903475,0.0],[1063629.091727365506813,473201.143136992992368,0.0],[1063629.032691261498258,473201.120068071759306,0.0],[1063628.97539843339473,473201.092907381418627,0.0],[1063628.920128005789593,473201.061787246144377,0.0],[1063628.86714925034903,473201.026859280187637,0.0],[1063628.816720274975523,473200.988293649104889,0.0],[1063628.769086763961241,473200.946278240764514,0.0],[1063628.724480783566833,473200.901017749973107,0.0],[1063628.68311964883469,473200.852732681203634,0.0],[1063628.645204868167639,473200.801658274664078,0.0],[1063628.61092115775682,473200.748043359431904,0.0],[1063628.580435544252396,473200.692149142443668,0.0],[1063628.553896550787613,473200.634247934212908,0.0],[1063628.531433472875506,473200.574621823907364,0.0],[1063628.513155748369172,473200.513561303843744,0.0],[1063628.4991524242796,473200.451363854750525,0.0],[1063628.489491723012179,473200.38833249633899,0.0],[1063628.484220711514354,473200.324774311040528,0.0],[1063628.484220711514354,473200.324774311040528,0.0],[1063628.483365068677813,473200.260998948069755,0.0],[1063628.486928964033723,473200.197317114390898,0.0],[1063628.494895033538342,473200.134039061551448,0.0],[1063628.507224468281493,473200.071473073970992,0.0],[1063628.523857199586928,473200.009923966776114,0.0],[1063628.544712195405737,473199.949691601039376,0.0],[1063628.569687851937488,473199.891069422708824,0.0],[1063628.598662490025163,473199.834343033377081,0.0],[1063628.631494948174804,473199.779788798070513,0.0],[1063628.66802527057007,473199.727672499604523,0.0],[1063628.708075484028086,473199.678248043404892,0.0],[1063628.751450469251722,473199.631756220478565,0.0],[1063628.79793890658766,473199.588423534180038,0.0],[1063628.847314309794456,473199.548461097059771,0.0],[1063628.899336126167327,473199.512063602160197,0.0],[1063628.953750911401585,473199.479408374289051,0.0],[1063629.010293561499566,473199.450654506508727,0.0],[1063629.068688606610522,473199.425942084868439,0.0],[1063629.128651552135125,473199.405391505744774,0.0],[1063629.18989026453346,473199.389102889283095,0.0],[1063629.25210639461875,473199.377155592199415,0.0],[1063629.314996832050383,473199.369607820583042,0.0],[1063629.378255180781707,473199.36649634630885,0.0],[1063629.441573252202943,473199.367836328106932,0.0],[1063629.50464256759733,473199.373621237871703,0.0],[1063629.567155859433115,473199.383822892035823,0.0],[1063629.628808568930253,473199.3983915890567,0.0],[1063629.689300330821425,473199.4172563519096,0.0],[1063629.748336434597149,473199.440325273142662,0.0],[1063629.805629262933508,473199.467485963541549,0.0],[1063629.860899690538645,473199.498606098699383,0.0],[1063629.913878445979208,473199.533534064714331,0.0],[1063629.964307421352714,473199.572099695680663,0.0],[1063630.011940932366997,473199.614115104195662,0.0],[1063630.056546912761405,473199.659375594870653,0.0],[1063630.097908047493547,473199.707660663698334,0.0],[1063630.135822828160599,473199.75873507023789,0.0],[1063630.170106538571417,473199.812349985295441,0.0],[1063630.200592152075842,473199.868244202516507,0.0],[1063630.227131145540625,473199.92614541068906,0.0],[1063630.249594223452732,473199.985771520994604,0.0],[1063630.267871947959065,473200.046832041116431,0.0],[1063630.281875272048637,473200.109029490151443,0.0],[1063630.291535973316059,473200.172060848562978,0.0],[1063630.296806984813884,473200.23561903386144,0.0]],[[1063629.433579525444657,473200.294723093800712,0.0],[1063626.240631002932787,473200.451773941400461,0.0]],[[1063629.433579525444657,473200.294723093800712,0.0],[1063632.626528047723696,473200.137672246200964,0.0]],[[1063630.061948813963681,473213.354459507274441,0.0],[1063629.280630525201559,473197.115901875309646,0.0]]]}},
{"type":"Feature","properties":{"fid":2827,"Layer":"HIDRANTES","PaperSpace":null,"SubClasses":"AcDbEntity:AcDbBlockReference","Linetype":null,"EntityHandle":"3CD0","Text":null},"geometry":{"type":"MultiLineString","coordinates":[[[1063955.445573411183432,474323.415237121342216,0.0],[1063954.626719255466014,474320.574877191800624,0.0]],[[1063949.804208181565627,474325.066744238429237,0.0],[1063948.98535402584821,474322.226384308887646,0.0]],[[1063949.789146150229499,474320.08236108609708,0.0],[1063952.947453865781426,474319.157767932338174,0.0]],[[1063949.727299135411158,474311.066712772822939,0.0],[1063949.741513005690649,474311.12332714907825,0.0],[1063949.751770448172465,474311.180803675670177,0.0],[1063949.758021489949897,474311.238862332771532,0.0],[1063949.760235676541924,474311.297220264445059,0.0],[1063949.758402220439166,474311.355593156826217,0.0],[1063949.752530054189265,474311.413696622825228,0.0],[1063949.742647786159068,474311.471247588226106,0.0],[1063949.728803562000394,474311.527965670684353,0.0],[1063949.711064829258248,474311.583574545336887,0.0],[1063949.689518009545282,474311.637803291203454,0.0],[1063949.66426807641983,474311.690387711452786,0.0],[1063949.635438045021147,474311.741071620141156,0.0],[1063949.603168372996151,474311.789608090068214,0.0],[1063949.567616274114698,474311.835760656744242,0.0],[1063949.528954955050722,474311.879304469155613,0.0],[1063949.487372769974172,474311.920027386513539,0.0],[1063949.443072302732617,474311.95773101085797,0.0],[1063949.396269380813465,474311.992231653712224,0.0],[1063949.347192023647949,474312.023361231607851,0.0],[1063949.296079331310466,474312.050968084251508,0.0],[1063949.243180318968371,474312.074917713878676,0.0],[1063949.188752706162632,474312.095093440380879,0.0],[1063949.13306165789254,474312.111396969470661,0.0],[1063949.076378495898098,474312.123748872138094,0.0],[1063949.018979374784976,474312.132088970975019,0.0],[1063948.96114393719472,474312.13637663424015,0.0],[1063948.903153951978311,474312.136590972426347,0.0],[1063948.84529193979688,474312.132730941404589,0.0],[1063948.787839799188077,474312.124815347080585,0.0],[1063948.73107743053697,474312.112882753310259,0.0],[1063948.675281374948099,474312.096991294471081,0.0],[1063948.620723464991897,474312.07721839210717,0.0],[1063948.567669501528144,474312.053660377918277,0.0],[1063948.516377958003432,474312.026432024082169,0.0],[1063948.467098721303046,474311.995665984519292,0.0],[1063948.420071875443682,474311.961512148089241,0.0],[1063948.375526530668139,474311.924136909015942,0.0],[1063948.333679706556723,474311.883722355705686,0.0],[1063948.294735277304426,474311.840465383720584,0.0],[1063948.258882976137102,474311.794576736632735,0.0],[1063948.226297471672297,474311.746279979473911,0.0],[1063948.197137517156079,474311.695810409146361,0.0],[1063948.171545177465305,474311.643413908255752,0.0],[1063948.149645135505125,474311.589345747372136,0.0],[1063948.131544085917994,474311.533869341074023,0.0],[1063948.131544085917994,474311.533869341074023,0.0],[1063948.117330215638503,474311.47725496487692,0.0],[1063948.107072773156688,474311.419778438168578,0.0],[1063948.100821731146425,474311.36171978112543,0.0],[1063948.098607545020059,474311.303361849393696,0.0],[1063948.100441000889987,474311.244988957128953,0.0],[1063948.106313167139888,474311.186885491071735,0.0],[1063948.116195435170084,474311.129334525554441,0.0],[1063948.130039659328759,474311.072616443096194,0.0],[1063948.147778392070904,474311.017007568501867,0.0],[1063948.169325211783871,474310.962778822577093,0.0],[1063948.194575145142153,474310.910194402327761,0.0],[1063948.223405176075175,474310.859510493814014,0.0],[1063948.255674848333001,474310.810974023712333,0.0],[1063948.291226947214454,474310.764821457152721,0.0],[1063948.3298882660456,474310.721277644683141,0.0],[1063948.371470451587811,474310.680554727267008,0.0],[1063948.415770918596536,474310.642851102980785,0.0],[1063948.462573840282857,474310.60835046012653,0.0],[1063948.511651197681203,474310.577220882230904,0.0],[1063948.562763890018687,474310.549614029587246,0.0],[1063948.615662902360782,474310.525664399901871,0.0],[1063948.670090515399352,474310.505488673399668,0.0],[1063948.725781563436612,474310.489185144426301,0.0],[1063948.782464725198224,474310.476833241817076,0.0],[1063948.839863846544176,474310.468493142863736,0.0],[1063948.897699283901602,474310.464205479715019,0.0],[1063948.955689269583672,474310.463991141470615,0.0],[1063949.013551281532273,474310.467851172375958,0.0],[1063949.071003422373906,474310.47576676675817,0.0],[1063949.127765790792182,474310.487699360470288,0.0],[1063949.183561846381053,474310.503590819309466,0.0],[1063949.238119756104425,474310.523363721673377,0.0],[1063949.291173719801009,474310.546921735978685,0.0],[1063949.342465263325721,474310.574150089756586,0.0],[1063949.391744499793276,474310.604916129377671,0.0],[1063949.43877134565264,474310.639069965749513,0.0],[1063949.483316690893844,474310.676445204822812,0.0],[1063949.52516351477243,474310.716859758249484,0.0],[1063949.564107944024727,474310.760116730059963,0.0],[1063949.599960245424882,474310.806005377147812,0.0],[1063949.632545749889687,474310.854302134364843,0.0],[1063949.661705704173073,474310.904771704634186,0.0],[1063949.687298043863848,474310.957168205583002,0.0],[1063949.709198085824028,474311.011236366466619,0.0],[1063949.727299135411158,474311.066712772822939,0.0]],[[1063948.970846293028444,474311.304015285568312,0.0],[1063946.159855278907344,474312.126931632286869,0.0]],[[1063948.970846293028444,474311.304015285568312,0.0],[1063951.781837306916714,474310.481098938849755,0.0]],[[1063952.285167926223949,474322.800404839857947,0.0],[1063948.164119755849242,474308.50572243379429,0.0]]]}},
{"type":"Feature","properties":{"fid":2995,"Layer":"HIDRANTES","PaperSpace":null,"SubClasses":"AcDbEntity:AcDbBlockReference","Linetype":null,"EntityHandle":"3ED0","Text":null},"geometry":{"type":"MultiLineString","coordinates":[[[1063542.354823950212449,473536.55794003768824,0.0],[1063542.948164879111573,473538.673044280556496,0.0]],[[1063546.555713930400088,473535.361215658835135,0.0],[1063547.149054859066382,473537.476319901645184,0.0]],[[1063546.540325365262106,473539.065198909025639,0.0],[1063544.188465009443462,473539.735182802134659,0.0]],[[1063546.538204336771742,473545.765073737828061,0.0],[1063546.527943967375904,473545.722926639777143,0.0],[1063546.520628205966204,473545.680160276067909,0.0],[1063546.516292694024742,473545.636982999974862,0.0],[1063546.514958554180339,473545.593605166941416,0.0],[1063546.516632285900414,473545.550238109310158,0.0],[1063546.521305735222995,473545.507093107153196,0.0],[1063546.528956133173779,473545.464380358578637,0.0],[1063546.539546207990497,473545.422307955741417,0.0],[1063546.553024366032332,473545.381080871156882,0.0],[1063546.569324942771345,473545.340899959031958,0.0],[1063546.588368523633108,473545.301960976736154,0.0],[1063546.610062330262735,473545.264453631127253,0.0],[1063546.634300672682002,473545.228560654213652,0.0],[1063546.660965463612229,473545.194456912809983,0.0],[1063546.689926795428619,473545.162308557191864,0.0],[1063546.721043571131304,473545.132272210845258,0.0],[1063546.754164193058386,473545.10449420765508,0.0],[1063546.78912730072625,473545.079109879385214,0.0],[1063546.825762557564303,473545.056242895836476,0.0],[1063546.863891480257735,473545.036004662804771,0.0],[1063546.903328308369964,473545.018493778828997,0.0],[1063546.943880909821019,473545.003795555210672,0.0],[1063546.985351716633886,473544.991981600178406,0.0],[1063547.027538686292246,473544.983109470224008,0.0],[1063547.070236288942397,473544.977222389425151,0.0],[1063547.113236506236717,473544.974349038966466,0.0],[1063547.156329844845459,473544.974503417732194,0.0],[1063547.199306359048933,473544.977684773271903,0.0],[1063547.241956670768559,473544.98387760668993,0.0],[1063547.284072992624715,473544.993051746860147,0.0],[1063547.325450137956068,473545.005162498331629,0.0],[1063547.36588652129285,473545.020150858967099,0.0],[1063547.405185140902176,473545.037943806790281,0.0],[1063547.443154537584633,473545.058454656391405,0.0],[1063547.479609728325158,473545.081583480874542,0.0],[1063547.514373107580468,473545.107217599113937,0.0],[1063547.547275310847908,473545.135232124011964,0.0],[1063547.578156042378396,473545.16549057199154,0.0],[1063547.606864854460582,473545.197845526563469,0.0],[1063547.63326188060455,473545.232139357889537,0.0],[1063547.657218516571447,473545.268204989726655,0.0],[1063547.678618048783392,473545.305866713926662,0.0],[1063547.697356220334768,473545.344941046496388,0.0],[1063547.713341741356999,473545.385237621085253,0.0],[1063547.726496731396765,473545.426560117048211,0.0],[1063547.726496731396765,473545.426560117048211,0.0],[1063547.736757101025432,473545.468707215040922,0.0],[1063547.744072862435132,473545.511473578750156,0.0],[1063547.748408374143764,473545.554650854843203,0.0],[1063547.749742513988167,473545.598028687934857,0.0],[1063547.748068782268092,473545.641395745449699,0.0],[1063547.743395332945511,473545.684540747606661,0.0],[1063547.735744934994727,473545.727253496239427,0.0],[1063547.725154860178009,473545.769325899076648,0.0],[1063547.711676702369004,473545.810552983661182,0.0],[1063547.695376125397161,473545.850733895786107,0.0],[1063547.676332544535398,473545.88967287808191,0.0],[1063547.654638737905771,473545.927180223632604,0.0],[1063547.630400395719334,473545.96307320066262,0.0],[1063547.603735604556277,473545.997176941891667,0.0],[1063547.574774272739887,473546.029325297626201,0.0],[1063547.543657497037202,473546.059361644031014,0.0],[1063547.51053687511012,473546.087139647221193,0.0],[1063547.475573767442256,473546.112523975491058,0.0],[1063547.438938510604203,473546.135390959039796,0.0],[1063547.400809587910771,473546.155629192071501,0.0],[1063547.361372759565711,473546.17314007593086,0.0],[1063547.320820158114657,473546.187838299549185,0.0],[1063547.279349351767451,473546.199652254523244,0.0],[1063547.237162381643429,473546.208524384594057,0.0],[1063547.194464778993279,473546.214411465451121,0.0],[1063547.151464561931789,473546.217284815793391,0.0],[1063547.108371223323047,473546.217130437085871,0.0],[1063547.065394709119573,473546.213949081604369,0.0],[1063547.022744397399947,473546.207756248186342,0.0],[1063546.980628075776622,473546.198582108016126,0.0],[1063546.939250930212438,473546.186471356311813,0.0],[1063546.898814546642825,473546.171482995792758,0.0],[1063546.85951592749916,473546.153690048027784,0.0],[1063546.821546530583873,473546.133179198484868,0.0],[1063546.785091339843348,473546.110050373885315,0.0],[1063546.750327960820869,473546.084416255762335,0.0],[1063546.717425757320598,473546.056401730689686,0.0],[1063546.68654502579011,473546.026143282884732,0.0],[1063546.657836213707924,473545.993788328312803,0.0],[1063546.631439187796786,473545.959494496928528,0.0],[1063546.607482551597059,473545.92342886509141,0.0],[1063546.586083019617945,473545.885767140891403,0.0],[1063546.567344847833738,473545.846692808263469,0.0],[1063546.551359327044338,473545.806396233616397,0.0],[1063546.538204336771742,473545.765073737828061,0.0]],[[1063547.101587829878554,473545.592825392144732,0.0],[1063549.194815887836739,473544.996519119071309,0.0]],[[1063547.101587829878554,473545.592825392144732,0.0],[1063545.008359771454707,473546.189131665218156,0.0]],[[1063544.700033581117168,473537.031916589825414,0.0],[1063547.686141097918153,473547.676603937754408,0.0]]]}},
{"type":"Feature","properties":{"fid":3043,"Layer":"HIDRANTES","PaperSpace":null,"SubClasses":"AcDbEntity:AcDbBlockReference","Linetype":null,"EntityHandle":"3F79","Text":null},"geometry":{"type":"MultiLineString","coordinates":[[[1064031.510429064044729,473238.097785788413603,0.0],[1064033.798467229586095,473235.832778588461224,0.0]],[[1064027.014064327115193,473233.491015884152148,0.0],[1064029.302102492190897,473231.226008684083354,0.0]],[[1064031.765089518856257,473230.893152299162466,0.0],[1064034.282370861619711,473233.472243766998872,0.0]],[[1064040.340736546553671,473226.160683565656655,0.0],[1064040.294040344655514,473226.203789070656057,0.0],[1064040.244473424972966,473226.243510278116446,0.0],[1064040.192277272231877,473226.279653670208063,0.0],[1064040.137706180801615,473226.312043160200119,0.0],[1064040.081026015803218,473226.340520949568599,0.0],[1064040.022512916941196,473226.364948297443334,0.0],[1064039.962451954372227,473226.385206196049694,0.0],[1064039.901135739171878,473226.401195951271802,0.0],[1064039.838862997945398,473226.412839662458282,0.0],[1064039.775937116937712,473226.420080602692906,0.0],[1064039.712664664257318,473226.422883494757116,0.0],[1064039.649353897664696,473226.421234683250077,0.0],[1064039.58631326071918,473226.415142200945411,0.0],[1064039.523849880788475,473226.404635730024893,0.0],[1064039.462268073577434,473226.389766456850339,0.0],[1064039.401867858832702,473226.370606823009439,0.0],[1064039.342943500960246,473226.347250172111671,0.0],[1064039.285782073391601,473226.319810295826755,0.0],[1064039.230662060668692,473226.288420878117904,0.0],[1064039.177852001739666,473226.25323484535329,0.0],[1064039.127609182149172,473226.214423620083835,0.0],[1064039.080178380245343,473226.172176286869217,0.0],[1064039.035790673689917,473226.12669867038494,0.0],[1064038.994662315119058,473226.07821233314462,0.0],[1064038.956993677187711,473226.026953495398629,0.0],[1064038.922968278406188,473225.973171885416377,0.0],[1064038.892751887207851,473225.917129521607421,0.0],[1064038.866491714026779,473225.859099436725955,0.0],[1064038.844315696274862,473225.799364347651135,0.0],[1064038.826331873657182,473225.738215277553536,0.0],[1064038.812627860810608,473225.675950138655026,0.0],[1064038.803270422620699,473225.6128722805297,0.0],[1064038.798305147793144,473225.549289011978544,0.0],[1064038.797756226267666,473225.485510104335845,0.0],[1064038.801626332337037,473225.421846282260958,0.0],[1064038.809896611841395,473225.358607709174976,0.0],[1064038.822526772273704,473225.296102477179375,0.0],[1064038.839455280918628,473225.234635105531197,0.0],[1064038.860599663341418,473225.174505056987982,0.0],[1064038.885856907116249,473225.116005279181991,0.0],[1064038.915103960549459,473225.059420777135529,0.0],[1064038.948198335943744,473225.005027224775404,0.0],[1064038.984978799708188,473224.953089622256812,0.0],[1064039.025266162119806,473224.903861004102509,0.0],[1064039.068864146480337,473224.857581207179464,0.0],[1064039.068864146480337,473224.857581207179464,0.0],[1064039.115560348378494,473224.814475702296477,0.0],[1064039.165127268061042,473224.774754494894296,0.0],[1064039.217323420802131,473224.738611102686264,0.0],[1064039.271894512232393,473224.706221612752415,0.0],[1064039.32857467723079,473224.677743823383935,0.0],[1064039.387087775859982,473224.653316475625616,0.0],[1064039.447148738661781,473224.633058576786425,0.0],[1064039.508464953862131,473224.617068821564317,0.0],[1064039.57073769508861,473224.605425110377837,0.0],[1064039.633663576329127,473224.598184170143213,0.0],[1064039.69693602877669,473224.595381278195418,0.0],[1064039.760246795369312,473224.597030089702457,0.0],[1064039.823287432547659,473224.603122571890708,0.0],[1064039.885750812245533,473224.613629042869434,0.0],[1064039.947332619456574,473224.628498316160403,0.0],[1064040.007732834201306,473224.647657950001303,0.0],[1064040.066657192073762,473224.671014600840863,0.0],[1064040.123818619642407,473224.698454477183986,0.0],[1064040.178938632598147,473224.729843894718215,0.0],[1064040.231748691294342,473224.765029927599244,0.0],[1064040.281991510652006,473224.803841152868699,0.0],[1064040.329422312788665,473224.846088486083318,0.0],[1064040.373810019344091,473224.891566102509387,0.0],[1064040.414938378147781,473224.940052439866122,0.0],[1064040.452607015613467,473224.991311277495697,0.0],[1064040.48663241439499,473225.045092887419742,0.0],[1064040.516848806058988,473225.101135251286905,0.0],[1064040.543108979007229,473225.159165336110163,0.0],[1064040.565284996759146,473225.218900425243191,0.0],[1064040.583268819609657,473225.280049495282583,0.0],[1064040.59697283199057,473225.342314634181093,0.0],[1064040.606330270413309,473225.405392492422834,0.0],[1064040.611295545240864,473225.468975760857575,0.0],[1064040.611844466533512,473225.532754668500274,0.0],[1064040.607974360464141,473225.596418490691576,0.0],[1064040.599704081192613,473225.659657063777559,0.0],[1064040.587073920993134,473225.722162295831367,0.0],[1064040.57014541211538,473225.783629667421337,0.0],[1064040.54900102969259,473225.843759715964552,0.0],[1064040.523743785917759,473225.902259493654128,0.0],[1064040.494496732484549,473225.958843995758798,0.0],[1064040.461402357323095,473226.013237548060715,0.0],[1064040.424621893325821,473226.065175150579307,0.0],[1064040.384334530914202,473226.114403768791817,0.0],[1064040.340736546553671,473226.160683565656655,0.0]],[[1064039.722683309111744,473225.551175326807424,0.0],[1064037.482225484447554,473223.255704589362722,0.0]],[[1064039.722683309111744,473225.551175326807424,0.0],[1064041.963141134474427,473227.846646064310335,0.0]],[[1064030.461822461569682,473234.718818076187745,0.0],[1064041.976834544446319,473223.319713957898784,0.0]]]}},
{"type":"Feature","properties":{"fid":3084,"Layer":"HIDRANTES","PaperSpace":null,"SubClasses":"AcDbEntity:AcDbBlockReference","Linetype":null,"EntityHandle":"4009","Text":null},"geometry":{"type":"MultiLineString","coordinates":[[[1063693.700970833189785,472952.100780063366983,0.0],[1063696.901931527536362,472951.889992482552771,0.0]],[[1063693.284830267541111,472945.653638541931286,0.0],[1063696.485790961887687,472945.442850961117074,0.0]],[[1063698.566138587659225,472946.810747730662115,0.0],[1063698.799114100635052,472950.420167787582614,0.0]],[[1063708.127032697899267,472948.866541622555815,0.0],[1063708.063728636829183,472948.868479639932048,0.0],[1063708.000446245074272,472948.86596581665799,0.0],[1063707.937493828590959,472948.859012399974745,0.0],[1063707.875178084941581,472948.847653266100679,0.0],[1063707.8138026103843,472948.831943755794782,0.0],[1063707.753666419768706,472948.811960404040292,0.0],[1063707.695062490878627,472948.787800567632075,0.0],[1063707.638276336016133,472948.759581951191649,0.0],[1063707.583584611536935,472948.727442032599356,0.0],[1063707.531253770226613,472948.691537394595798,0.0],[1063707.481538762338459,472948.652042960922699,0.0],[1063707.43468179507181,472948.609151144279167,0.0],[1063707.390911150025204,472948.563070909585804,0.0],[1063707.350440073758364,472948.514026754826773,0.0],[1063707.313465737504885,472948.462257618375588,0.0],[1063707.280168276280165,472948.408015714201611,0.0],[1063707.250709912041202,472948.351565303571988,0.0],[1063707.225234162993729,472948.293181406857911,0.0],[1063707.203865144168958,472948.23314846487483,0.0],[1063707.186706963693723,472948.171758951968513,0.0],[1063707.173843214055523,472948.109311951557174,0.0],[1063707.165336566278711,472948.046111699426547,0.0],[1063707.161228464450687,472947.982466100540478,0.0],[1063707.161538921995088,472947.918685229960829,0.0],[1063707.166266426909715,472947.855079821834806,0.0],[1063707.175387947354466,472947.791959755064454,0.0],[1063707.188859043642879,472947.729632544447668,0.0],[1063707.206614086404443,472947.668401841889136,0.0],[1063707.228566574631259,472947.608565957169048,0.0],[1063707.254609558032826,472947.55041640473064,0.0],[1063707.284616158111021,472947.49423648318043,0.0],[1063707.318440185394138,472947.440299895708449,0.0],[1063707.355916852829978,472947.388869415852241,0.0],[1063707.396863577654585,472947.340195607568603,0.0],[1063707.441080871736631,472947.29451560502639,0.0],[1063707.488353312481195,472947.252051956485957,0.0],[1063707.538450594292954,472947.213011540588923,0.0],[1063707.591128647094592,472947.177584558259696,0.0],[1063707.646130829118192,472947.145943606214132,0.0],[1063707.703189175343141,472947.11824283603346,0.0],[1063707.762025703210384,472947.094617203169037,0.0],[1063707.822353767231107,472947.075181809137575,0.0],[1063707.883879454806447,472947.060031341272406,0.0],[1063707.946303019067273,472947.049239611136727,0.0],[1063708.00932033918798,472947.042859195149504,0.0],[1063708.00932033918798,472947.042859195149504,0.0],[1063708.072624400490895,472947.040921177773271,0.0],[1063708.135906792012975,472947.043435001047328,0.0],[1063708.198859208496287,472947.050388417788781,0.0],[1063708.261174952145666,472947.061747551546432,0.0],[1063708.322550426702946,472947.077457061968744,0.0],[1063708.382686617318541,472947.097440413723234,0.0],[1063708.44129054620862,472947.121600250073243,0.0],[1063708.498076701071113,472947.149818866630085,0.0],[1063708.552768425550312,472947.181958785047755,0.0],[1063708.605099266860634,472947.217863423167728,0.0],[1063708.654814274515957,472947.257357856899034,0.0],[1063708.701671242248267,472947.300249673484359,0.0],[1063708.745441887062043,472947.346329908177722,0.0],[1063708.785912963096052,472947.395374062936753,0.0],[1063708.822887299582362,472947.44714319932973,0.0],[1063708.856184760807082,472947.5013851034455,0.0],[1063708.885643124813214,472947.557835514249746,0.0],[1063708.911118874093518,472947.616219410789199,0.0],[1063708.932487893151119,472947.676252352888696,0.0],[1063708.949646073393524,472947.737641865736805,0.0],[1063708.962509823031723,472947.800088866206352,0.0],[1063708.971016470808536,472947.863289118336979,0.0],[1063708.97512457263656,472947.926934717281256,0.0],[1063708.974814115092158,472947.990715587860905,0.0],[1063708.970086609944701,472948.05432099592872,0.0],[1063708.960965089732781,472948.117441062699072,0.0],[1063708.947493993444368,472948.17976827325765,0.0],[1063708.929738950915635,472948.24099897587439,0.0],[1063708.907786462455988,472948.300834860594478,0.0],[1063708.881743478821591,472948.358984413091093,0.0],[1063708.851736878976226,472948.415164334583096,0.0],[1063708.817912851693109,472948.469100922113284,0.0],[1063708.780436184024438,472948.520531401911285,0.0],[1063708.739489459432662,472948.569205210194923,0.0],[1063708.695272165350616,472948.614885212737136,0.0],[1063708.647999724140391,472948.657348861335777,0.0],[1063708.597902442794293,472948.696389277174603,0.0],[1063708.545224389992654,472948.73181625950383,0.0],[1063708.490222207969055,472948.763457211491186,0.0],[1063708.433163861744106,472948.791157981671859,0.0],[1063708.374327333876863,472948.814783614594489,0.0],[1063708.313999269623309,472948.834219008625951,0.0],[1063708.252473582047969,472948.84936947649112,0.0],[1063708.190050017787144,472948.860161206510384,0.0],[1063708.127032697899267,472948.866541622555815,0.0]],[[1063708.054447999224067,472947.998310657916591,0.0],[1063707.847092626383528,472944.785815783950966,0.0]],[[1063708.054447999224067,472947.998310657916591,0.0],[1063708.261803372064605,472951.210805531882215,0.0]],[[1063695.098522693151608,472948.851475820527412,0.0],[1063711.208000947488472,472947.790644941327628,0.0]]]}},
{"type":"Feature","properties":{"fid":3681,"Layer":"HIDRANTES","PaperSpace":null,"SubClasses":"AcDbEntity:AcDbBlockReference","Linetype":null,"EntityHandle":"492D","Text":null},"geometry":{"type":"MultiLineString","coordinates":[[[1063612.753830529749393,473021.761529734416399,0.0],[1063615.95479122409597,473021.550742153718602,0.0]],[[1063612.33768996456638,473015.31438821303891,0.0],[1063615.538650658680126,473015.103600632282905,0.0]],[[1063617.618998284451663,473016.471497401769739,0.0],[1063617.85197379742749,473020.080917458690237,0.0]],[[1063627.179892394924536,473018.527291293721646,0.0],[1063627.116588333621621,473018.529229311097879,0.0],[1063627.053305942099541,473018.526715487823822,0.0],[1063626.990353525616229,473018.519762071082368,0.0],[1063626.92803778196685,473018.50840293726651,0.0],[1063626.866662307176739,473018.492693426902406,0.0],[1063626.806526116793975,473018.472710075147916,0.0],[1063626.747922187438235,473018.448550238797907,0.0],[1063626.691136032808572,473018.420331622241065,0.0],[1063626.636444308329374,473018.38819170370698,0.0],[1063626.584113467019051,473018.352287065645214,0.0],[1063626.534398459363729,473018.312792631972115,0.0],[1063626.487541491864249,473018.269900815386791,0.0],[1063626.443770846817642,473018.223820580693427,0.0],[1063626.403299770783633,473018.174776425876189,0.0],[1063626.366325434530154,473018.123007289425004,0.0],[1063626.333027973305434,473018.068765385309234,0.0],[1063626.303569608833641,473018.012314974621404,0.0],[1063626.278093859786168,473017.953931077965535,0.0],[1063626.256724840961397,473017.893898135982454,0.0],[1063626.239566660486162,473017.832508623134345,0.0],[1063626.226702910847962,473017.770061622664798,0.0],[1063626.21819626330398,473017.706861370475963,0.0],[1063626.214088161243126,473017.643215771589894,0.0],[1063626.214398619020358,473017.579434901010245,0.0],[1063626.219126123702154,473017.51582949294243,0.0],[1063626.228247643914074,473017.452709426172078,0.0],[1063626.241718740435317,473017.390382215613499,0.0],[1063626.259473782964051,473017.329151512996759,0.0],[1063626.281426271423697,473017.269315628276672,0.0],[1063626.307469254825264,473017.211166075780056,0.0],[1063626.33747585490346,473017.154986154288054,0.0],[1063626.371299882186577,473017.101049566757865,0.0],[1063626.408776549855247,473017.049619086901657,0.0],[1063626.449723274679855,473017.000945278734434,0.0],[1063626.493940568529069,473016.955265276134014,0.0],[1063626.541213009506464,473016.912801627535373,0.0],[1063626.591310291085392,473016.873761211638339,0.0],[1063626.6439883436542,473016.838334229425527,0.0],[1063626.6989905256778,473016.806693277263548,0.0],[1063626.75604887213558,473016.778992507199291,0.0],[1063626.814885400002822,473016.755366874218453,0.0],[1063626.875213463790715,473016.735931480245199,0.0],[1063626.936739151598886,473016.72078101238003,0.0],[1063626.999162716092542,473016.709989282302558,0.0],[1063627.062180035980418,473016.703608866315335,0.0],[1063627.062180035980418,473016.703608866315335,0.0],[1063627.125484097283334,473016.701670848939102,0.0],[1063627.188766488805413,473016.70418467221316,0.0],[1063627.251718905288726,473016.711138088954613,0.0],[1063627.314034648938105,473016.722497222654056,0.0],[1063627.375410123495385,473016.738206733076368,0.0],[1063627.435546314110979,473016.758190084830858,0.0],[1063627.494150243233889,473016.782349921239074,0.0],[1063627.550936397863552,473016.810568537679501,0.0],[1063627.60562812234275,473016.842708456213586,0.0],[1063627.657958963885903,473016.878613094275352,0.0],[1063627.707673971541226,473016.91810752794845,0.0],[1063627.754530939040706,473016.960999344533775,0.0],[1063627.798301584087312,473017.007079579343554,0.0],[1063627.838772660121322,473017.056123734044377,0.0],[1063627.87574699614197,473017.107892870379146,0.0],[1063627.90904445736669,473017.162134774553124,0.0],[1063627.938502821838483,473017.218585185299162,0.0],[1063627.963978571118787,473017.276969081896823,0.0],[1063627.985347589710727,473017.33700202399632,0.0],[1063628.002505770418793,473017.398391536844429,0.0],[1063628.015369519824162,473017.460838537313975,0.0],[1063628.023876167600974,473017.524038789502811,0.0],[1063628.027984269661829,473017.587684388330672,0.0],[1063628.027673811884597,473017.651465258910321,0.0],[1063628.02294630696997,473017.715070667036343,0.0],[1063628.01382478675805,473017.778190733806696,0.0],[1063628.000353690469638,473017.840517944365274,0.0],[1063627.982598647708073,473017.901748646982014,0.0],[1063627.960646159481257,473017.961584531702101,0.0],[1063627.93460317584686,473018.019734084140509,0.0],[1063627.904596575768664,473018.07591400569072,0.0],[1063627.870772548485547,473018.129850593162701,0.0],[1063627.833295881049708,473018.181281073018909,0.0],[1063627.7923491562251,473018.229954881302547,0.0],[1063627.748131862143055,473018.275634883786552,0.0],[1063627.70085942116566,473018.318098532385193,0.0],[1063627.650762139819562,473018.357138948282227,0.0],[1063627.598084087017924,473018.392565930611454,0.0],[1063627.543081904994324,473018.424206882540602,0.0],[1063627.486023558536544,473018.45190765283769,0.0],[1063627.427187030902132,473018.475533285760321,0.0],[1063627.366858966648579,473018.494968679733574,0.0],[1063627.305333279073238,473018.510119147656951,0.0],[1063627.242909714579582,473018.520910877618007,0.0],[1063627.179892394924536,473018.527291293721646,0.0]],[[1063627.107307696016505,473017.659060329024214,0.0],[1063626.899952323408797,473014.446565455116797,0.0]],[[1063627.107307696016505,473017.659060329024214,0.0],[1063627.314663069089875,473020.871555202989839,0.0]],[[1063614.151382390176877,473018.512225491576828,0.0],[1063630.26086064428091,473017.451394612435251,0.0]]]}},
{"type":"Feature","properties":{"fid":3513,"Layer":"HIDRANTES","PaperSpace":null,"SubClasses":"AcDbEntity:AcDbBlockReference","Linetype":null,"EntityHandle":"4748","Text":null},"geometry":{"type":"MultiLineString","coordinates":[[[1063627.759174276841804,473262.048028539924417,0.0],[1063643.807814686791971,473260.134639651223551,0.0]],[[1063640.7921051022131,473261.414313960354775,0.0],[1063640.728988202521577,473261.419597646163311,0.0],[1063640.665660772239789,473261.420434579718858,0.0],[1063640.602431336184964,473261.416820683632977,0.0],[1063640.539607941638678,473261.408773564442527,0.0],[1063640.477496658451855,473261.396332426753361,0.0],[1063640.416400086134672,473261.379557882843073,0.0],[1063640.356615880969912,473261.358531656325795,0.0],[1063640.298435305710882,473261.333356184943113,0.0],[1063640.242141810245812,473261.304154121025931,0.0],[1063640.188009651144966,473261.271067734109238,0.0],[1063640.136302554048598,473261.234258217795286,0.0],[1063640.087272431701422,473261.193904904357623,0.0],[1063640.041158153209835,473261.150204391160514,0.0],[1063639.998184382915497,473261.103369582502637,0.0],[1063639.958560485159978,473261.053628652938642,0.0],[1063639.922479502856731,473261.001223935338203,0.0],[1063639.890117219416425,473260.946410740201827,0.0],[1063639.86163130030036,473260.889456111879554,0.0],[1063639.837160526541993,473260.830637527513318,0.0],[1063639.81682411651127,473260.770241545455065,0.0],[1063639.80072114802897,473260.708562408981379,0.0],[1063639.788930072449148,473260.645900612347759,0.0],[1063639.78150833514519,473260.582561437622644,0.0],[1063639.778492094017565,473260.518853467074223,0.0],[1063639.779896043473855,473260.455087079375517,0.0],[1063639.785713343881071,473260.391572937893216,0.0],[1063639.795915654394776,473260.328620477346703,0.0],[1063639.810453269630671,473260.266536395647563,0.0],[1063639.82925536413677,473260.205623160290997,0.0],[1063639.852230336284265,473260.146177534246817,0.0],[1063639.87926625367254,473260.08848913089605,0.0],[1063639.910231400514022,473260.03283900214592,0.0],[1063639.944974917685613,473259.979498269909527,0.0],[1063639.98332753777504,473259.928726804733742,0.0],[1063640.025102411396801,473259.880771960364655,0.0],[1063640.070096015231684,473259.835867367859464,0.0],[1063640.118089144583791,473259.794231797743123,0.0],[1063640.168847982538864,473259.756068094575312,0.0],[1063640.222125236876309,473259.721562187885866,0.0],[1063640.277661345666274,473259.690882187045645,0.0],[1063640.335185743169859,473259.664177561819088,0.0],[1063640.394418175797909,473259.641578414652031,0.0],[1063640.455070069758222,473259.623194846208207,0.0],[1063640.516845934325829,473259.609116419509519,0.0],[1063640.579444804461673,473259.599411723087542,0.0],[1063640.579444804461673,473259.599411723087542,0.0],[1063640.642561703920364,473259.594128037279006,0.0],[1063640.705889134202152,473259.593291103665251,0.0],[1063640.769118570256978,473259.59690499980934,0.0],[1063640.831941964337602,473259.60495211899979,0.0],[1063640.894053247990087,473259.617393256688956,0.0],[1063640.95514982030727,473259.634167800715659,0.0],[1063641.014934025704861,473259.655194027232938,0.0],[1063641.07311460073106,473259.680369498615619,0.0],[1063641.129408095963299,473259.709571562532801,0.0],[1063641.183540255529806,473259.742657949449494,0.0],[1063641.235247352160513,473259.779467465647031,0.0],[1063641.28427747474052,473259.819820779084694,0.0],[1063641.330391753232107,473259.863521292398218,0.0],[1063641.373365523060784,473259.910356101056095,0.0],[1063641.412989421281964,473259.960097030620091,0.0],[1063641.44907040335238,473260.012501748162322,0.0],[1063641.481432687025517,473260.067314943356905,0.0],[1063641.509918605908751,473260.124269571679179,0.0],[1063641.534389379899949,473260.183088155928999,0.0],[1063641.55472578946501,473260.243484137987252,0.0],[1063641.570828758180141,473260.305163274577353,0.0],[1063641.582619833759964,473260.367825071210973,0.0],[1063641.590041571063921,473260.431164245819673,0.0],[1063641.593057812424377,473260.494872216368094,0.0],[1063641.591653862968087,473260.558638604125008,0.0],[1063641.58583656209521,473260.622152745549101,0.0],[1063641.575634252047166,473260.685105206095614,0.0],[1063641.561096636578441,473260.747189287911169,0.0],[1063641.542294542072341,473260.808102523267735,0.0],[1063641.519319570390508,473260.867548149253707,0.0],[1063641.492283652769402,473260.925236552662682,0.0],[1063641.46131850592792,473260.980886681412812,0.0],[1063641.426574988989159,473261.034227413649205,0.0],[1063641.388222368434072,473261.084998878650367,0.0],[1063641.34644749504514,473261.132953723019455,0.0],[1063641.301453891210258,473261.177858315582853,0.0],[1063641.253460761392489,473261.219493885699194,0.0],[1063641.202701923670247,473261.257657588867005,0.0],[1063641.149424669565633,473261.292163495672867,0.0],[1063641.093888560542837,473261.322843496513087,0.0],[1063641.036364163504913,473261.349548121623229,0.0],[1063640.977131730411202,473261.372147268790286,0.0],[1063640.91647983668372,473261.390530837175902,0.0],[1063640.854703972116113,473261.404609263932798,0.0],[1063640.7921051022131,473261.414313960354775,0.0]],[[1063641.002732722554356,473263.211868761514779,0.0],[1063640.358899365179241,473257.717215494427364,0.0]]]}},
{"type":"Feature","properties":{"fid":3512,"Layer":"HIDRANTES","PaperSpace":null,"SubClasses":"AcDbEntity:AcDbBlockReference","Linetype":null,"EntityHandle":"4745","Text":null},"geometry":{"type":"MultiLineString","coordinates":[[[1063535.285025539342314,473258.328761329175904,0.0],[1063532.079761191038415,473258.456285862135701,0.0]],[[1063535.535808845655993,473264.784635351155885,0.0],[1063532.330544497352093,473264.912159884173889,0.0]],[[1063530.285964207258075,473263.490635605936404,0.0],[1063530.145563644822687,473259.876326674828306,0.0]],[[1063520.781031462131068,473261.187012481095735,0.0],[1063520.844363472191617,473261.186720401456114,0.0],[1063520.907559737330303,473261.190878160647117,0.0],[1063520.970312371850014,473261.199465502519161,0.0],[1063521.032315650722012,473261.212440590432379,0.0],[1063521.093267500167713,473261.229740210983437,0.0],[1063521.152870969381183,473261.251280082156882,0.0],[1063521.21083567570895,473261.276955263921991,0.0],[1063521.26687922142446,473261.30664066929603,0.0],[1063521.320728567661718,473261.340191674127709,0.0],[1063521.372121365973726,473261.377444821118843,0.0],[1063521.420807235641405,473261.418218616745435,0.0],[1063521.466548984404653,473261.462314415082801,0.0],[1063521.509123762371019,473261.50951738609001,0.0],[1063521.548324150033295,473261.559597561426926,0.0],[1063521.583959167124704,473261.612310955591965,0.0],[1063521.615855203242972,473261.667400754173286,0.0],[1063521.643856863956898,473261.724598565255292,0.0],[1063521.667827727971599,473261.783625726646278,0.0],[1063521.687651011859998,473261.84419466444524,0.0],[1063521.703230138635263,473261.90601029235404,0.0],[1063521.714489208301529,473261.968771451152861,0.0],[1063521.721373367588967,473262.032172374660149,0.0],[1063521.723849077709019,473262.095904179906938,0.0],[1063521.721904277103022,473262.159656372095924,0.0],[1063521.715548441046849,473262.223118356952909,0.0],[1063521.704812534153461,473262.285980953834951,0.0],[1063521.689748860895634,473262.347937902726699,0.0],[1063521.670430809957907,473262.408687355578877,0.0],[1063521.646952496608719,473262.467933346983045,0.0],[1063521.619428305421025,473262.525387236615643,0.0],[1063521.587992331013083,473262.580769114778377,0.0],[1063521.552797726588324,473262.633809166727588,0.0],[1063521.514015956083313,473262.684248986421153,0.0],[1063521.471835961565375,473262.731842836132273,0.0],[1063521.426463238662109,473262.776358843606431,0.0],[1063521.378118838882074,473262.817580131115392,0.0],[1063521.327038292074576,473262.855305872973986,0.0],[1063521.273470456479117,473262.889352272788528,0.0],[1063521.217676309868693,473262.919553460204042,0.0],[1063521.159927675500512,473262.945762297953479,0.0],[1063521.100505898939446,473262.967851099325344,0.0],[1063521.03970047691837,473262.98571224976331,0.0],[1063520.977807647781447,473262.999258731608279,0.0],[1063520.915128946769983,473263.008424547675531,0.0],[1063520.85196973849088,473263.013165043201298,0.0],[1063520.85196973849088,473263.013165043201298,0.0],[1063520.7886377281975,473263.013457122840919,0.0],[1063520.725441462825984,473263.009299363649916,0.0],[1063520.662688828539103,473263.00071202183608,0.0],[1063520.600685549434274,473262.987736933864653,0.0],[1063520.539733699988574,473262.970437313371804,0.0],[1063520.480130230775103,473262.948897442256566,0.0],[1063520.422165524447337,473262.923222260375042,0.0],[1063520.366121978731826,473262.89353685505921,0.0],[1063520.312272632494569,473262.859985850227531,0.0],[1063520.260879834415391,473262.822732703294605,0.0],[1063520.212193964514881,473262.781958907551598,0.0],[1063520.166452215984464,473262.737863109272439,0.0],[1063520.123877437785268,473262.690660138323437,0.0],[1063520.084677050122991,473262.640579962928314,0.0],[1063520.049042033264413,473262.587866568705067,0.0],[1063520.017145997146145,473262.532776770181954,0.0],[1063519.989144336432219,473262.475578959099948,0.0],[1063519.965173472417518,473262.416551797650754,0.0],[1063519.945350188063458,473262.35598285991,0.0],[1063519.929771061521024,473262.2941672320012,0.0],[1063519.918511992087588,473262.231406073202379,0.0],[1063519.911627833032981,473262.168005149636883,0.0],[1063519.909152122447267,473262.104273344390094,0.0],[1063519.911096923053265,473262.040521152201109,0.0],[1063519.917452759109437,473261.977059167402331,0.0],[1063519.928188666002825,473261.914196570462082,0.0],[1063519.943252339260653,473261.852239621628541,0.0],[1063519.96257039019838,473261.791490168776363,0.0],[1063519.986048703547567,473261.732244177313987,0.0],[1063520.013572894735262,473261.674790287739597,0.0],[1063520.045008869376034,473261.619408409576863,0.0],[1063520.080203473800793,473261.566368357627653,0.0],[1063520.118985244072974,473261.51592853810871,0.0],[1063520.161165239056572,473261.468334688222967,0.0],[1063520.206537961727008,473261.423818680748809,0.0],[1063520.254882361041382,473261.382597393181641,0.0],[1063520.305962908314541,473261.344871651381254,0.0],[1063520.35953074391,473261.310825251624919,0.0],[1063520.415324890753254,473261.28062406409299,0.0],[1063520.473073524888605,473261.254415226401761,0.0],[1063520.532495301682502,473261.232326425029896,0.0],[1063520.593300723470747,473261.21446527459193,0.0],[1063520.655193552840501,473261.200918792688753,0.0],[1063520.717872253619134,473261.191752976679709,0.0],[1063520.781031462131068,473261.187012481095735,0.0]],[[1063520.831341966753826,473262.056849417334888,0.0],[1063520.956302786013111,473265.273695539624896,0.0]],[[1063520.831341966753826,473262.056849417334888,0.0],[1063520.70638114772737,473258.840003295161296,0.0]],[[1063533.804686362156644,473261.540692400420085,0.0],[1063517.673549104016274,473262.182485251454636,0.0]]]}},
{"type":"Feature","properties":{"fid":3283,"Layer":"HIDRANTES","PaperSpace":null,"SubClasses":"AcDbEntity:AcDbBlockReference","Linetype":null,"EntityHandle":"4254","Text":null},"geometry":{"type":"MultiLineString","coordinates":[[[1062614.072683653561398,474051.700538353645243,0.0],[1062613.308392640203238,474054.838252162211575,0.0]],[[1062620.303350345464423,474053.237537909823004,0.0],[1062619.539059332106262,474056.375251718389336,0.0]],[[1062617.617225670488551,474057.962433512206189,0.0],[1062614.128998639760539,474057.101947200950235,0.0]],[[1062612.791349045699462,474066.527739694924094,0.0],[1062612.808576495852321,474066.466356513032224,0.0],[1062612.83001325186342,474066.40633145236643,0.0],[1062612.855554876849055,474066.347956949030049,0.0],[1062612.885076934471726,474066.29151739779627,0.0],[1062612.918435595929623,474066.237287766241934,0.0],[1062612.955468341708183,474066.185532256029546,0.0],[1062612.995994751341641,474066.136503014422487,0.0],[1062613.039817384677008,474066.090438907442149,0.0],[1062613.08672274206765,474066.047564354317728,0.0],[1062613.136482305359095,474066.008088235626929,0.0],[1062613.188853651285172,474065.972202875418589,0.0],[1062613.243581631453708,474065.940083103138022,0.0],[1062613.300399616593495,474065.911885403329507,0.0],[1062613.359030795749277,474065.887747152359225,0.0],[1062613.419189523439854,474065.867785949201789,0.0],[1062613.480582711985335,474065.852099042851478,0.0],[1062613.542911260155961,474065.840762858453672,0.0],[1062613.605871510226279,474065.833832624717616,0.0],[1062613.669156725285575,474065.83134210499702,0.0],[1062613.732458586571738,474065.83330343302805,0.0],[1062613.795468693366274,474065.839707053208258,0.0],[1062613.85788006731309,474065.850521767803002,0.0],[1062613.919388646259904,474065.865694888518192,0.0],[1062613.979694766690955,474065.885152493603528,0.0],[1062614.038504622876644,474065.908799787517637,0.0],[1062614.095531699480489,474065.936521563096903,0.0],[1062614.150498165981844,474065.968182762502693,0.0],[1062614.203136231517419,474066.00362913555,0.0],[1062614.253189448732883,474066.042687991110142,0.0],[1062614.300413963384926,474066.085169038327876,0.0],[1062614.34457970247604,474066.130865313985851,0.0],[1062614.385471494868398,474066.179554190312047,0.0],[1062614.42289011972025,474066.230998459854163,0.0],[1062614.456653277156875,474066.284947491367348,0.0],[1062614.486596476752311,474066.341138450894505,0.0],[1062614.512573838001117,474066.399297581170686,0.0],[1062614.534458802547306,474066.459141537314281,0.0],[1062614.552144747925922,474066.520378765300848,0.0],[1062614.565545510966331,474066.582710923510604,0.0],[1062614.574595803627744,474066.645834336057305,0.0],[1062614.579251534305513,474066.709441471786704,0.0],[1062614.579490020871162,474066.77322244347306,0.0],[1062614.57531010103412,474066.836866516270675,0.0],[1062614.566732139326632,474066.900063622917514,0.0],[1062614.553797926288098,474066.9625058734091,0.0],[1062614.553797926288098,474066.9625058734091,0.0],[1062614.536570476833731,474067.023889055242762,0.0],[1062614.515133720356971,474067.083914115966763,0.0],[1062614.489592095371336,474067.142288619186729,0.0],[1062614.460070038214326,474067.198728170536924,0.0],[1062614.426711376523599,474067.252957801916637,0.0],[1062614.389678630745038,474067.304713312187232,0.0],[1062614.349152221344411,474067.353742553736083,0.0],[1062614.305329588009045,474067.399806660891045,0.0],[1062614.258424230385572,474067.442681214015465,0.0],[1062614.208664667094126,474067.482157332531642,0.0],[1062614.156293321400881,474067.518042692914605,0.0],[1062614.101565340999514,474067.550162465078756,0.0],[1062614.044747355859727,474067.578360164887272,0.0],[1062613.986116176703945,474067.602498415973969,0.0],[1062613.925957449246198,474067.622459619131405,0.0],[1062613.864564260700718,474067.6381465253653,0.0],[1062613.80223571206443,474067.649482709821314,0.0],[1062613.739275462459773,474067.656412943615578,0.0],[1062613.675990247167647,474067.658903463219758,0.0],[1062613.612688385881484,474067.656942135305144,0.0],[1062613.549678279086947,474067.650538515124936,0.0],[1062613.487266904907301,474067.639723800530192,0.0],[1062613.425758325960487,474067.624550679698586,0.0],[1062613.365452205762267,474067.605093074613251,0.0],[1062613.306642349809408,474067.581445780640934,0.0],[1062613.249615273205563,474067.553724005119875,0.0],[1062613.194648806704208,474067.522062805830501,0.0],[1062613.142010740935802,474067.486616432783194,0.0],[1062613.091957523720339,474067.447557577223051,0.0],[1062613.044733008835465,474067.405076529830694,0.0],[1062613.000567270210013,474067.359380254230928,0.0],[1062612.959675477817655,474067.310691378021147,0.0],[1062612.922256852965802,474067.25924710847903,0.0],[1062612.888493695296347,474067.205298076791223,0.0],[1062612.858550495700911,474067.149107117438689,0.0],[1062612.832573134219274,474067.090947986987885,0.0],[1062612.810688170138747,474067.03110403084429,0.0],[1062612.793002224527299,474066.969866803032346,0.0],[1062612.779601461719722,474066.907534644706175,0.0],[1062612.770551169058308,474066.844411232275888,0.0],[1062612.765895438147709,474066.780804096371867,0.0],[1062612.76565695181489,474066.717023124801926,0.0],[1062612.769836871419102,474066.653379051946104,0.0],[1062612.77841483312659,474066.590181945299264,0.0],[1062612.791349045699462,474066.527739694924094,0.0]],[[1062613.635409242706373,474066.718836812884547,0.0],[1062616.740038595627993,474067.484696097788401,0.0]],[[1062613.635409242706373,474066.718836812884547,0.0],[1062610.530779889551923,474065.9529775280389,0.0]],[[1062616.728885928168893,474054.018904005992226,0.0],[1062612.882437741616741,474069.810079591698013,0.0]]]}},
{"type":"Feature","properties":{"fid":2892,"Layer":"HIDRANTES","PaperSpace":null,"SubClasses":"AcDbEntity:AcDbBlockReference","Linetype":null,"EntityHandle":"3DB2","Text":null},"geometry":{"type":"MultiLineString","coordinates":[[[1063461.806351068196818,473951.159568722650874,0.0],[1063462.071326548000798,473954.37888001173269,0.0]],[[1063468.199857337400317,473950.623379659024067,0.0],[1063468.464832817437127,473953.84269094793126,0.0]],[[1063467.142982626566663,473955.962313462863676,0.0],[1063463.563590164296329,473956.262497901858296,0.0]],[[1063465.268365601310506,473965.626820653676987,0.0],[1063465.265339880948886,473965.563113142678048,0.0],[1063465.266734343022108,473965.499346547410823,0.0],[1063465.272542193764821,473965.435831532638986,0.0],[1063465.282735138200223,473965.372877536807209,0.0],[1063465.297263516811654,473965.310791265626904,0.0],[1063465.316056549083441,473965.249875197070651,0.0],[1063465.339022677391768,473965.190426108194515,0.0],[1063465.366050012875348,473965.132733628968708,0.0],[1063465.397006881190464,473965.07707883126568,0.0],[1063465.43174246349372,473965.023732859815937,0.0],[1063465.470087531488389,473964.972955610661302,0.0],[1063465.511855271877721,473964.924994465662166,0.0],[1063465.556842196499929,473964.880083086492959,0.0],[1063465.604829133721069,473964.838440276857,0.0],[1063465.65558229573071,473964.800268916646019,0.0],[1063465.708854418015108,473964.765754972526338,0.0],[1063465.764385964721441,473964.735066593042575,0.0],[1063465.821906391531229,473964.708353289228398,0.0],[1063465.881135464645922,473964.685745205264539,0.0],[1063465.9417846261058,473964.667352485470474,0.0],[1063466.003558398690075,473964.653264737455174,0.0],[1063466.066155827837065,473964.643550595268607,0.0],[1063466.129271944286302,473964.63825738534797,0.0],[1063466.192599253030494,473964.637410895375069,0.0],[1063466.255829229485244,473964.641015249653719,0.0],[1063466.318653824273497,473964.649052888096776,0.0],[1063466.380766961490735,473964.661484652024228,0.0],[1063466.441866032779217,473964.67824997525895,0.0],[1063466.501653368817642,473964.699267178541049,0.0],[1063466.559837692650035,473964.724433868541382,0.0],[1063466.616135535528883,473964.753627435537055,0.0],[1063466.670272620161995,473964.786705651378725,0.0],[1063466.72198519599624,473964.823507362278178,0.0],[1063466.771021325141191,473964.863853274087887,0.0],[1063466.817142107756808,473964.907546825590543,0.0],[1063466.860122848302126,473964.954375146131497,0.0],[1063466.899754148907959,473965.004110092821065,0.0],[1063466.935842929640785,473965.056509362068027,0.0],[1063466.968213370302692,473965.111317669798154,0.0],[1063466.996707764687017,473965.168267995701171,0.0],[1063467.02118729124777,473965.227082883182447,0.0],[1063467.041532688308507,473965.287475792109035,0.0],[1063467.05764483474195,473965.349152494512964,0.0],[1063467.069445233792067,473965.411812507431023,0.0],[1063467.076876395381987,473965.475150557758752,0.0],[1063467.076876395381987,473965.475150557758752,0.0],[1063467.079902116209269,473965.538858068815898,0.0],[1063467.078507653903216,473965.602624663966708,0.0],[1063467.072699803160504,473965.666139678796753,0.0],[1063467.062506858957931,473965.729093674686737,0.0],[1063467.04797848011367,473965.791179945867043,0.0],[1063467.029185447609052,473965.852096014365088,0.0],[1063467.006219319766387,473965.911545103299432,0.0],[1063466.979191984049976,473965.969237582467031,0.0],[1063466.94823511573486,473966.024892380170058,0.0],[1063466.913499533431605,473966.07823835167801,0.0],[1063466.875154465669766,473966.129015600774437,0.0],[1063466.833386724814773,473966.17697674583178,0.0],[1063466.788399800425395,473966.221888125000987,0.0],[1063466.740412863437086,473966.263530934578739,0.0],[1063466.689659701427445,473966.301702294847928,0.0],[1063466.636387578677386,473966.336216238967609,0.0],[1063466.580856032203883,473966.366904618334956,0.0],[1063466.523335605161265,473966.393617922265548,0.0],[1063466.464106532279402,473966.416226006229408,0.0],[1063466.403457370819524,473966.434618726023473,0.0],[1063466.341683598002419,473966.448706473980565,0.0],[1063466.279086169088259,473966.458420616225339,0.0],[1063466.215970052639022,473966.463713826145977,0.0],[1063466.15264274389483,473966.46456031606067,0.0],[1063466.08941276720725,473966.46095596178202,0.0],[1063466.026588172884658,473966.452918323338963,0.0],[1063465.964475035434589,473966.440486559411511,0.0],[1063465.903375964378938,473966.423721236234996,0.0],[1063465.843588627874851,473966.402704032836482,0.0],[1063465.78540430450812,473966.377537342894357,0.0],[1063465.729106461629272,473966.348343775898684,0.0],[1063465.674969376763329,473966.315265560115222,0.0],[1063465.623256800696254,473966.278463849157561,0.0],[1063465.574220672016963,473966.238117937406059,0.0],[1063465.528099889168516,473966.194424385903403,0.0],[1063465.485119148856029,473966.147596065304242,0.0],[1063465.445487848250195,473966.097861118672881,0.0],[1063465.409399067051709,473966.045461849367712,0.0],[1063465.377028626855463,473965.990653541637585,0.0],[1063465.348534232238308,473965.933703215792775,0.0],[1063465.324054705677554,473965.874888328253292,0.0],[1063465.303709308849648,473965.814495419384912,0.0],[1063465.287597162416205,473965.752818716980983,0.0],[1063465.275796763366088,473965.690158704062924,0.0],[1063465.268365601310506,473965.626820653676987,0.0]],[[1063466.129085656488314,473965.537954489176627,0.0],[1063469.314855047268793,473965.270781105093192,0.0]],[[1063466.129085656488314,473965.537954489176627,0.0],[1063462.943316265707836,473965.805127873376478,0.0]],[[1063465.056594346882775,473952.507754939724691,0.0],[1063466.390136723872274,473968.709586251003202,0.0]]]}},
{"type":"Feature","properties":{"fid":3449,"Layer":"HIDRANTES","PaperSpace":null,"SubClasses":"AcDbEntity:AcDbBlockReference","Linetype":null,"EntityHandle":"4600","Text":null},"geometry":{"type":"MultiLineString","coordinates":[[[1063402.129705810220912,474169.518918869376648,0.0],[1063418.245125662069768,474168.304855404072441,0.0]],[[1063415.177434039767832,474169.452276948664803,0.0],[1063415.114150564419106,474169.454812343756203,0.0],[1063415.050847330596298,474169.452895905065816,0.0],[1063414.98783274483867,474169.446536969742738,0.0],[1063414.925413808086887,474169.435766517650336,0.0],[1063414.863894619047642,474169.420637021539733,0.0],[1063414.80357489339076,474169.401222190528642,0.0],[1063414.744748502504081,474169.377616611891426,0.0],[1063414.68770204228349,474169.349935289588757,0.0],[1063414.632713438011706,474169.318313084193505,0.0],[1063414.580050588119775,474169.282904056133702,0.0],[1063414.529970060801134,474169.243880714348052,0.0],[1063414.482715843711048,474169.201433176756836,0.0],[1063414.43851815443486,474169.15576824353775,0.0],[1063414.397592319408432,474169.107108389551286,0.0],[1063414.360137725714594,474169.055690680863336,0.0],[1063414.326336847851053,474169.001765619264916,0.0],[1063414.296354360412806,474168.94559592223959,0.0],[1063414.270336335292086,474168.887455242977012,0.0],[1063414.248409529682249,474168.827626836951822,0.0],[1063414.23068076861091,474168.766402182169259,0.0],[1063414.217236424796283,474168.70407955913106,0.0],[1063414.208141997689381,474168.640962597040925,0.0],[1063414.203441794961691,474168.577358795679174,0.0],[1063414.203158714575693,474168.513578026439063,0.0],[1063414.207294136518613,474168.449931022536475,0.0],[1063414.215827912790701,474168.386727865901776,0.0],[1063414.228718468686566,474168.324276476050727,0.0],[1063414.245903001399711,474168.262881109782029,0.0],[1063414.267297790618613,474168.202840879093856,0.0],[1063414.292798602720723,474168.144448294187896,0.0],[1063414.322281199973077,474168.087987837556284,0.0],[1063414.355601946823299,474168.03373457910493,0.0],[1063414.392598507460207,474167.98195283516543,0.0],[1063414.433090638602152,474167.932894881232642,0.0],[1063414.476881066104397,474167.886799722677097,0.0],[1063414.523756448412314,474167.843891930475365,0.0],[1063414.573488412192091,474167.804380547138862,0.0],[1063414.62583466921933,474167.768458068079781,0.0],[1063414.680540193803608,474167.736299504002091,0.0],[1063414.737338465405628,474167.708061528333928,0.0],[1063414.795952768996358,474167.68388171348488,0.0],[1063414.856097541749477,474167.663877861225046,0.0],[1063414.917479764204472,474167.648147428117227,0.0],[1063414.979800387984142,474167.636767051473726,0.0],[1063415.04275579424575,474167.629792175139301,0.0],[1063415.04275579424575,474167.629792175139301,0.0],[1063415.106039269361645,474167.627256780280732,0.0],[1063415.169342503417283,474167.629173218796495,0.0],[1063415.232357089174911,474167.635532154119574,0.0],[1063415.294776025926694,474167.646302606153768,0.0],[1063415.356295214500278,474167.661432102438994,0.0],[1063415.416614940389991,474167.680846933333669,0.0],[1063415.475441331509501,474167.704452512029093,0.0],[1063415.53248779149726,474167.732133834331762,0.0],[1063415.587476396001875,474167.763756039610598,0.0],[1063415.640139246126637,474167.799165067786817,0.0],[1063415.690219772979617,474167.838188409630675,0.0],[1063415.737473990302533,474167.880635947105475,0.0],[1063415.781671679811552,474167.926300880382769,0.0],[1063415.822597514372319,474167.974960734311026,0.0],[1063415.860052108298987,474168.026378443057183,0.0],[1063415.893852986162528,474168.080303504655603,0.0],[1063415.923835473600775,474168.136473201564513,0.0],[1063415.949853498488665,474168.194613880885299,0.0],[1063415.971780304331332,474168.254442286910489,0.0],[1063415.989509065402672,474168.315666941634845,0.0],[1063416.002953409217298,474168.377989564847667,0.0],[1063416.012047836091369,474168.441106526937801,0.0],[1063416.01674803905189,474168.504710328183137,0.0],[1063416.017031119205058,474168.568491097597871,0.0],[1063416.012895697262138,474168.632138101442251,0.0],[1063416.004361920757219,474168.695341258018743,0.0],[1063415.991471365327016,474168.757792647986207,0.0],[1063415.97428683238104,474168.819188014196698,0.0],[1063415.952892043162137,474168.879228244768456,0.0],[1063415.927391231292859,474168.937620829849038,0.0],[1063415.897908633807674,474168.994081286364235,0.0],[1063415.864587886957452,474169.048334544699173,0.0],[1063415.827591326320544,474169.100116288696881,0.0],[1063415.787099195644259,474169.14917424262967,0.0],[1063415.743308767443523,474169.195269401185215,0.0],[1063415.696433385601267,474169.238177193445154,0.0],[1063415.646701421588659,474169.277688576898072,0.0],[1063415.59435516432859,474169.313611055840738,0.0],[1063415.539649640209973,474169.345769619860221,0.0],[1063415.482851368375123,474169.374007595644798,0.0],[1063415.424237064551562,474169.398187410377432,0.0],[1063415.364092292031273,474169.418191262811888,0.0],[1063415.302710069576278,474169.433921695745084,0.0],[1063415.240389445563778,474169.445302072388586,0.0],[1063415.177434039767832,474169.452276948664803,0.0]],[[1063415.310824986314401,474171.257341809687205,0.0],[1063414.903083870653063,474165.739732260641176,0.0]]]}},
{"type":"Feature","properties":{"fid":3464,"Layer":"HIDRANTES","PaperSpace":null,"SubClasses":"AcDbEntity:AcDbBlockReference","Linetype":null,"EntityHandle":"4669","Text":null},"geometry":{"type":"MultiLineString","coordinates":[[[1062296.086119074141607,474564.082291062746663,0.0],[1062296.69616174697876,474567.121827582130209,0.0]],[[1062302.122872587759048,474562.851213881745934,0.0],[1062302.732915260596201,474565.89075040112948,0.0]],[[1062301.707822614582255,474568.060481299064122,0.0],[1062298.328157512005419,474568.749697543855291,0.0]],[[1062300.99324173363857,474577.485928785812575,0.0],[1062300.983284309040755,474577.425529147032648,0.0],[1062300.977535017067567,474577.364575496234465,0.0],[1062300.976021867943928,474577.303364793595392,0.0],[1062300.978752233553678,474577.242195251339581,0.0],[1062300.985712811583653,474577.181364881515037,0.0],[1062300.996869690716267,474577.121170043421444,0.0],[1062301.012168516172096,474577.061904000351205,0.0],[1062301.031534753274173,474577.003855490416754,0.0],[1062301.054874051595107,474576.947307320253458,0.0],[1062301.082072704797611,474576.892534986662213,0.0],[1062301.112998203607276,474576.839805335213896,0.0],[1062301.147499882150441,474576.789375259191729,0.0],[1062301.185409651370719,474576.741490449057892,0.0],[1062301.226542819291353,474576.696384194830898,0.0],[1062301.270698988577351,474576.654276249406394,0.0],[1062301.317663035588339,474576.615371758583933,0.0],[1062301.367206155322492,474576.579860261175781,0.0],[1062301.419086979236454,474576.547914765600581,0.0],[1062301.473052749177441,474576.519690907152835,0.0],[1062301.52884054929018,474576.495326189498883,0.0],[1062301.586178586585447,474576.474939315288793,0.0],[1062301.644787516677752,474576.458629607164767,0.0],[1062301.704381802352145,474576.446476524404716,0.0],[1062301.764671105891466,474576.438539275608491,0.0],[1062301.825361704453826,474576.434856530337129,0.0],[1062301.886157919187099,474576.435446230461821,0.0],[1062301.946763557381928,474576.440305503085256,0.0],[1062302.006883353926241,474576.449410674220417,0.0],[1062302.066224411595613,474576.462717384623829,0.0],[1062302.124497626908123,474576.480160804989282,0.0],[1062302.181419098051265,474576.501655953063164,0.0],[1062302.236711509758607,474576.527098106394988,0.0],[1062302.290105483029038,474576.55636331345886,0.0],[1062302.341340887593105,474576.589308997208718,0.0],[1062302.390168109675869,474576.625774649437517,0.0],[1062302.436349267838523,474576.665582613321021,0.0],[1062302.479659372474998,474576.708538948209025,0.0],[1062302.519887420814484,474576.754434375441633,0.0],[1062302.55683742580004,474576.803045296866912,0.0],[1062302.590329371159896,474576.85413488507038,0.0],[1062302.620200087083504,474576.907454236701597,0.0],[1062302.646304046967998,474576.96274358528899,0.0],[1062302.668514074059203,474577.019733566674404,0.0],[1062302.686721964273602,474577.078146531188395,0.0],[1062302.700839009834453,474577.137697897152975,0.0],[1062302.700839009834453,474577.137697897152975,0.0],[1062302.710796434199437,474577.198097535932902,0.0],[1062302.716545726405457,474577.25905118661467,0.0],[1062302.718058875063434,474577.320261889370158,0.0],[1062302.715328509919345,474577.381431431451347,0.0],[1062302.70836793188937,474577.442261801392306,0.0],[1062302.697211052523926,474577.502456639427692,0.0],[1062302.681912227300927,474577.561722682556137,0.0],[1062302.662545990198851,474577.619771192490589,0.0],[1062302.639206691645086,474577.6763193627703,0.0],[1062302.612008038442582,474577.731091696128715,0.0],[1062302.581082539632916,474577.783821347809862,0.0],[1062302.546580861089751,474577.834251423715614,0.0],[1062302.508671091869473,474577.882136233791243,0.0],[1062302.46753792418167,474577.92724248819286,0.0],[1062302.423381754662842,474577.969350433500949,0.0],[1062302.376417707651854,474578.008254924265202,0.0],[1062302.3268745879177,474578.043766421673354,0.0],[1062302.274993764003739,474578.075711917248555,0.0],[1062302.221027994062752,474578.1039357756963,0.0],[1062302.165240193950012,474578.128300493350253,0.0],[1062302.107902156421915,474578.148687367676757,0.0],[1062302.04929322656244,474578.164997075800784,0.0],[1062301.989698941120878,474578.177150158560835,0.0],[1062301.929409637348726,474578.185087407298852,0.0],[1062301.868719038786367,474578.188770152570214,0.0],[1062301.807922824053094,474578.18818045250373,0.0],[1062301.747317186091095,474578.183321179822087,0.0],[1062301.687197389313951,474578.174216008570511,0.0],[1062301.62785633164458,474578.160909298341721,0.0],[1062301.5695831165649,474578.143465877918061,0.0],[1062301.512661645188928,474578.121970729902387,0.0],[1062301.457369233481586,474578.096528576570563,0.0],[1062301.403975260211155,474578.067263369332068,0.0],[1062301.352739855879918,474578.034317685698625,0.0],[1062301.303912633797154,474577.997852033353411,0.0],[1062301.2577314756345,474577.958044069644529,0.0],[1062301.214421371230856,474577.915087734756526,0.0],[1062301.174193322658539,474577.869192307523917,0.0],[1062301.137243317440152,474577.820581386040431,0.0],[1062301.103751372080296,474577.769491797895171,0.0],[1062301.073880656156689,474577.716172446205746,0.0],[1062301.047776696737856,474577.660883097618353,0.0],[1062301.025566669180989,474577.603893116349354,0.0],[1062301.007358779432252,474577.54548015166074,0.0],[1062300.99324173363857,474577.485928785812575,0.0]],[[1062301.804082326823846,474577.304290909552947,0.0],[1062304.812088224105537,474576.690867251949385,0.0]],[[1062301.804082326823846,474577.304290909552947,0.0],[1062298.796076429076493,474577.917714567331132,0.0]],[[1062299.334927577059716,474565.001731812313665,0.0],[1062302.405089978128672,474580.298810451349709,0.0]]]}},
{"type":"Feature","properties":{"fid":3467,"Layer":"HIDRANTES","PaperSpace":null,"SubClasses":"AcDbEntity:AcDbBlockReference","Linetype":null,"EntityHandle":"4675","Text":null},"geometry":{"type":"MultiLineString","coordinates":[[[1062359.78415330988355,474514.149540629121475,0.0],[1062360.36466815485619,474517.194947667245287,0.0]],[[1062365.832542458549142,474512.977933218528051,0.0],[1062366.413057303521782,474516.023340256768279,0.0]],[[1062365.366961881518364,474518.18288642418338,0.0],[1062361.980782590573654,474518.838808629778214,0.0]],[[1062364.560951000545174,474527.600886149157304,0.0],[1062364.551580221625045,474527.54039116326021,0.0],[1062364.546422734856606,474527.479383607569616,0.0],[1062364.545503667322919,474527.418160704779439,0.0],[1062364.548827496124431,474527.357020726602059,0.0],[1062364.556378027889878,474527.296261540905107,0.0],[1062364.568118477705866,474527.236179160245229,0.0],[1062364.583991646533832,474527.177066300238948,0.0],[1062364.603920202935115,474527.119210952485446,0.0],[1062364.627807055832818,474527.062894982518628,0.0],[1062364.655535831814632,474527.008392756106332,0.0],[1062364.686971438350156,474526.955969802686013,0.0],[1062364.7219607247971,474526.905881521408446,0.0],[1062364.760333226760849,474526.858371937647462,0.0],[1062364.801901996834204,474526.81367251300253,0.0],[1062364.846464517060667,474526.772001018805895,0.0],[1062364.89380368264392,474526.733560474356636,0.0],[1062364.943688862025738,474526.698538157856092,0.0],[1062364.995877019595355,474526.667104695050512,0.0],[1062365.05011390033178,474526.639413226104807,0.0],[1062365.106135267065838,474526.615598661301192,0.0],[1062365.163668189430609,474526.595777022652328,0.0],[1062365.222432372858748,474526.580044879461639,0.0],[1062365.282141524599865,474526.568478876841255,0.0],[1062365.342504746979102,474526.561135363474023,0.0],[1062365.403227956499904,474526.558050116000231,0.0],[1062365.464015316218138,474526.559238165442366,0.0],[1062365.524570676265284,474526.564693723921664,0.0],[1062365.584599016467109,474526.574390212423168,0.0],[1062365.643807885237038,474526.588280390598811,0.0],[1062365.701908822869882,474526.6062965868623,0.0],[1062365.758618767140433,474526.628351028251927,0.0],[1062365.81366143329069,474526.6543362676166,0.0],[1062365.866768658626825,474526.684125707484782,0.0],[1062365.917681710328907,474526.717574216832872,0.0],[1062365.966152545297518,474526.754518837668002,0.0],[1062366.011945017846301,474526.794779579562601,0.0],[1062366.054836032446474,474526.838160296436399,0.0],[1062366.094616627553478,474526.884449641627725,0.0],[1062366.131092997035012,474526.933422098227311,0.0],[1062366.164087431039661,474526.984839077107608,0.0],[1062366.19343918422237,474527.038450080086477,0.0],[1062366.219005257822573,474527.093993919843342,0.0],[1062366.240661096060649,474527.15119999210583,0.0],[1062366.258301194524392,474527.20978959480999,0.0],[1062366.271839611930773,474527.269477285328321,0.0],[1062366.271839611930773,474527.269477285328321,0.0],[1062366.281210390618071,474527.329972271167208,0.0],[1062366.28636787738651,474527.390979826857802,0.0],[1062366.287286945153028,474527.452202729764394,0.0],[1062366.283963116351515,474527.513342707941774,0.0],[1062366.276412584586069,474527.574101893638726,0.0],[1062366.26467213477008,474527.634184274182189,0.0],[1062366.248798965709284,474527.693297134363092,0.0],[1062366.228870409773663,474527.75115248200018,0.0],[1062366.204983556410298,474527.80746845190879,0.0],[1062366.177254780661315,474527.861970678379294,0.0],[1062366.14581917389296,474527.914393631799612,0.0],[1062366.110829887678847,474527.964481913077179,0.0],[1062366.072457385715097,474528.011991496954579,0.0],[1062366.030888615408912,474528.056690921483096,0.0],[1062365.986326095415279,474528.098362415621523,0.0],[1062365.938986929599196,474528.136802960245404,0.0],[1062365.889101750450209,474528.171825276571326,0.0],[1062365.836913592647761,474528.203258739551529,0.0],[1062365.782676711911336,474528.230950208439026,0.0],[1062365.726655345410109,474528.254764773300849,0.0],[1062365.669122423045337,474528.27458641177509,0.0],[1062365.610358239384368,474528.290318555023987,0.0],[1062365.550649088108912,474528.301884557644371,0.0],[1062365.490285865496844,474528.309228071011603,0.0],[1062365.429562655743212,474528.312313318427186,0.0],[1062365.368775296024978,474528.311125268985052,0.0],[1062365.308219936210662,474528.305669710563961,0.0],[1062365.248191596008837,474528.295973222062457,0.0],[1062365.188982727238908,474528.282083043828607,0.0],[1062365.130881789606065,474528.264066847623326,0.0],[1062365.074171845102683,474528.242012406233698,0.0],[1062365.019129179185256,474528.216027166869026,0.0],[1062364.966021953849122,474528.186237727059051,0.0],[1062364.915108901914209,474528.152789217827376,0.0],[1062364.866638067411259,474528.115844596934039,0.0],[1062364.820845594396815,474528.075583854864817,0.0],[1062364.777954580029473,474528.032203137991019,0.0],[1062364.738173984456807,474527.985913792799693,0.0],[1062364.701697615440935,474527.936941336432938,0.0],[1062364.668703181436285,474527.885524357378017,0.0],[1062364.639351428253576,474527.831913354340941,0.0],[1062364.613785354886204,474527.776369514816906,0.0],[1062364.592129516415298,474527.719163442438003,0.0],[1062364.574489418184385,474527.660573839675635,0.0],[1062364.560951000545174,474527.600886149157304,0.0]],[[1062365.373512474121526,474527.427236809802707,0.0],[1062368.387316199718043,474526.843445871141739,0.0]],[[1062365.373512474121526,474527.427236809802707,0.0],[1062362.359708748757839,474528.011027748521883,0.0]],[[1062363.023871947545558,474515.100916719995439,0.0],[1062365.945429618936032,474530.427539925265592,0.0]]]}},
{"type":"Feature","properties":{"fid":3468,"Layer":"HIDRANTES","PaperSpace":null,"SubClasses":"AcDbEntity:AcDbBlockReference","Linetype":null,"EntityHandle":"4699","Text":null},"geometry":{"type":"MultiLineString","coordinates":[[[1062362.734824836486951,474472.154866639291868,0.0],[1062361.398470446234569,474474.949381894373801,0.0]],[[1062368.283484946005046,474474.844368078338448,0.0],[1062366.947130555752665,474477.638883333478589,0.0]],[[1062364.829311423702165,474478.745508127962239,0.0],[1062361.722904495894909,474477.239795804896858,0.0]],[[1062358.608464879682288,474485.826212749816477,0.0],[1062358.636745196767151,474485.771998555748723,0.0],[1062358.668711035978049,474485.719901687116362,0.0],[1062358.704206662485376,474485.67017595435027,0.0],[1062358.743059145286679,474485.623063616454601,0.0],[1062358.785079199122265,474485.578794200031552,0.0],[1062358.830062106251717,474485.537583381112199,0.0],[1062358.877788714831695,474485.499631934857462,0.0],[1062358.928026505513117,474485.465124756563455,0.0],[1062358.980530724860728,474485.434229961945675,0.0],[1062359.035045577213168,474485.407098067400511,0.0],[1062359.091305472189561,474485.383861256588716,0.0],[1062359.149036316899583,474485.364632737124339,0.0],[1062359.207956852624193,474485.349506188242231,0.0],[1062359.267780024325475,474485.338555305090267,0.0],[1062359.328214379958808,474485.331833439297043,0.0],[1062359.388965488877147,474485.329373338958248,0.0],[1062359.449737377697602,474485.331186989555135,0.0],[1062359.510233972454444,474485.337265555164777,0.0],[1062359.57016053982079,474485.347579421650153,0.0],[1062359.629225122742355,474485.362078340724111,0.0],[1062359.687139965360984,474485.380691675294656,0.0],[1062359.743622911861166,474485.403328743064776,0.0],[1062359.798398783430457,474485.429879258328583,0.0],[1062359.851200717035681,474485.460213869810104,0.0],[1062359.901771467644721,474485.494184790295549,0.0],[1062359.949864658992738,474485.531626516836695,0.0],[1062359.995245986385271,474485.572356637276243,0.0],[1062360.037694356171414,474485.616176718263887,0.0],[1062360.077002964448184,474485.662873273075093,0.0],[1062360.112980303121731,474485.712218800501432,0.0],[1062360.145451094722375,474485.763972894230392,0.0],[1062360.174257144797593,474485.817883413634263,0.0],[1062360.199258113047108,474485.873687711893581,0.0],[1062360.22033219714649,474485.931113916216418,0.0],[1062360.2373767264653,474485.98988225182984,0.0],[1062360.250308661721647,474486.049706405261531,0.0],[1062360.259064999874681,474486.110294919286389,0.0],[1062360.26360308076255,474486.17135261290241,0.0],[1062360.263900795485824,474486.232582018885296,0.0],[1062360.259956693742424,474486.293684834090527,0.0],[1062360.251789989881217,474486.354363371385261,0.0],[1062360.239440472563729,474486.414322011230979,0.0],[1062360.222968306625262,474486.473268641042523,0.0],[1062360.202453742735088,474486.530916079005692,0.0],[1062360.177996726473793,474486.586983472283464,0.0],[1062360.177996726473793,474486.586983472283464,0.0],[1062360.149716409156099,474486.64119766629301,0.0],[1062360.117750570178032,474486.693294535041787,0.0],[1062360.082254943670705,474486.743020267749671,0.0],[1062360.043402460869402,474486.790132605587132,0.0],[1062360.001382407033816,474486.834402022010181,0.0],[1062359.956399499671534,474486.875612840987742,0.0],[1062359.908672891091555,474486.913564287417103,0.0],[1062359.858435100642964,474486.948071465594694,0.0],[1062359.805930881528184,474486.978966260154266,0.0],[1062359.751416028942913,474487.00609815469943,0.0],[1062359.69515613396652,474487.029334965453018,0.0],[1062359.637425289256498,474487.048563484975602,0.0],[1062359.578504753531888,474487.063690033857711,0.0],[1062359.518681581597775,474487.074640916951466,0.0],[1062359.458247226430103,474487.081362782802898,0.0],[1062359.397496117278934,474487.083822883141693,0.0],[1062359.336724228225648,474487.082009232544806,0.0],[1062359.276227633701637,474487.075930666876957,0.0],[1062359.216301066568121,474487.065616800507996,0.0],[1062359.157236483413726,474487.051117881375831,0.0],[1062359.099321640795097,474487.032504546747077,0.0],[1062359.042838694294915,474487.009867479035165,0.0],[1062358.988062822958454,474486.983316963771358,0.0],[1062358.935260888654739,474486.952982352289837,0.0],[1062358.884690138278529,474486.919011431804392,0.0],[1062358.836596946930513,474486.881569705263246,0.0],[1062358.79121561977081,474486.840839584823698,0.0],[1062358.748767250217497,474486.797019503836054,0.0],[1062358.709458641707897,474486.750322949083056,0.0],[1062358.67348130280152,474486.700977421540301,0.0],[1062358.641010511200875,474486.649223327869549,0.0],[1062358.612204461358488,474486.595312808407471,0.0],[1062358.587203492876142,474486.539508510148153,0.0],[1062358.56612940877676,474486.482082305941731,0.0],[1062358.549084879457951,474486.423313970386516,0.0],[1062358.536152944201604,474486.36348981683841,0.0],[1062358.5273966062814,474486.302901302755345,0.0],[1062358.5228585251607,474486.241843609197531,0.0],[1062358.522560810437426,474486.180614203156438,0.0],[1062358.526504912646487,474486.119511388067622,0.0],[1062358.534671616274863,474486.05883285071468,0.0],[1062358.547021133592352,474485.998874210868962,0.0],[1062358.563493299530819,474485.93992758099921,0.0],[1062358.584007863188162,474485.882280143094249,0.0],[1062358.608464879682288,474485.826212749816477,0.0]],[[1062359.363509147195145,474486.17447645124048,0.0],[1062362.128306864062324,474487.514606733457185,0.0]],[[1062359.363509147195145,474486.17447645124048,0.0],[1062356.598711430327967,474484.834346169023775,0.0]],[[1062364.772418944397941,474474.863643745484296,0.0],[1062358.046946799382567,474488.927603609859943,0.0]]]}},
{"type":"Feature","properties":{"fid":3471,"Layer":"HIDRANTES","PaperSpace":null,"SubClasses":"AcDbEntity:AcDbBlockReference","Linetype":"BYBLOCK","EntityHandle":"46AF","Text":null},"geometry":{"type":"MultiLineString","coordinates":[[[1062725.535994851030409,474541.14208384975791,1.0],[1062725.771963359089568,474544.363694448897149,1.0]],[[1062731.934045014204457,474540.664318213064689,1.0],[1062732.170013522030786,474543.885928812320344,1.0]],[[1062730.829131674021482,474545.993396735691931,1.0],[1062727.247195321368054,474546.260872928833123,1.0]],[[1062728.867553679738194,474555.640415929665323,0.0],[1062728.865101884352043,474555.576683177321684,0.0],[1062728.8670706062112,474555.512931720586494,0.0],[1062728.87345025409013,474555.449472149950452,0.0],[1062728.884209746960551,474555.386613634065725,0.0],[1062728.899296665098518,474555.324662413389888,0.0],[1062728.918637507362291,474555.263920308032539,0.0],[1062728.942138046259061,474555.204683247371577,0.0],[1062728.969683790346608,474555.147239828424063,0.0],[1062729.001140538835898,474555.091869909781963,0.0],[1062729.036355038406327,474555.038843248097692,0.0],[1062729.075155726633966,474554.988418183871545,0.0],[1062729.117353571113199,474554.940840383060277,0.0],[1062729.162742988206446,474554.896341639978345,0.0],[1062729.211102844681591,474554.855138747720048,0.0],[1062729.262197536882013,474554.817432443029247,0.0],[1062729.315778136020526,474554.783406427071895,0.0],[1062729.371583603089675,474554.753226471075322,0.0],[1062729.429342059185728,474554.727039608813357,0.0],[1062729.488772111479193,474554.704973420186434,0.0],[1062729.549584222259,474554.687135409156326,0.0],[1062729.611482121050358,474554.673612481041346,0.0],[1062729.674164247699082,474554.664470517949667,0.0],[1062729.737325221300125,474554.659754058695398,0.0],[1062729.800657327286899,474554.659486081451178,0.0],[1062729.863852018723264,474554.663667891698424,0.0],[1062729.926601417129859,474554.672279116115533,0.0],[1062729.988599814008921,474554.685277801705524,0.0],[1062730.049545159097761,474554.702600619988516,0.0],[1062730.109140532556921,474554.724163176142611,0.0],[1062730.16709559224546,474554.749860419542529,0.0],[1062730.223127986770123,474554.779567155812401,0.0],[1062730.276964731980115,474554.813138656609226,0.0],[1062730.328343540197238,474554.850411365099717,0.0],[1062730.377014099853113,474554.891203692182899,0.0],[1062730.422739292262122,474554.935316901945043,0.0],[1062730.465296349255368,474554.982536079070996,0.0],[1062730.504477936774492,474555.032631176756695,0.0],[1062730.540093166055158,474555.085358136391733,0.0],[1062730.571968523552641,474555.14046007784782,0.0],[1062730.599948715651408,474555.197668549837545,0.0],[1062730.623897425597534,474555.256704838422593,0.0],[1062730.643697977997363,474555.31728132464923,0.0],[1062730.659253906225786,474555.379102886305191,0.0],[1062730.670489422976971,474555.44186833454296,0.0],[1062730.677349790697917,474555.505271882691886,0.0],[1062730.677349790697917,474555.505271882691886,0.0],[1062730.679801586316898,474555.569004634919111,0.0],[1062730.67783286399208,474555.632756091770716,0.0],[1062730.671453216578811,474555.696215662406757,0.0],[1062730.660693723941222,474555.759074178175069,0.0],[1062730.645606805570424,474555.821025398792699,0.0],[1062730.626265963306651,474555.881767504208256,0.0],[1062730.602765424177051,474555.941004564927425,0.0],[1062730.575219680322334,474555.998447983933147,0.0],[1062730.543762931600213,474556.053817902517039,0.0],[1062730.508548432262614,474556.106844564259518,0.0],[1062730.469747744034976,474556.157269628369249,0.0],[1062730.427549899555743,474556.204847429296933,0.0],[1062730.382160482229665,474556.249346172378864,0.0],[1062730.33380062575452,474556.290549064462539,0.0],[1062730.282705933554098,474556.328255369327962,0.0],[1062730.229125334648415,474556.362281385227107,0.0],[1062730.173319867346436,474556.392461341281887,0.0],[1062730.115561411483213,474556.418648203427438,0.0],[1062730.056131359189749,474556.440714392170776,0.0],[1062729.995319248409942,474556.45855240302626,0.0],[1062729.933421349618584,474556.472075331315864,0.0],[1062729.870739222737029,474556.481217294407543,0.0],[1062729.807578249368817,474556.485933753545396,0.0],[1062729.744246143149212,474556.486201730906032,0.0],[1062729.681051451712847,474556.482019920658786,0.0],[1062729.618302053539082,474556.473408696241677,0.0],[1062729.55630365666002,474556.460410010651685,0.0],[1062729.495358311571181,474556.443087192252278,0.0],[1062729.43576293811202,474556.421524636039976,0.0],[1062729.377807878190652,474556.395827392640058,0.0],[1062729.321775483665988,474556.366120656544808,0.0],[1062729.267938738455996,474556.332549155747984,0.0],[1062729.216559930238873,474556.295276447257493,0.0],[1062729.167889370582998,474556.254484120174311,0.0],[1062729.122164178173989,474556.210370910412166,0.0],[1062729.079607121413574,474556.16315173311159,0.0],[1062729.040425533894449,474556.113056635600515,0.0],[1062729.004810304380953,474556.060329675732646,0.0],[1062728.97293494688347,474556.005227734392975,0.0],[1062728.944954755017534,474555.948019262519665,0.0],[1062728.921006044838578,474555.888982973876409,0.0],[1062728.901205492438748,474555.828406487533357,0.0],[1062728.885649564675987,474555.766584925993811,0.0],[1062728.874414047691971,474555.703819477697834,0.0],[1062728.867553679738194,474555.640415929665323,0.0]],[[1062729.72903570253402,474555.559415594616439,1.0],[1062732.917069234186783,474555.321353555191308,1.0]],[[1062729.72903570253402,474555.559415594616439,1.0],[1062726.541002171114087,474555.797477633925155,1.0]],[[1062728.773950446862727,474542.519909560738597,1.0],[1062729.961509405169636,474558.73331261263229,1.0]]]}},
{"type":"Feature","properties":{"fid":3462,"Layer":"HIDRANTES","PaperSpace":null,"SubClasses":"AcDbEntity:AcDbBlockReference","Linetype":"BYBLOCK","EntityHandle":"464A","Text":null},"geometry":{"type":"MultiLineString","coordinates":[[[1062780.080909665906802,474541.364003513124771,1.0],[1062776.880446328548715,474541.582359223102685,1.0]],[[1062780.512080331100151,474547.810137435852084,1.0],[1062777.311616993742064,474548.028493145829998,1.0]],[[1062775.228084104601294,474546.665520515583921,1.0],[1062774.986694018589333,474543.056664560863283,1.0]],[[1062765.662414817139506,474544.632341569813434,0.0],[1062765.725714242784306,474544.630253872543108,0.0],[1062765.789002378005534,474544.632618050905876,0.0],[1062765.85197088913992,474544.639422586653382,0.0],[1062765.914313,474544.650634328776505,0.0],[1062765.975724986288697,474544.666198654973414,0.0],[1062766.035907654557377,474544.686039737251122,0.0],[1062766.094567801337689,474544.710060911893379,0.0],[1062766.151419639820233,474544.738145150186028,0.0],[1062766.206186194205657,474544.770155628561042,0.0],[1062766.25860064662993,474544.805936395074241,0.0],[1062766.308407639851794,474544.845313129539136,0.0],[1062766.355364518705755,474544.888093992427457,0.0],[1062766.399242514045909,474544.93407055962598,0.0],[1062766.439827856607735,474544.98301883804379,0.0],[1062766.476922819158062,474545.034700356423855,0.0],[1062766.510346678318456,474545.088863327691797,0.0],[1062766.539936596527696,474545.145243875333108,0.0],[1062766.565548414830118,474545.203567319025751,0.0],[1062766.587057354860008,474545.263549512601458,0.0],[1062766.604358627228066,474545.324898229038808,0.0],[1062766.617367941886187,474545.38731458352413,0.0],[1062766.626021919073537,474545.45049448980717,0.0],[1062766.630278396885842,474545.514130141702481,0.0],[1062766.630116638494655,474545.577911512809806,0.0],[1062766.625537432264537,474545.64152786671184,0.0],[1062766.616563087096438,474545.704669270780869,0.0],[1062766.603237325092778,474545.767028106551152,0.0],[1062766.585625068750232,474545.828300568042323,0.0],[1062766.563812122214586,474545.888188141922001,0.0],[1062766.537904756842181,474545.946399061998818,0.0],[1062766.508029190590605,474546.002649730653502,0.0],[1062766.474330973578617,474546.056666099932045,0.0],[1062766.436974280513823,474546.108185007818975,0.0],[1062766.396141109522432,474546.156955459271558,0.0],[1062766.352030395995826,474546.202739849628415,0.0],[1062766.304857042152435,474546.245315121661406,0.0],[1062766.254850872559473,474546.284473853360396,0.0],[1062766.202255511423573,474546.320025266963057,0.0],[1062766.147327199112624,474546.351796159753576,0.0],[1062766.090333539992571,474546.379631746967789,0.0],[1062766.031552201835439,474546.403396416688338,0.0],[1062765.971269561210647,474546.4229743895703,0.0],[1062765.909779309295118,474546.438270283862948,0.0],[1062765.847381020197645,474546.449209579383023,0.0],[1062765.784378692507744,474546.455738981021568,0.0],[1062765.784378692507744,474546.455738981021568,0.0],[1062765.721079266862944,474546.457826678233687,0.0],[1062765.657791131874546,474546.455462499987334,0.0],[1062765.59482262050733,474546.448657964239828,0.0],[1062765.532480509486049,474546.437446221942082,0.0],[1062765.471068523358554,474546.421881895861588,0.0],[1062765.410885854857042,474546.402040813642088,0.0],[1062765.352225708309561,474546.378019638941623,0.0],[1062765.295373869594187,474546.349935400648974,0.0],[1062765.240607315441594,474546.31792492227396,0.0],[1062765.18819286278449,474546.282144155760761,0.0],[1062765.138385869795457,474546.242767421295866,0.0],[1062765.091428991174325,474546.199986558407545,0.0],[1062765.047550995601341,474546.154009991209023,0.0],[1062765.006965653039515,474546.105061712791212,0.0],[1062764.969870690489188,474546.053380194411147,0.0],[1062764.936446831328794,474545.999217223084997,0.0],[1062764.906856912886724,474545.942836675385479,0.0],[1062764.881245094584301,474545.884513231809251,0.0],[1062764.859736154554412,474545.824531038175337,0.0],[1062764.842434882419184,474545.763182321737986,0.0],[1062764.829425567761064,474545.700765967310872,0.0],[1062764.820771590806544,474545.637586060969625,0.0],[1062764.816515112761408,474545.573950409016106,0.0],[1062764.816676871152595,474545.510169038025197,0.0],[1062764.821256077615544,474545.446552684123162,0.0],[1062764.830230422783643,474545.383411279995926,0.0],[1062764.843556184554473,474545.321052444225643,0.0],[1062764.861168441129848,474545.259779982734472,0.0],[1062764.882981387199834,474545.199892408913001,0.0],[1062764.908888752805069,474545.141681488777976,0.0],[1062764.938764319289476,474545.0854308201815,0.0],[1062764.972462536301464,474545.031414450902957,0.0],[1062765.009819229133427,474544.97989554295782,0.0],[1062765.050652400124818,474544.931125091563445,0.0],[1062765.094763113884255,474544.885340701264795,0.0],[1062765.141936467727646,474544.842765429173596,0.0],[1062765.191942637320608,474544.803606697474606,0.0],[1062765.244537997990847,474544.768055283871945,0.0],[1062765.299466310534626,474544.736284391081426,0.0],[1062765.356459969421849,474544.708448803750798,0.0],[1062765.415241307811812,474544.684684134204872,0.0],[1062765.475523948203772,474544.665106161206495,0.0],[1062765.537014200119302,474544.649810266972054,0.0],[1062765.599412489216775,474544.638870971451979,0.0],[1062765.662414817139506,474544.632341569813434,0.0]],[[1062765.737023575697094,474545.500397723866627,1.0],[1062765.951868177158758,474548.712390529573895,1.0]],[[1062765.737023575697094,474545.500397723866627,1.0],[1062765.5221789740026,474542.288404918275774,1.0]],[[1062778.690935823367909,474544.616600471083075,1.0],[1062762.583960618358105,474545.715519482153468,1.0]]]}},
{"type":"Feature","properties":{"fid":3472,"Layer":"HIDRANTES","PaperSpace":null,"SubClasses":"AcDbEntity:AcDbBlockReference","Linetype":"BYBLOCK","EntityHandle":"46B2","Text":null},"geometry":{"type":"MultiLineString","coordinates":[[[1062629.334931456716731,474639.213346022705082,0.0],[1062629.251273460686207,474642.442734475131147,0.0]],[[1062635.748181475093588,474639.379359001934063,0.0],[1062635.664523478830233,474642.608747454418335,0.0]],[[1062634.122037357650697,474644.571400628483389,0.0],[1062630.531591395149007,474644.478458574216347,0.0]],[[1062631.216702762059867,474653.974217413342558,0.0],[1062631.220563007285818,474653.910552987654228,0.0],[1062631.228823491604999,474653.847313119971659,0.0],[1062631.241443970473483,474653.784805908275302,0.0],[1062631.258362958673388,474653.723335881601088,0.0],[1062631.279498028336093,474653.663202515512239,0.0],[1062631.304746211506426,474653.60469877399737,0.0],[1062631.333984501892701,474653.548109681287315,0.0],[1062631.367070453241467,474653.493710933777038,0.0],[1062631.403842873871326,474653.441767556592822,0.0],[1062631.44412261270918,474653.392532612779178,0.0],[1062631.487713430542499,474653.34624596987851,0.0],[1062631.534402957651764,474653.303133132052608,0.0],[1062631.583963727112859,474653.263404140307102,0.0],[1062631.636154283769429,474653.227252550714184,0.0],[1062631.690720360493287,474653.194854489818681,0.0],[1062631.747396117309108,474653.166367797995917,0.0],[1062631.805905435001478,474653.141931259364355,0.0],[1062631.865963262505829,474653.121663926402107,0.0],[1062631.92727700388059,474653.105664539441932,0.0],[1062631.989547944627702,474653.094011045875959,0.0],[1062632.052472707349807,474653.086760220525321,0.0],[1062632.115744728595018,474653.083947388513479,0.0],[1062632.179055753396824,474653.085586253670044,0.0],[1062632.242097337264568,474653.09166883159196,0.0],[1062632.30456234770827,474653.102165488584433,0.0],[1062632.366146461106837,474653.117025086190552,0.0],[1062632.42654964630492,474653.136175229738001,0.0],[1062632.485477624926716,474653.159522621601354,0.0],[1062632.542643306078389,474653.186953515803907,0.0],[1062632.597768183564767,474653.218334271805361,0.0],[1062632.650583694921806,474653.253512005496304,0.0],[1062632.700832528527826,474653.292315334663726,0.0],[1062632.748269876930863,474653.334555213281419,0.0],[1062632.792664630105719,474653.380025853111874,0.0],[1062632.833800501422957,474653.428505725576542,0.0],[1062632.871477080741897,474653.479758641682565,0.0],[1062632.905510811833665,474653.533534902322572,0.0],[1062632.935735885519534,474653.589572515047621,0.0],[1062632.962005048524588,474653.647598470095545,0.0],[1062632.984190320130438,474653.707330071018077,0.0],[1062633.002183615695685,474653.768476311408449,0.0],[1062633.015897274017334,474653.8307392927818,0.0],[1062633.025264482945204,474653.893815676332451,0.0],[1062633.030239607207477,474653.957398160360754,0.0],[1062633.030798407969996,474654.021176977083087,0.0],[1062633.030798407969996,474654.021176977083087,0.0],[1062633.026938162744045,474654.084841402655002,0.0],[1062633.018677678890526,474654.14808127033757,0.0],[1062633.006057199556381,474654.210588482033927,0.0],[1062632.989138211589307,474654.272058508824557,0.0],[1062632.968003141693771,474654.33219187479699,0.0],[1062632.942754958523437,474654.390695616311859,0.0],[1062632.913516668369994,474654.447284709080122,0.0],[1062632.880430717021227,474654.501683456648607,0.0],[1062632.843658296391368,474654.553626833716407,0.0],[1062632.803378557553515,474654.602861777530052,0.0],[1062632.759787739487365,474654.64914842043072,0.0],[1062632.71309821261093,474654.692261258373037,0.0],[1062632.663537442917004,474654.731990249943919,0.0],[1062632.611346886493266,474654.768141839595046,0.0],[1062632.556780809536576,474654.800539900490548,0.0],[1062632.500105052953586,474654.829026592429727,0.0],[1062632.441595735028386,474654.853463130944874,0.0],[1062632.381537907756865,474654.873730463907123,0.0],[1062632.320224166614935,474654.889729850867298,0.0],[1062632.257953225634992,474654.901383344375063,0.0],[1062632.195028463145718,474654.908634169842117,0.0],[1062632.131756441900507,474654.911447001912165,0.0],[1062632.06844541663304,474654.909808136755601,0.0],[1062632.005403832998127,474654.903725558833685,0.0],[1062631.942938822787255,474654.893228901724797,0.0],[1062631.881354709155858,474654.878369304176886,0.0],[1062631.820951523957774,474654.859219160687644,0.0],[1062631.762023545103148,474654.835871768649668,0.0],[1062631.704857864184305,474654.808440874621738,0.0],[1062631.649732986697927,474654.777060118620284,0.0],[1062631.596917475340888,474654.741882384871133,0.0],[1062631.546668641502038,474654.703079055645503,0.0],[1062631.499231293099001,474654.660839176969603,0.0],[1062631.454836539924145,474654.615368537197355,0.0],[1062631.413700668839738,474654.566888664790895,0.0],[1062631.376024089520797,474654.515635748626664,0.0],[1062631.34199035842903,474654.461859487986658,0.0],[1062631.31176528474316,474654.405821875319816,0.0],[1062631.285496121738106,474654.347795920213684,0.0],[1062631.263310850365087,474654.288064319291152,0.0],[1062631.245317554567009,474654.226918079017196,0.0],[1062631.231603896478191,474654.164655097527429,0.0],[1062631.222236687317491,474654.10157871391857,0.0],[1062631.217261563055217,474654.037996230064891,0.0],[1062631.216702762059867,474653.974217413342558,0.0]],[[1062632.081879216711968,474653.979982481163461,0.0],[1062635.277486562961712,474654.062703768315259,0.0]],[[1062632.081879216711968,474653.979982481163461,0.0],[1062628.886271869996563,474653.89726119406987,0.0]],[[1062632.420485920039937,474640.90899549680762,0.0],[1062631.999460234772414,474657.161542158748489,0.0]]]}},
{"type":"Feature","properties":{"fid":2835,"Layer":"HIDRANTES","PaperSpace":null,"SubClasses":"AcDbEntity:AcDbBlockReference","Linetype":null,"EntityHandle":"3CFB","Text":null},"geometry":{"type":"MultiLineString","coordinates":[[[1063752.49412533105351,474374.565286361903418,0.0],[1063753.048736322438344,474376.68294445797801,0.0]],[[1063756.70005721389316,474373.44656899489928,0.0],[1063757.254668205277994,474375.56422709103208,0.0]],[[1063756.620766016189009,474377.136557397607248,0.0],[1063754.2660829606466,474377.762869211728685,0.0]],[[1063756.502960378769785,474383.811568278761115,0.0],[1063756.49346595723182,474383.769397663883865,0.0],[1063756.48691588640213,474383.726661648659501,0.0],[1063756.483342077583075,474383.683568438456859,0.0],[1063756.482761941617355,474383.640327979170252,0.0],[1063756.485178304836154,474383.597150933928788,0.0],[1063756.49057939555496,474383.554247656837106,0.0],[1063756.498938899952918,474383.511827168636955,0.0],[1063756.51021609059535,474383.47009613737464,0.0],[1063756.524356027599424,474383.429257872630842,0.0],[1063756.541289821499959,474383.389511334244162,0.0],[1063756.560934972716495,474383.351050163444597,0.0],[1063756.58319577225484,474383.314061739016324,0.0],[1063756.607963767834008,474383.278726264950819,0.0],[1063756.635118292411789,474383.245215892267879,0.0],[1063756.664527050917968,474383.213693879952189,0.0],[1063756.696046767989174,474383.184313800127711,0.0],[1063756.729523882037029,474383.157218789448962,0.0],[1063756.764795296126977,474383.132540852355305,0.0],[1063756.801689171697944,474383.110400217177812,0.0],[1063756.840025765122846,474383.090904750686605,0.0],[1063756.879618304781616,474383.074149433057755,0.0],[1063756.920273899100721,474383.060215894482099,0.0],[1063756.961794478818774,474383.049172017606907,0.0],[1063757.003977759741247,474383.041071607323829,0.0],[1063757.046618229011074,474383.035954127728473,0.0],[1063757.089508146047592,474383.033844511024654,0.0],[1063757.132438556523994,474383.034753034706227,0.0],[1063757.175200307043269,474383.038675272720866,0.0],[1063757.217585067031905,474383.045592116366606,0.0],[1063757.259386341786012,474383.055469867249485,0.0],[1063757.300400479929522,474383.068260402185842,0.0],[1063757.340427665039897,474383.08390140690608,0.0],[1063757.379272888181731,474383.102316679956857,0.0],[1063757.416746899718419,474383.123416504007764,0.0],[1063757.45266712969169,474383.147098082932644,0.0],[1063757.486858578631654,474383.173246042337269,0.0],[1063757.519154668785632,474383.201732991961762,0.0],[1063757.549398057395592,474383.232420146290679,0.0],[1063757.577441401546821,474383.265158000751399,0.0],[1063757.603148076916113,474383.299787059600931,0.0],[1063757.626392842736095,474383.336138613638468,0.0],[1063757.647062453441322,474383.374035561806522,0.0],[1063757.66505620861426,474383.413293273828458,0.0],[1063757.680286444257945,474383.453720490040723,0.0],[1063757.692678960273042,474383.495120253413916,0.0],[1063757.692678960273042,474383.495120253413916,0.0],[1063757.702173381578177,474383.53729086817475,0.0],[1063757.708723452407867,474383.580026883399114,0.0],[1063757.712297261459753,474383.623120093601756,0.0],[1063757.712877397425473,474383.666360552888364,0.0],[1063757.710461033973843,474383.709537598246243,0.0],[1063757.705059943255037,474383.752440875163302,0.0],[1063757.69670043932274,474383.794861363596283,0.0],[1063757.685423247981817,474383.836592394683976,0.0],[1063757.671283311443403,474383.877430659544189,0.0],[1063757.654349517542869,474383.917177197930869,0.0],[1063757.634704366326332,474383.955638368614018,0.0],[1063757.612443566322327,474383.992626793100499,0.0],[1063757.587675570975989,474384.027962267107796,0.0],[1063757.560521046863869,474384.061472639790736,0.0],[1063757.531112287892029,474384.092994652222842,0.0],[1063757.499592570820823,474384.122374732105527,0.0],[1063757.466115456772968,474384.149469742609654,0.0],[1063757.43084404245019,474384.174147679761518,0.0],[1063757.393950167112052,474384.196288314997219,0.0],[1063757.355613573687151,474384.215783781313803,0.0],[1063757.316021034261212,474384.23253909900086,0.0],[1063757.275365439476445,474384.246472637518309,0.0],[1063757.233844859758392,474384.257516514451709,0.0],[1063757.191661579301581,474384.265616924851201,0.0],[1063757.149021110031754,474384.270734404330142,0.0],[1063757.106131192529574,474384.272844021150377,0.0],[1063757.063200782518834,474384.271935497352388,0.0],[1063757.020439031766728,474384.268013259337749,0.0],[1063756.978054271778092,474384.261096415808424,0.0],[1063756.936252997023985,474384.25121866480913,0.0],[1063756.895238858880475,474384.238428129872773,0.0],[1063756.8552116737701,474384.222787125210743,0.0],[1063756.816366450628266,474384.204371852101758,0.0],[1063756.778892439091578,474384.183272028050851,0.0],[1063756.742972209351137,474384.159590449125972,0.0],[1063756.708780760411173,474384.133442489837762,0.0],[1063756.676484669791535,474384.104955540096853,0.0],[1063756.646241281414405,474384.074268385767937,0.0],[1063756.618197937263176,474384.041530531365424,0.0],[1063756.592491262126714,474384.006901472515892,0.0],[1063756.569246496073902,474383.970549918420147,0.0],[1063756.548576885368675,474383.932652970368508,0.0],[1063756.530583130195737,474383.893395258346573,0.0],[1063756.515352894552052,474383.852968042017892,0.0],[1063756.502960378769785,474383.811568278761115,0.0]],[[1063757.067223027581349,474383.649825052125379,0.0],[1063759.162963375682011,474383.092388272518292,0.0]],[[1063757.067223027581349,474383.649825052125379,0.0],[1063754.971482679946348,474384.207261831557844,0.0]],[[1063754.822428647428751,474375.078579498978797,0.0],[1063757.613619967596605,474385.736119627254084,0.0]]]}},
{"type":"Feature","properties":{"fid":2914,"Layer":"HIDRANTES","PaperSpace":null,"SubClasses":"AcDbEntity:AcDbBlockReference","Linetype":null,"EntityHandle":"3DE5","Text":null},"geometry":{"type":"MultiLineString","coordinates":[[[1063614.046730824513361,473866.478627377655357,0.0],[1063615.590789385605603,473869.309600253822282,0.0]],[[1063619.670013057766482,473863.366436877287924,0.0],[1063621.214071618858725,473866.197409753454849,0.0]],[[1063620.863889001309872,473868.675125197682064,0.0],[1063617.7157050173264,473870.417479196912609,0.0]],[[1063623.060232875170186,473878.269076806376688,0.0],[1063623.031703192507848,473878.2121444119839,0.0],[1063623.007187222363427,473878.153344933700282,0.0],[1063622.986804404295981,473878.092964836629108,0.0],[1063622.97065404150635,473878.031298286397941,0.0],[1063622.958814817015082,473877.968645716493484,0.0],[1063622.951344409957528,473877.905312363698613,0.0],[1063622.948279215022922,473877.841606781759765,0.0],[1063622.949634166900069,473877.777839338115882,0.0],[1063622.955402663443238,473877.714320701081306,0.0],[1063622.965556601062417,473877.651360327086877,0.0],[1063622.980046510929242,473877.589264952868689,0.0],[1063622.998801799723879,473877.528337100753561,0.0],[1063623.021731093991548,473877.468873605248518,0.0],[1063623.0487226836849,473877.411164166405797,0.0],[1063623.079645068850368,473877.355489938694518,0.0],[1063623.114347598981112,473877.302122161665466,0.0],[1063623.15266120643355,473877.251320837473031,0.0],[1063623.194399231579155,473877.203333465382457,0.0],[1063623.23935833061114,473877.158393834659364,0.0],[1063623.287319467635825,473877.116720887017436,0.0],[1063623.338048980338499,473877.078517648566049,0.0],[1063623.391299719922245,473877.043970241793431,0.0],[1063623.44681225460954,473877.01324697828386,0.0],[1063623.504316131817177,473876.986497538571712,0.0],[1063623.563531199470162,473876.963852243265137,0.0],[1063623.624168967362493,473876.945421417825855,0.0],[1063623.685934013919905,473876.931294855603483,0.0],[1063623.748525426723063,473876.921541379764676,0.0],[1063623.811638266546652,473876.916208508075215,0.0],[1063623.874965053750202,473876.915322222048417,0.0],[1063623.938197266543284,473876.91888683923753,0.0],[1063624.001026844140142,473876.926884993386921,0.0],[1063624.063147687120363,473876.939277718251105,0.0],[1063624.124257149174809,473876.956004637817387,0.0],[1063624.184057510690764,473876.976984260079917,0.0],[1063624.242257430683821,473877.002114374598023,0.0],[1063624.298573364969343,473877.03127254958963,0.0],[1063624.352730947546661,473877.064316729840357,0.0],[1063624.404466328443959,473877.101085927104577,0.0],[1063624.453527458477765,473877.141401005792432,0.0],[1063624.499675316270441,473877.185065554629546,0.0],[1063624.542685074266046,473877.231866844522301,0.0],[1063624.582347192801535,473877.281576864130329,0.0],[1063624.618468442931771,473877.333953431400005,0.0],[1063624.650872844737023,473877.388741372909863,0.0],[1063624.650872844737023,473877.388741372909863,0.0],[1063624.679402527632192,473877.445673767186236,0.0],[1063624.703918497543782,473877.504473245469853,0.0],[1063624.724301315378398,473877.564853342657443,0.0],[1063624.740451678400859,473877.626519892772194,0.0],[1063624.752290903124958,473877.689172462676652,0.0],[1063624.759761310182512,473877.752505815587938,0.0],[1063624.762826504418626,473877.81621139741037,0.0],[1063624.76147155277431,473877.879978841228876,0.0],[1063624.755703056696802,473877.943497478263453,0.0],[1063624.745549118844792,473878.006457852141466,0.0],[1063624.731059208977968,473878.068553226417862,0.0],[1063624.7123039199505,473878.129481078474782,0.0],[1063624.689374626148492,473878.188944574038032,0.0],[1063624.66238303645514,473878.246654012880754,0.0],[1063624.631460651056841,473878.302328240475617,0.0],[1063624.596758120926097,473878.355696017621085,0.0],[1063624.55844451347366,473878.406497341697104,0.0],[1063624.516706488328055,473878.454484713962302,0.0],[1063624.47174738929607,473878.499424344510771,0.0],[1063624.423786252504215,473878.541097292327322,0.0],[1063624.37305673933588,473878.579300530720502,0.0],[1063624.319805999752134,473878.613847937376704,0.0],[1063624.264293465297669,473878.644571200886276,0.0],[1063624.206789587624371,473878.671320640773047,0.0],[1063624.147574520204216,473878.693965936079621,0.0],[1063624.086936752544716,473878.712396761402488,0.0],[1063624.025171705754474,473878.72652332362486,0.0],[1063623.962580292951316,473878.736276799521875,0.0],[1063623.899467453593388,473878.74160967109492,0.0],[1063623.836140666389838,473878.742495957238134,0.0],[1063623.772908453363925,473878.738931340049021,0.0],[1063623.710078875767067,473878.730933185783215,0.0],[1063623.647958032786846,473878.71854046091903,0.0],[1063623.5868485707324,473878.701813541352749,0.0],[1063623.527048209449276,473878.680833919090219,0.0],[1063623.468848289223388,473878.655703804746736,0.0],[1063623.412532355170697,473878.626545629580505,0.0],[1063623.358374772360548,473878.593501449446194,0.0],[1063623.306639390997589,473878.556732252065558,0.0],[1063623.257578261196613,473878.516417173494119,0.0],[1063623.211430403636768,473878.472752624598797,0.0],[1063623.168420645641163,473878.42595133476425,0.0],[1063623.128758526872844,473878.376241315098014,0.0],[1063623.092637276975438,473878.323864747886546,0.0],[1063623.060232875170186,473878.269076806376688,0.0]],[[1063623.810515269171447,473877.834867862635292,0.0],[1063626.612495851004496,473876.284119209682103,0.0]],[[1063623.810515269171447,473877.834867862635292,0.0],[1063621.008534687804058,473879.385616515472066,0.0]],[[1063617.560920445714146,473866.376472515112255,0.0],[1063625.331705590710044,473880.62391268776264,0.0]]]}},
{"type":"Feature","properties":{"fid":2871,"Layer":"HIDRANTES","PaperSpace":null,"SubClasses":"AcDbEntity:AcDbBlockReference","Linetype":null,"EntityHandle":"3D66","Text":null},"geometry":{"type":"MultiLineString","coordinates":[[[1063673.55391397071071,474082.385012489336077,0.0],[1063673.709162272047251,474085.611621314950753,0.0]],[[1063679.961828007362783,474082.069827849220019,0.0],[1063680.117076308233663,474085.29643667495111,0.0]],[[1063678.723879773169756,474087.369212978461292,0.0],[1063675.136421150062233,474087.545668506529182,0.0]],[[1063676.521461351541802,474096.963459448947106,0.0],[1063676.520605708938092,474096.899684085859917,0.0],[1063676.524169603828341,474096.836002252239268,0.0],[1063676.532135673798621,474096.772724199399818,0.0],[1063676.544465108308941,474096.71015821187757,0.0],[1063676.561097840080038,474096.648609104682691,0.0],[1063676.581952835666016,474096.588376738887746,0.0],[1063676.606928491964936,474096.529754560673609,0.0],[1063676.635903130285442,474096.473028171283659,0.0],[1063676.668735588667914,474096.418473935860675,0.0],[1063676.705265910597518,474096.366357637569308,0.0],[1063676.745316124288365,474096.316933181253262,0.0],[1063676.788691109512001,474096.270441358385142,0.0],[1063676.835179546847939,474096.227108672028407,0.0],[1063676.884554949821904,474096.187146234849934,0.0],[1063676.936576766660437,474096.150748740008567,0.0],[1063676.990991551429033,474096.118093512195628,0.0],[1063677.047534201992676,474096.089339644415304,0.0],[1063677.105929246870801,474096.064627222716808,0.0],[1063677.165892192395404,474096.044076643593144,0.0],[1063677.227130904560909,474096.027788027131464,0.0],[1063677.289347034879029,474096.015840730222408,0.0],[1063677.352237472310662,474096.008292958489619,0.0],[1063677.415495821041986,474096.005181484215427,0.0],[1063677.478813892696053,474096.00652146601351,0.0],[1063677.541883207624778,474096.012306375720073,0.0],[1063677.604396499693394,474096.022508029825985,0.0],[1063677.666049209190533,474096.03707672690507,0.0],[1063677.726540970848873,474096.05594148975797,0.0],[1063677.785577074857429,474096.079010411049239,0.0],[1063677.842869903193787,474096.106171101389918,0.0],[1063677.898140330798924,474096.137291236664169,0.0],[1063677.951119086239487,474096.172219202504493,0.0],[1063678.001548061380163,474096.210784833645448,0.0],[1063678.049181572627276,474096.252800242044032,0.0],[1063678.093787553021684,474096.298060732893646,0.0],[1063678.135148687288165,474096.346345801546704,0.0],[1063678.173063468420878,474096.397420208144467,0.0],[1063678.207347179064527,474096.451035123318434,0.0],[1063678.237832792336121,474096.506929340481292,0.0],[1063678.264371785800904,474096.564830548479222,0.0],[1063678.28683486324735,474096.624456658842973,0.0],[1063678.305112588219345,474096.685517178906593,0.0],[1063678.319115912308916,474096.747714627999812,0.0],[1063678.328776613343507,474096.81074598635314,0.0],[1063678.334047625074163,474096.874304171709809,0.0],[1063678.334047625074163,474096.874304171709809,0.0],[1063678.334903267677873,474096.93807953473879,0.0],[1063678.331339372787625,474097.001761368417647,0.0],[1063678.323373302817345,474097.06503942119889,0.0],[1063678.311043868307024,474097.127605408837553,0.0],[1063678.294411136768758,474097.189154516032431,0.0],[1063678.27355614094995,474097.249386881710961,0.0],[1063678.248580484651029,474097.308009059983306,0.0],[1063678.219605846563354,474097.364735449315049,0.0],[1063678.186773388180882,474097.419289684738033,0.0],[1063678.150243066251278,474097.471405983145814,0.0],[1063678.110192852094769,474097.520830439345445,0.0],[1063678.066817867336795,474097.567322262329981,0.0],[1063678.020329430000857,474097.610654948628508,0.0],[1063677.970954026794061,474097.650617385748774,0.0],[1063677.918932210188359,474097.687014880706556,0.0],[1063677.864517425186932,474097.719670108403079,0.0],[1063677.807974775088951,474097.748423976183403,0.0],[1063677.749579729512334,474097.773136397881899,0.0],[1063677.689616784220561,474097.793686977005564,0.0],[1063677.628378072055057,474097.809975593467243,0.0],[1063677.566161942202598,474097.821922890492715,0.0],[1063677.503271504770964,474097.829470662167296,0.0],[1063677.44001315603964,474097.83258213638328,0.0],[1063677.376695084152743,474097.831242154585198,0.0],[1063677.313625768758357,474097.825457244878635,0.0],[1063677.251112477155402,474097.815255590772722,0.0],[1063677.189459767425433,474097.800686893693637,0.0],[1063677.128968005767092,474097.781822130898945,0.0],[1063677.069931901758537,474097.758753209607676,0.0],[1063677.012639073422179,474097.731592519266997,0.0],[1063676.957368645584211,474097.700472384109162,0.0],[1063676.904389890609309,474097.665544418094214,0.0],[1063676.853960915002972,474097.626978787069675,0.0],[1063676.80632740422152,474097.584963378612883,0.0],[1063676.761721423594281,474097.539702887821477,0.0],[1063676.7203602893278,474097.491417819052003,0.0],[1063676.682445508195087,474097.440343412512448,0.0],[1063676.648161797551438,474097.386728497396689,0.0],[1063676.617676184279844,474097.330834280292038,0.0],[1063676.591137191280723,474097.272933072119486,0.0],[1063676.568674113135785,474097.213306961755734,0.0],[1063676.550396388396621,474097.152246441692114,0.0],[1063676.536393064307049,474097.090048992598895,0.0],[1063676.526732363272458,474097.027017634245567,0.0],[1063676.521461351541802,474096.963459448947106,0.0]],[[1063677.38468881114386,474096.904355388949625,0.0],[1063680.57763733365573,474096.747304541349877,0.0]],[[1063677.38468881114386,474096.904355388949625,0.0],[1063674.191740288864821,474097.061406236549374,0.0]],[[1063676.756319522624835,474083.844618975475896,0.0],[1063677.537637811386958,474100.083176607382484,0.0]]]}},
{"type":"Feature","properties":{"fid":2856,"Layer":"HIDRANTES","PaperSpace":null,"SubClasses":"AcDbEntity:AcDbBlockReference","Linetype":null,"EntityHandle":"3D3B","Text":null},"geometry":{"type":"MultiLineString","coordinates":[[[1063678.08419105806388,474186.923987077956554,0.0],[1063678.594470366602764,474190.11310692637926,0.0]],[[1063684.417928544338793,474185.89373575738864,0.0],[1063684.928207852877676,474189.082855605694931,0.0]],[[1063683.772263690596446,474191.298604403506033,0.0],[1063680.22633266961202,474191.875388668035157,0.0]],[[1063682.641903181560338,474201.079479236039333,0.0],[1063682.63401658507064,474201.016197239572648,0.0],[1063682.630532669369131,474200.952513652679045,0.0],[1063682.631468407344073,474200.888738735229708,0.0],[1063682.636819240171462,474200.825183192442637,0.0],[1063682.646559099433944,474200.762156660319306,0.0],[1063682.660640532849357,474200.699966197833419,0.0],[1063682.678994937799871,474200.638914790761191,0.0],[1063682.701532893115655,474200.579299875360448,0.0],[1063682.728144596330822,474200.521411889581941,0.0],[1063682.758700397796929,474200.465532857691869,0.0],[1063682.793051432585344,474200.411935016920324,0.0],[1063682.831030346220359,474200.36087949044304,0.0],[1063682.872452109120786,474200.312615015660413,0.0],[1063682.917114918120205,474200.26737673219759,0.0],[1063682.964801181573421,474200.225385036610533,0.0],[1063683.01527857570909,474200.186844508047216,0.0],[1063683.068301180610433,474200.151942912256345,0.0],[1063683.123610674869269,474200.120850286039058,0.0],[1063683.180937596363947,474200.0937181096524,0.0],[1063683.240002654027194,474200.070678568561561,0.0],[1063683.300518089206889,474200.051843908731826,0.0],[1063683.362189076375216,474200.037305890931748,0.0],[1063683.424715160857886,474200.027135343058035,0.0],[1063683.487791721709073,474200.021381814673077,0.0],[1063683.551111456472427,474200.020073336665519,0.0],[1063683.614365877816454,474200.023216283530928,0.0],[1063683.677246816223487,474200.030795343336649,0.0],[1063683.739447922213003,474200.042773591820151,0.0],[1063683.800666158553213,474200.059092671785038,0.0],[1063683.860603275708854,474200.079673078667838,0.0],[1063683.918967266334221,474200.104414546571206,0.0],[1063683.975473786937073,474200.133196537557524,0.0],[1063684.029847542988136,474200.165878828731366,0.0],[1063684.081823631655425,474200.202302195364609,0.0],[1063684.131148830754682,474200.242289186222479,0.0],[1063684.177582832053304,474200.285644988936838,0.0],[1063684.220899414271116,474200.332158378267195,0.0],[1063684.260887543438002,474200.381602745619603,0.0],[1063684.297352401306853,474200.43373720307136,0.0],[1063684.330116334604099,474200.488307756837457,0.0],[1063684.359019720926881,474200.545048544649035,0.0],[1063684.383921745698899,474200.603683131048456,0.0],[1063684.404701089020818,474200.663925854081754,0.0],[1063684.421256515895948,474200.725483217567671,0.0],[1063684.433507370064035,474200.788055319979321,0.0],[1063684.433507370064035,474200.788055319979321,0.0],[1063684.441393966320902,474200.851337316504214,0.0],[1063684.444877882255241,474200.915020903397817,0.0],[1063684.4439421442803,474200.978795820847154,0.0],[1063684.43859131145291,474201.042351363634225,0.0],[1063684.428851452190429,474201.105377895815764,0.0],[1063684.414770018775016,474201.167568358185235,0.0],[1063684.396415613591671,474201.228619765257463,0.0],[1063684.373877658508718,474201.288234680716414,0.0],[1063684.347265955293551,474201.346122666494921,0.0],[1063684.316710153827444,474201.402001698326785,0.0],[1063684.282359119039029,474201.45559953909833,0.0],[1063684.244380205404013,474201.50665506569203,0.0],[1063684.202958442736417,474201.554919540416449,0.0],[1063684.158295633271337,474201.600157823821064,0.0],[1063684.110609370050952,474201.642149519408122,0.0],[1063684.060131975682452,474201.680690048029646,0.0],[1063684.00710937124677,474201.715591643820517,0.0],[1063683.951799876755103,474201.746684270037804,0.0],[1063683.894472955260426,474201.773816446424462,0.0],[1063683.835407897364348,474201.796855987515301,0.0],[1063683.774892462417483,474201.815690647345036,0.0],[1063683.713221475249156,474201.830228665145114,0.0],[1063683.650695390999317,474201.840399213077035,0.0],[1063683.5876188299153,474201.846152741403785,0.0],[1063683.524299094919115,474201.847461219469551,0.0],[1063683.461044673807919,474201.844318272545934,0.0],[1063683.398163735400885,474201.836739212682005,0.0],[1063683.335962629178539,474201.824760964314919,0.0],[1063683.27474439307116,474201.808441884233616,0.0],[1063683.214807275915518,474201.787861477409024,0.0],[1063683.156443285057321,474201.763120009505656,0.0],[1063683.0999367646873,474201.734338018519338,0.0],[1063683.045563008403406,474201.701655727287289,0.0],[1063682.993586919736117,474201.665232360712253,0.0],[1063682.94426172086969,474201.625245369854383,0.0],[1063682.897827719571069,474201.581889567081816,0.0],[1063682.854511137353256,474201.535376177867875,0.0],[1063682.814523007953539,474201.485931810457259,0.0],[1063682.77805815031752,474201.433797353005502,0.0],[1063682.745294217020273,474201.379226799181197,0.0],[1063682.716390830697492,474201.32248601136962,0.0],[1063682.691488805925474,474201.263851425028406,0.0],[1063682.670709462603554,474201.203608701995108,0.0],[1063682.654154035728425,474201.142051338509191,0.0],[1063682.641903181560338,474201.079479236039333,0.0]],[[1063683.493301740847528,474200.924150381470099,0.0],[1063686.649289419874549,474200.410794644500129,0.0]],[[1063683.493301740847528,474200.924150381470099,0.0],[1063680.337314061354846,474201.437506118207239,0.0]],[[1063681.427940357243642,474188.016151035728399,0.0],[1063683.996023570653051,474204.066037852142472,0.0]]]}},
{"type":"Feature","properties":{"fid":2554,"Layer":"HIDRANTES","PaperSpace":null,"SubClasses":"AcDbEntity:AcDbBlockReference","Linetype":null,"EntityHandle":"39B0","Text":null},"geometry":{"type":"MultiLineString","coordinates":[[[1063190.187310543609783,474164.870699839200824,0.0],[1063190.342558844713494,474168.097308664990123,0.0]],[[1063196.595224580029026,474164.555515199084766,0.0],[1063196.750472881365567,474167.782124024815857,0.0]],[[1063195.357276346068829,474169.854900328326039,0.0],[1063191.769817722728476,474170.031355856452137,0.0]],[[1063193.154857924673706,474179.449146798753645,0.0],[1063193.154002281837165,474179.385371435782872,0.0],[1063193.157566176960245,474179.321689602104016,0.0],[1063193.165532246464863,474179.258411549264565,0.0],[1063193.177861681208014,474179.195845561800525,0.0],[1063193.19449441274628,474179.134296454605646,0.0],[1063193.215349408565089,474179.074064088810701,0.0],[1063193.24032506509684,474179.015441910596564,0.0],[1063193.269299703184515,474178.958715521148406,0.0],[1063193.302132161334157,474178.90416128578363,0.0],[1063193.338662483496591,474178.852044987434056,0.0],[1063193.378712697420269,474178.802620531118009,0.0],[1063193.422087682411075,474178.756128708191682,0.0],[1063193.468576119747013,474178.712796021893155,0.0],[1063193.517951522720978,474178.672833584772889,0.0],[1063193.56997333932668,474178.636436089873314,0.0],[1063193.624388124560937,474178.603780862002168,0.0],[1063193.680930774658918,474178.575026994221844,0.0],[1063193.739325820002705,474178.550314572581556,0.0],[1063193.799288765294477,474178.529763993399683,0.0],[1063193.860527477459982,474178.513475376996212,0.0],[1063193.922743607545272,474178.501528080028947,0.0],[1063193.985634044976905,474178.493980308296159,0.0],[1063194.048892393708229,474178.490868834021967,0.0],[1063194.112210465362296,474178.492208815820049,0.0],[1063194.175279780989513,474178.49799372558482,0.0],[1063194.237793072592467,474178.50819537974894,0.0],[1063194.299445782089606,474178.522764076769818,0.0],[1063194.359937543980777,474178.541628839622717,0.0],[1063194.418973647756502,474178.564697760855779,0.0],[1063194.47626647609286,474178.591858451196458,0.0],[1063194.531536903930828,474178.622978586528916,0.0],[1063194.58451565890573,474178.657906552427448,0.0],[1063194.634944634512067,474178.696472183510195,0.0],[1063194.682578145293519,474178.738487591908779,0.0],[1063194.727184125920758,474178.78374808258377,0.0],[1063194.768545260420069,474178.832033151411451,0.0],[1063194.806460041319951,474178.883107557951007,0.0],[1063194.840743751963601,474178.936722473124973,0.0],[1063194.871229365235195,474178.992616690229625,0.0],[1063194.897768358467147,474179.050517898402177,0.0],[1063194.920231436612085,474179.110144008707721,0.0],[1063194.938509161118418,474179.171204528829549,0.0],[1063194.95251248520799,474179.23340197786456,0.0],[1063194.96217318624258,474179.296433336276095,0.0],[1063194.967444197973236,474179.359991521574557,0.0],[1063194.967444197973236,474179.359991521574557,0.0],[1063194.968299840576947,474179.42376688454533,0.0],[1063194.964735945686698,474179.487448718224186,0.0],[1063194.956769875949249,474179.550726771063637,0.0],[1063194.944440441206098,474179.613292758644093,0.0],[1063194.927807709667832,474179.674841865838971,0.0],[1063194.906952714081854,474179.735074231575709,0.0],[1063194.881977057550102,474179.793696409848053,0.0],[1063194.853002419229597,474179.850422799179796,0.0],[1063194.820169961079955,474179.904977034544572,0.0],[1063194.783639638917521,474179.957093333010562,0.0],[1063194.743589425226673,474180.006517789210193,0.0],[1063194.700214440235868,474180.05300961213652,0.0],[1063194.65372600289993,474180.096342298493255,0.0],[1063194.604350599693134,474180.136304735613521,0.0],[1063194.552328783087432,474180.172702230454888,0.0],[1063194.497913997853175,474180.205357458326034,0.0],[1063194.441371347755194,474180.234111326106358,0.0],[1063194.382976302877069,474180.258823747804854,0.0],[1063194.323013357119635,474180.279374326928519,0.0],[1063194.26177464495413,474180.29566294333199,0.0],[1063194.199558514868841,474180.30761024041567,0.0],[1063194.136668077437207,474180.315158012032043,0.0],[1063194.073409728705883,474180.318269486248028,0.0],[1063194.010091657051817,474180.316929504508153,0.0],[1063193.94702234165743,474180.311144594743382,0.0],[1063193.884509050054476,474180.300942940579262,0.0],[1063193.822856340324506,474180.286374243616592,0.0],[1063193.762364578433335,474180.267509480705485,0.0],[1063193.70332847465761,474180.244440559472423,0.0],[1063193.646035646554083,474180.217279869131744,0.0],[1063193.590765218948945,474180.186159733973909,0.0],[1063193.537786463508382,474180.151231767900754,0.0],[1063193.487357488134876,474180.112666136934422,0.0],[1063193.439723977120593,474180.070650728477631,0.0],[1063193.395117996726185,474180.025390237686224,0.0],[1063193.353756861994043,474179.977105168916751,0.0],[1063193.315842081094161,474179.926030762377195,0.0],[1063193.281558370683342,474179.872415847319644,0.0],[1063193.251072757411748,474179.816521630156785,0.0],[1063193.224533763946965,474179.758620421926025,0.0],[1063193.202070685802028,474179.698994311620481,0.0],[1063193.183792961295694,474179.637933791556861,0.0],[1063193.169789637206122,474179.575736342463642,0.0],[1063193.160128936171532,474179.512704984052107,0.0],[1063193.154857924673706,474179.449146798753645,0.0]],[[1063194.018085384275764,474179.390042738814373,0.0],[1063197.211033906321973,474179.232991891214624,0.0]],[[1063194.018085384275764,474179.390042738814373,0.0],[1063190.825136861531064,474179.547093586414121,0.0]],[[1063193.389716095523909,474166.330306325340644,0.0],[1063194.171034384286031,474182.568863957305439,0.0]]]}},
{"type":"Feature","properties":{"fid":2656,"Layer":"HIDRANTES","PaperSpace":null,"SubClasses":"AcDbEntity:AcDbBlockReference","Linetype":null,"EntityHandle":"3AE9","Text":null},"geometry":{"type":"MultiLineString","coordinates":[[[1063287.499043631600216,474201.583780405810103,0.0],[1063287.343795330263674,474198.357171580079012,0.0]],[[1063281.091129594948143,474201.898965045926161,0.0],[1063280.935881294077262,474198.67235622019507,0.0]],[[1063282.32907782914117,474196.599579916684888,0.0],[1063285.916536452248693,474196.423124388616998,0.0]],[[1063284.531496250536293,474187.005333446199074,0.0],[1063284.532351893140003,474187.069108809286263,0.0],[1063284.528787998249754,474187.132790642906912,0.0],[1063284.520821928512305,474187.196068695746362,0.0],[1063284.508492493769154,474187.25863468326861,0.0],[1063284.491859762230888,474187.320183790463489,0.0],[1063284.47100476664491,474187.380416156258434,0.0],[1063284.446029110113159,474187.439038334472571,0.0],[1063284.417054471792653,474187.495764723920729,0.0],[1063284.384222013643011,474187.550318959285505,0.0],[1063284.347691691480577,474187.602435257576872,0.0],[1063284.30764147778973,474187.651859713892918,0.0],[1063284.264266492798924,474187.698351536819246,0.0],[1063284.217778055462986,474187.741684223117772,0.0],[1063284.168402652256191,474187.781646660296246,0.0],[1063284.116380835650489,474187.818044155137613,0.0],[1063284.061966050416231,474187.850699382950552,0.0],[1063284.00542340031825,474187.879453250730876,0.0],[1063283.947028355440125,474187.904165672429372,0.0],[1063283.887065409682691,474187.924716251553036,0.0],[1063283.825826697750017,474187.941004868072923,0.0],[1063283.763610567431897,474187.95295216498198,0.0],[1063283.700720130000263,474187.960499936656561,0.0],[1063283.637461781268939,474187.96361141098896,0.0],[1063283.574143709614873,474187.96227142913267,0.0],[1063283.511074394220486,474187.956486519426107,0.0],[1063283.448561102617532,474187.946284865261987,0.0],[1063283.386908392887563,474187.93171616824111,0.0],[1063283.326416630996391,474187.91285140538821,0.0],[1063283.267380527220666,474187.889782484155148,0.0],[1063283.210087698884308,474187.862621793756261,0.0],[1063283.154817271512002,474187.831501658482011,0.0],[1063283.101838516071439,474187.796573692641687,0.0],[1063283.051409540697932,474187.758008061500732,0.0],[1063283.00377602968365,474187.715992653102148,0.0],[1063282.959170049056411,474187.67073216236895,0.0],[1063282.917808914557099,474187.622447093599476,0.0],[1063282.879894133657217,474187.57137268705992,0.0],[1063282.845610423246399,474187.517757771885954,0.0],[1063282.815124809974805,474187.461863554781303,0.0],[1063282.788585816510022,474187.403962346608751,0.0],[1063282.766122738365084,474187.344336236303207,0.0],[1063282.74784501385875,474187.283275716239586,0.0],[1063282.733841689769179,474187.221078267146368,0.0],[1063282.724180988734588,474187.158046908734832,0.0],[1063282.718909977236763,474187.09448872343637,0.0],[1063282.718909977236763,474187.09448872343637,0.0],[1063282.718054334400222,474187.030713360465597,0.0],[1063282.721618229523301,474186.967031526728533,0.0],[1063282.72958429926075,474186.90375347394729,0.0],[1063282.741913733771071,474186.841187486366834,0.0],[1063282.758546465309337,474186.779638379171956,0.0],[1063282.779401461128145,474186.719406013435218,0.0],[1063282.804377117659897,474186.660783835162874,0.0],[1063282.833351755747572,474186.604057445831131,0.0],[1063282.866184213897213,474186.549503210466355,0.0],[1063282.902714536059648,474186.497386912000366,0.0],[1063282.942764749983326,474186.447962455800734,0.0],[1063282.986139734974131,474186.401470632874407,0.0],[1063283.032628172310069,474186.358137946517672,0.0],[1063283.082003575284034,474186.318175509397406,0.0],[1063283.134025391889736,474186.281778014614247,0.0],[1063283.188440177123994,474186.249122786743101,0.0],[1063283.244982827221975,474186.220368918962777,0.0],[1063283.303377872332931,474186.195656497206073,0.0],[1063283.363340817857534,474186.175105918082409,0.0],[1063283.424579530023038,474186.158817301678937,0.0],[1063283.486795660108328,474186.146870004653465,0.0],[1063283.549686097539961,474186.139322232978884,0.0],[1063283.612944446271285,474186.1362107587629,0.0],[1063283.676262517925352,474186.137550740502775,0.0],[1063283.739331833552569,474186.143335650267545,0.0],[1063283.801845125155523,474186.153537304373458,0.0],[1063283.863497834652662,474186.168106001452543,0.0],[1063283.923989596543834,474186.186970764305443,0.0],[1063283.983025700319558,474186.210039685538504,0.0],[1063284.040318528655916,474186.237200375879183,0.0],[1063284.095588956493884,474186.268320511037018,0.0],[1063284.148567711468786,474186.303248477051966,0.0],[1063284.198996687075123,474186.341814108076505,0.0],[1063284.246630197856575,474186.383829516533297,0.0],[1063284.291236178483814,474186.429090007324703,0.0],[1063284.332597312983125,474186.477375076094177,0.0],[1063284.370512093883008,474186.528449482633732,0.0],[1063284.404795804526657,474186.582064397749491,0.0],[1063284.435281417798251,474186.637958614854142,0.0],[1063284.461820411030203,474186.695859823026694,0.0],[1063284.484283489175141,474186.755485933390446,0.0],[1063284.502561213681474,474186.816546453454066,0.0],[1063284.516564537771046,474186.878743902547285,0.0],[1063284.526225238805637,474186.941775260958821,0.0],[1063284.531496250536293,474187.005333446199074,0.0]],[[1063283.668268790934235,474187.064437506196555,0.0],[1063280.475320268655196,474187.221488353796303,0.0]],[[1063283.668268790934235,474187.064437506196555,0.0],[1063286.861217313446105,474186.907386658596806,0.0]],[[1063284.29663807968609,474200.124173919670284,0.0],[1063283.515319790691137,474183.885616287763696,0.0]]]}},
{"type":"Feature","properties":{"fid":2576,"Layer":"HIDRANTES","PaperSpace":null,"SubClasses":"AcDbEntity:AcDbBlockReference","Linetype":null,"EntityHandle":"39EC","Text":null},"geometry":{"type":"MultiLineString","coordinates":[[[1063012.414841860765591,474175.03759739844827,0.0],[1063012.570090161869302,474178.264206224179361,0.0]],[[1063018.822755897184834,474174.722412758332212,0.0],[1063018.978004198521376,474177.949021584063303,0.0]],[[1063017.584807663457468,474180.021797887573484,0.0],[1063013.997349040349945,474180.198253415641375,0.0]],[[1063015.382389241829515,474189.616044358001091,0.0],[1063015.381533598992974,474189.552268995030317,0.0],[1063015.385097494348884,474189.488587161351461,0.0],[1063015.393063564086333,474189.42530910851201,0.0],[1063015.405392998596653,474189.36274312104797,0.0],[1063015.422025730134919,474189.301194013853092,0.0],[1063015.442880725720897,474189.240961647999939,0.0],[1063015.467856382252648,474189.182339469785802,0.0],[1063015.496831020340323,474189.125613080337644,0.0],[1063015.529663478489965,474189.071058845031075,0.0],[1063015.56619380088523,474189.018942546681501,0.0],[1063015.606244014576077,474188.969518090365455,0.0],[1063015.649618999566883,474188.923026267439127,0.0],[1063015.696107436902821,474188.879693581082392,0.0],[1063015.745482840342447,474188.839731144020334,0.0],[1063015.797504656482488,474188.803333649120759,0.0],[1063015.851919441716745,474188.770678421249613,0.0],[1063015.908462091814727,474188.741924553469289,0.0],[1063015.966857137158513,474188.717212131770793,0.0],[1063016.026820082683116,474188.696661552647129,0.0],[1063016.088058794848621,474188.680372936243657,0.0],[1063016.15027492493391,474188.668425639276393,0.0],[1063016.213165362365544,474188.660877867543604,0.0],[1063016.276423711096868,474188.657766393269412,0.0],[1063016.339741782518104,474188.659106375067495,0.0],[1063016.402811098145321,474188.664891284832265,0.0],[1063016.465324389748275,474188.675092938996386,0.0],[1063016.526977099478245,474188.689661636017263,0.0],[1063016.587468861136585,474188.708526398870163,0.0],[1063016.64650496491231,474188.731595320103224,0.0],[1063016.703797793248668,474188.758756010443904,0.0],[1063016.759068221086636,474188.789876145776361,0.0],[1063016.812046976294369,474188.824804111674894,0.0],[1063016.862475951667875,474188.863369742757641,0.0],[1063016.910109462449327,474188.905385151098017,0.0],[1063016.954715443076566,474188.950645641831215,0.0],[1063016.996076577808708,474188.998930710658897,0.0],[1063017.03399135847576,474189.050005117198452,0.0],[1063017.068275069119409,474189.103620032372419,0.0],[1063017.098760682623833,474189.159514249418862,0.0],[1063017.125299675855786,474189.217415457649622,0.0],[1063017.147762753767893,474189.277041567955166,0.0],[1063017.166040478274226,474189.338102088076994,0.0],[1063017.180043802363798,474189.400299537053797,0.0],[1063017.189704503631219,474189.463330895523541,0.0],[1063017.194975515361875,474189.526889080822002,0.0],[1063017.194975515361875,474189.526889080822002,0.0],[1063017.195831157965586,474189.590664443792775,0.0],[1063017.192267262842506,474189.654346277471632,0.0],[1063017.184301193105057,474189.717624330311082,0.0],[1063017.171971758361906,474189.780190317891538,0.0],[1063017.15533902682364,474189.841739425086416,0.0],[1063017.134484031237662,474189.901971790823154,0.0],[1063017.109508374705911,474189.960593969095498,0.0],[1063017.080533736618236,474190.017320358427241,0.0],[1063017.047701278468594,474190.071874593792018,0.0],[1063017.011170956073329,474190.123990892258007,0.0],[1063016.971120742615312,474190.173415348399431,0.0],[1063016.927745757624507,474190.219907171383966,0.0],[1063016.881257320055738,474190.2632398577407,0.0],[1063016.831881916848943,474190.303202294860967,0.0],[1063016.779860100476071,474190.339599789644126,0.0],[1063016.725445315241814,474190.37225501757348,0.0],[1063016.668902665143833,474190.401008885353804,0.0],[1063016.610507620032877,474190.425721307052299,0.0],[1063016.550544674508274,474190.446271886175964,0.0],[1063016.489305962342769,474190.462560502579436,0.0],[1063016.427089832024649,474190.474507799663115,0.0],[1063016.364199394593015,474190.482055571279489,0.0],[1063016.300941045861691,474190.485167045495473,0.0],[1063016.237622974440455,474190.483827063755598,0.0],[1063016.174553659046069,474190.478042153990828,0.0],[1063016.112040367443115,474190.467840499826707,0.0],[1063016.050387657713145,474190.453271802864037,0.0],[1063015.989895895821974,474190.43440703995293,0.0],[1063015.930859792046249,474190.411338118719868,0.0],[1063015.873566963709891,474190.384177428379189,0.0],[1063015.818296536104754,474190.353057293221354,0.0],[1063015.765317780664191,474190.318129327148199,0.0],[1063015.714888805523515,474190.27956369612366,0.0],[1063015.667255294276401,474190.237548287725076,0.0],[1063015.622649313881993,474190.19228779693367,0.0],[1063015.581288179382682,474190.144002728164196,0.0],[1063015.5433733984828,474190.09292832162464,0.0],[1063015.509089688071981,474190.039313406508882,0.0],[1063015.478604074567556,474189.983419189404231,0.0],[1063015.452065081102774,474189.925517981173471,0.0],[1063015.429602003423497,474189.865891870867927,0.0],[1063015.411324278684333,474189.804831350804307,0.0],[1063015.397320954594761,474189.742633901711088,0.0],[1063015.38766025332734,474189.679602543299552,0.0],[1063015.382389241829515,474189.616044358001091,0.0]],[[1063016.245616701431572,474189.556940298061818,0.0],[1063019.438565223710611,474189.399889450462069,0.0]],[[1063016.245616701431572,474189.556940298061818,0.0],[1063013.052668178919703,474189.713991145661566,0.0]],[[1063015.617247412679717,474176.497203884588089,0.0],[1063016.398565701441839,474192.735761516552884,0.0]]]}},
{"type":"Feature","properties":{"fid":2637,"Layer":"HIDRANTES","PaperSpace":null,"SubClasses":"AcDbEntity:AcDbBlockReference","Linetype":null,"EntityHandle":"3AB2","Text":null},"geometry":{"type":"MultiLineString","coordinates":[[[1063061.419671664247289,474215.57620695134392,0.0],[1063061.57491996511817,474218.802815777133219,0.0]],[[1063067.827585700666532,474215.261022311227862,0.0],[1063067.982834001770243,474218.487631136958953,0.0]],[[1063066.589637466473505,474220.560407440469135,0.0],[1063063.002178843365982,474220.736862968537025,0.0]],[[1063064.387219045078382,474230.154653910896741,0.0],[1063064.386363402474672,474230.090878547925968,0.0],[1063064.38992729736492,474230.027196714247111,0.0],[1063064.39789336710237,474229.963918661407661,0.0],[1063064.410222801845521,474229.90135267394362,0.0],[1063064.426855533383787,474229.839803566748742,0.0],[1063064.447710529202595,474229.779571200895589,0.0],[1063064.472686185501516,474229.72094902273966,0.0],[1063064.501660823822021,474229.664222633291502,0.0],[1063064.534493281971663,474229.609668397926725,0.0],[1063064.571023604134098,474229.557552099577151,0.0],[1063064.611073817824945,474229.508127643261105,0.0],[1063064.65444880281575,474229.461635820334777,0.0],[1063064.700937240384519,474229.418303133978043,0.0],[1063064.750312643358484,474229.378340696857776,0.0],[1063064.802334459964186,474229.341943202074617,0.0],[1063064.856749245198444,474229.309287974203471,0.0],[1063064.913291895296425,474229.280534106423147,0.0],[1063064.97168694040738,474229.255821684666444,0.0],[1063065.031649885931984,474229.235271105600987,0.0],[1063065.092888597864658,474229.218982489139307,0.0],[1063065.155104728182778,474229.207035192230251,0.0],[1063065.217995165614411,474229.199487420439254,0.0],[1063065.281253514112905,474229.19637594622327,0.0],[1063065.344571585999802,474229.197715927963145,0.0],[1063065.407640901394188,474229.203500837727915,0.0],[1063065.470154192997143,474229.213702491892036,0.0],[1063065.531806902727112,474229.228271188912913,0.0],[1063065.592298664618284,474229.247135951765813,0.0],[1063065.651334768161178,474229.270204872998875,0.0],[1063065.708627596730366,474229.297365563339554,0.0],[1063065.763898024335504,474229.328485698613804,0.0],[1063065.816876779543236,474229.363413664570544,0.0],[1063065.867305754916742,474229.401979295653291,0.0],[1063065.914939265698195,474229.443994703993667,0.0],[1063065.959545246325433,474229.489255194785073,0.0],[1063066.000906380824745,474229.537540263612755,0.0],[1063066.038821161957458,474229.588614670094103,0.0],[1063066.073104872368276,474229.642229585326277,0.0],[1063066.103590485872701,474229.698123802314512,0.0],[1063066.130129479104653,474229.756025010545272,0.0],[1063066.15259255701676,474229.815651120850816,0.0],[1063066.170870281755924,474229.876711640914436,0.0],[1063066.184873605845496,474229.938909090007655,0.0],[1063066.194534307112917,474230.001940448419191,0.0],[1063066.199805318610743,474230.065498633717652,0.0],[1063066.199805318610743,474230.065498633717652,0.0],[1063066.200660961214453,474230.129273996746633,0.0],[1063066.197097066091374,474230.192955830367282,0.0],[1063066.189130996353924,474230.256233883206733,0.0],[1063066.176801561843604,474230.318799870845396,0.0],[1063066.160168830072507,474230.380348978040274,0.0],[1063066.13931383471936,474230.440581343718804,0.0],[1063066.114338177954778,474230.499203522049356,0.0],[1063066.085363539867103,474230.555929911381099,0.0],[1063066.052531081717461,474230.610484146745875,0.0],[1063066.016000759555027,474230.662600445153657,0.0],[1063065.97595054586418,474230.712024901353288,0.0],[1063065.932575560640544,474230.758516724279616,0.0],[1063065.886087123304605,474230.801849410578143,0.0],[1063065.83671172009781,474230.841811847756617,0.0],[1063065.784689903724939,474230.878209342597984,0.0],[1063065.730275118490681,474230.91086457046913,0.0],[1063065.6737324683927,474230.939618438249454,0.0],[1063065.615337423281744,474230.964330859889742,0.0],[1063065.55537447752431,474230.984881439013407,0.0],[1063065.494135765591636,474231.001170055533294,0.0],[1063065.431919635506347,474231.013117352558766,0.0],[1063065.369029198074713,474231.020665124175139,0.0],[1063065.305770849343389,474231.023776598449331,0.0],[1063065.242452777689323,474231.022436616651248,0.0],[1063065.179383462294936,474231.016651706944685,0.0],[1063065.116870170459151,474231.006450052780565,0.0],[1063065.055217460729182,474230.99188135570148,0.0],[1063064.994725699303672,474230.97301659284858,0.0],[1063064.935689595295116,474230.949947671615519,0.0],[1063064.878396767191589,474230.922786981216632,0.0],[1063064.823126339353621,474230.891666846058797,0.0],[1063064.770147584145889,474230.856738880102057,0.0],[1063064.719718608772382,474230.818173249077518,0.0],[1063064.672085097758099,474230.776157840562519,0.0],[1063064.627479117363691,474230.730897349887528,0.0],[1063064.586117982631549,474230.682612281059846,0.0],[1063064.548203201964498,474230.631537874520291,0.0],[1063064.513919491088018,474230.57792295946274,0.0],[1063064.483433877816424,474230.522028742241673,0.0],[1063064.456894884584472,474230.464127534127329,0.0],[1063064.434431806672364,474230.404501423763577,0.0],[1063064.4161540819332,474230.343440903699957,0.0],[1063064.402150757843629,474230.281243454606738,0.0],[1063064.392490056809038,474230.218212096195202,0.0],[1063064.387219045078382,474230.154653910896741,0.0]],[[1063065.25044650468044,474230.095549850957468,0.0],[1063068.443395027192309,474229.93849900335772,0.0]],[[1063065.25044650468044,474230.095549850957468,0.0],[1063062.05749798193574,474230.252600698557217,0.0]],[[1063064.622077216161415,474217.035813437541947,0.0],[1063065.403395504923537,474233.274371069448534,0.0]]]}},
{"type":"Feature","properties":{"fid":2630,"Layer":"HIDRANTES","PaperSpace":null,"SubClasses":"AcDbEntity:AcDbBlockReference","Linetype":null,"EntityHandle":"3A91","Text":null},"geometry":{"type":"MultiLineString","coordinates":[[[1063003.186284400289878,474261.509905002894811,0.0],[1063003.031036099186167,474258.28329617716372,0.0]],[[1062996.778370363870636,474261.825089643069077,0.0],[1062996.623122062534094,474258.598480817279778,0.0]],[[1062998.016318597830832,474256.525704513827804,0.0],[1063001.603777220938355,474256.349248985701706,0.0]],[[1063000.218737019225955,474246.931458043400198,0.0],[1063000.219592662062496,474246.995233406370971,0.0],[1063000.216028766939417,474247.058915240049828,0.0],[1063000.208062697201967,474247.122193292831071,0.0],[1063000.195733262691647,474247.184759280353319,0.0],[1063000.17910053092055,474247.246308387548197,0.0],[1063000.158245535334572,474247.30654075340135,0.0],[1063000.133269878802821,474247.365162931557279,0.0],[1063000.104295240715146,474247.421889321005438,0.0],[1063000.071462782565504,474247.476443556370214,0.0],[1063000.03493246040307,474247.52855985466158,0.0],[1062999.994882246479392,474247.577984310977627,0.0],[1062999.951507261488587,474247.624476133962162,0.0],[1062999.905018824152648,474247.667808820318896,0.0],[1062999.855643420945853,474247.707771257439163,0.0],[1062999.803621604572982,474247.744168752222322,0.0],[1062999.749206819338724,474247.776823980093468,0.0],[1062999.692664169240743,474247.805577847873792,0.0],[1062999.634269123896956,474247.830290269572288,0.0],[1062999.574306178372353,474247.850840848695952,0.0],[1062999.513067466439679,474247.867129465157632,0.0],[1062999.45085133635439,474247.879076762066688,0.0],[1062999.387960898922756,474247.886624533857685,0.0],[1062999.324702550191432,474247.889736008073669,0.0],[1062999.261384478537366,474247.888396026275586,0.0],[1062999.198315162910149,474247.882611116569024,0.0],[1062999.135801871307194,474247.872409462404903,0.0],[1062999.074149161577225,474247.857840765325818,0.0],[1062999.013657399918884,474247.838976002531126,0.0],[1062998.954621296143159,474247.815907081298064,0.0],[1062998.897328467806801,474247.788746390957385,0.0],[1062998.842058039968833,474247.757626255683135,0.0],[1062998.789079284993932,474247.722698289726395,0.0],[1062998.738650309387594,474247.68413265858544,0.0],[1062998.691016798606142,474247.642117250303272,0.0],[1062998.646410817978904,474247.596856759511866,0.0],[1062998.605049683479592,474247.548571690684184,0.0],[1062998.56713490257971,474247.497497284202836,0.0],[1062998.532851191936061,474247.443882368970662,0.0],[1062998.502365578431636,474247.387988151982427,0.0],[1062998.475826585432515,474247.330086943751667,0.0],[1062998.453363507287577,474247.270460833446123,0.0],[1062998.435085782781243,474247.209400313382503,0.0],[1062998.421082458691671,474247.147202864289284,0.0],[1062998.41142175742425,474247.084171505877748,0.0],[1062998.406150745693594,474247.020613320579287,0.0],[1062998.406150745693594,474247.020613320579287,0.0],[1062998.405295103322715,474246.956837957550306,0.0],[1062998.408858998212963,474246.893156123929657,0.0],[1062998.416825067950413,474246.829878071090207,0.0],[1062998.429154502693564,474246.767312083451543,0.0],[1062998.44578723423183,474246.705762976256665,0.0],[1062998.466642229817808,474246.645530610578135,0.0],[1062998.491617886349559,474246.586908432247583,0.0],[1062998.520592524670064,474246.53018204291584,0.0],[1062998.553424982819706,474246.475627807551064,0.0],[1062998.589955304982141,474246.423511509143282,0.0],[1062998.630005518440157,474246.374087052943651,0.0],[1062998.673380503663793,474246.327595230017323,0.0],[1062998.719868940999731,474246.284262543660589,0.0],[1062998.769244344206527,474246.244300106482115,0.0],[1062998.821266160812229,474246.207902611698955,0.0],[1062998.875680946046486,474246.175247383827809,0.0],[1062998.932223596144468,474246.146493516047485,0.0],[1062998.990618641022593,474246.121781094348989,0.0],[1062999.050581586780027,474246.101230515225325,0.0],[1062999.111820298712701,474246.084941898763645,0.0],[1062999.174036429030821,474246.072994601738174,0.0],[1062999.236926866462454,474246.0654468301218,0.0],[1062999.300185215193778,474246.062335355847608,0.0],[1062999.363503286847845,474246.063675337645691,0.0],[1062999.426572602009401,474246.069460247352254,0.0],[1062999.489085893845186,474246.079661901516374,0.0],[1062999.550738603575155,474246.094230598595459,0.0],[1062999.611230365233496,474246.113095361448359,0.0],[1062999.670266469009221,474246.13616428268142,0.0],[1062999.727559297345579,474246.1633249730221,0.0],[1062999.782829724950716,474246.194445108179934,0.0],[1062999.835808480391279,474246.229373074194882,0.0],[1062999.886237455531955,474246.267938705219422,0.0],[1062999.933870966779068,474246.309954113676213,0.0],[1062999.978476947173476,474246.355214604409412,0.0],[1063000.019838081672788,474246.403499673237093,0.0],[1063000.05775286257267,474246.454574079776648,0.0],[1063000.092036573216319,474246.5081889948342,0.0],[1063000.122522186487913,474246.564083211997058,0.0],[1063000.149061179952696,474246.621984420169611,0.0],[1063000.171524257631972,474246.681610530533362,0.0],[1063000.189801982371137,474246.742671050596982,0.0],[1063000.203805306460708,474246.804868499631993,0.0],[1063000.21346600772813,474246.867899858043529,0.0],[1063000.218737019225955,474246.931458043400198,0.0]],[[1062999.355509559623897,474246.990562103339471,0.0],[1062996.162561037344858,474247.147612950939219,0.0]],[[1062999.355509559623897,474246.990562103339471,0.0],[1063002.548458082368597,474246.833511255739722,0.0]],[[1062999.983878848375753,474260.050298516754992,0.0],[1062999.20256055961363,474243.811740884848405,0.0]]]}},
{"type":"Feature","properties":{"fid":3641,"Layer":"HIDRANTES","PaperSpace":null,"SubClasses":"AcDbEntity:AcDbBlockReference","Linetype":null,"EntityHandle":"487C","Text":null},"geometry":{"type":"MultiLineString","coordinates":[[[1062902.637782604200765,474325.419082096021157,0.0],[1062902.480938974535093,474328.645733798213769,0.0]],[[1062909.045541240368038,474325.732506063242909,0.0],[1062908.888697610702366,474328.959157765435521,0.0]],[[1062907.302134999772534,474330.885851976985577,0.0],[1062903.714763377094641,474330.710382158344146,0.0]],[[1062904.184427359607071,474340.219501583138481,0.0],[1062904.189729796955362,474340.155941945151426,0.0],[1062904.199421662604436,474340.092907928104978,0.0],[1062904.213455739896744,474340.030706627061591,0.0],[1062904.231763655552641,474339.969641080824658,0.0],[1062904.254256215877831,474339.910008794162422,0.0],[1062904.280823838664219,474339.852100290008821,0.0],[1062904.311337089398876,474339.796197692514397,0.0],[1062904.345647311070934,474339.742573353694752,0.0],[1062904.383587347110733,474339.691488525888417,0.0],[1062904.42497235769406,474339.643192089162767,0.0],[1062904.46960071939975,474339.59791933890665,0.0],[1062904.517255006823689,474339.555890839430504,0.0],[1062904.567703053588048,474339.517311349452939,0.0],[1062904.62069908156991,474339.482368824188598,0.0],[1062904.675984899746254,474339.451233500381932,0.0],[1062904.733291161013767,474339.424057065858506,0.0],[1062904.792338674655184,474339.400971921684686,0.0],[1062904.852839767932892,474339.382090536470059,0.0],[1062904.914499684469774,474339.367504898167681,0.0],[1062904.977018024772406,474339.357286066573579,0.0],[1062905.040090204449371,474339.351483826991171,0.0],[1062905.103408943163231,474339.350126447214279,0.0],[1062905.166665757307783,474339.353220540389884,0.0],[1062905.229552467120811,474339.360751032189,0.0],[1062905.291762694716454,474339.372681235021446,0.0],[1062905.352993357460946,474339.388953025976662,0.0],[1062905.412946146214381,474339.409487130644266,0.0],[1062905.471328977029771,474339.43418350891443,0.0],[1062905.527857414446771,474339.46292184246704,0.0],[1062905.582256057532504,474339.495562120981049,0.0],[1062905.634259882150218,474339.53194532438647,0.0],[1062905.68361552990973,474339.571894197491929,0.0],[1062905.730082545429468,474339.615214113087859,0.0],[1062905.773434547008947,474339.661694021138828,0.0],[1062905.813460326753557,474339.711107476148754,0.0],[1062905.849964883876964,474339.763213740778156,0.0],[1062905.882770371390507,474339.817758958379272,0.0],[1062905.911716964328662,474339.874477390316315,0.0],[1062905.93666363786906,474339.933092710096389,0.0],[1062905.957488854881376,474339.993319349538069,0.0],[1062905.974091155920178,474340.054863890865818,0.0],[1062905.986389657482505,474340.117426495009568,0.0],[1062905.994324441300705,474340.180702363199089,0.0],[1062905.997856850735843,474340.24438322201604,0.0],[1062905.996969675878063,474340.308158824394923,0.0],[1062905.996969675878063,474340.308158824394923,0.0],[1062905.991667238762602,474340.37171846232377,0.0],[1062905.981975372880697,474340.434752479486633,0.0],[1062905.967941295588389,474340.496953780355398,0.0],[1062905.949633380165324,474340.558019326825161,0.0],[1062905.927140819840133,474340.617651613254566,0.0],[1062905.900573196820915,474340.675560117466375,0.0],[1062905.870059946319088,474340.731462714902591,0.0],[1062905.83574972464703,474340.785087053722236,0.0],[1062905.797809688607231,474340.836171881703194,0.0],[1062905.756424677791074,474340.884468318370637,0.0],[1062905.711796316318214,474340.929741068684962,0.0],[1062905.664142028661445,474340.971769568044692,0.0],[1062905.613693981897086,474341.010349058138672,0.0],[1062905.560697953915223,474341.045291583228391,0.0],[1062905.50541213597171,474341.076426907209679,0.0],[1062905.448105874704197,474341.103603341674898,0.0],[1062905.38905836106278,474341.126688485732302,0.0],[1062905.328557267785072,474341.14556987117976,0.0],[1062905.266897351015359,474341.160155509365723,0.0],[1062905.204379010945559,474341.170374340901617,0.0],[1062905.141306831268594,474341.176176580425818,0.0],[1062905.077988092554733,474341.177533960260917,0.0],[1062905.014731278177351,474341.174439867143519,0.0],[1062904.951844568364322,474341.166909375344403,0.0],[1062904.889634341001511,474341.154979172511958,0.0],[1062904.828403678024188,474341.138707381498534,0.0],[1062904.768450889503583,474341.11817327683093,0.0],[1062904.710068058455363,474341.093476898677181,0.0],[1062904.653539621271193,474341.064738565124571,0.0],[1062904.599140977952629,474341.032098286494147,0.0],[1062904.547137153567746,474340.995715083088726,0.0],[1062904.497781505808234,474340.955766210099682,0.0],[1062904.451314490055665,474340.912446294387337,0.0],[1062904.407962488476187,474340.865966386336368,0.0],[1062904.367936708731577,474340.816552931326441,0.0],[1062904.331432151841,474340.76444666669704,0.0],[1062904.298626664327458,474340.709901449037716,0.0],[1062904.269680071156472,474340.653183017100673,0.0],[1062904.244733397383243,474340.594567697378807,0.0],[1062904.223908180603758,474340.534341057878919,0.0],[1062904.207305879564956,474340.472796516667586,0.0],[1062904.195007378235459,474340.410233912582044,0.0],[1062904.187072594184428,474340.346958044276107,0.0],[1062904.183540184982121,474340.283277185633779,0.0],[1062904.184427359607071,474340.219501583138481,0.0]],[[1062905.049240012187511,474340.245157248748001,0.0],[1062908.242111101513728,474340.401330784661695,0.0]],[[1062905.049240012187511,474340.245157248748001,0.0],[1062901.856368922861293,474340.088983712776098,0.0]],[[1062905.684066410642117,474327.185247292043641,0.0],[1062904.89471931103617,474343.424020708771423,0.0]]]}},
{"type":"Feature","properties":{"fid":3473,"Layer":"HIDRANTES","PaperSpace":null,"SubClasses":"AcDbEntity:AcDbBlockReference","Linetype":"BYBLOCK","EntityHandle":"46B5","Text":null},"geometry":{"type":"MultiLineString","coordinates":[[[1062704.305095016723499,474712.478278979600873,0.0],[1062701.243095146724954,474711.516867845552042,0.0]],[[1062702.3934471369721,474718.646432182926219,0.0],[1062699.331447266740724,474717.685021048935596,0.0]],[[1062697.878265319392085,474715.65556291595567,0.0],[1062698.948497789911926,474712.202333944209386,0.0]],[[1062689.69041489972733,474710.277468716667499,0.0],[1062689.750175034394488,474710.298564162279945,0.0],[1062689.808326803613454,474710.32380699494388,0.0],[1062689.864586898591369,474710.353074234095402,0.0],[1062689.918681225273758,474710.386223292793147,0.0],[1062689.970346241258085,474710.423092672252096,0.0],[1062690.019330240553245,474710.463502748403698,0.0],[1062690.06539457757026,474710.507256647455506,0.0],[1062690.108314831275493,474710.554141204745974,0.0],[1062690.147881898796186,474710.603928003634792,0.0],[1062690.183903013821691,474710.65637448761845,0.0],[1062690.216202683979645,474710.711225142818876,0.0],[1062690.244623549515381,474710.768212742288597,0.0],[1062690.269027146277949,474710.827059648232535,0.0],[1062690.289294583024457,474710.887479164463002,0.0],[1062690.305327117908746,474710.949176933150738,0.0],[1062690.317046642769128,474711.011852368828841,0.0],[1062690.324396060779691,474711.075200123130344,0.0],[1062690.327339566778392,474711.138911572459619,0.0],[1062690.325862820027396,474711.202676320564933,0.0],[1062690.319973015226424,474711.266183712345082,0.0],[1062690.309698846656829,474711.329124346026219,0.0],[1062690.295090369181708,474711.391191581264138,0.0],[1062690.27621875423938,474711.452083032694645,0.0],[1062690.253175941761583,474711.511502043285873,0.0],[1062690.226074194302782,474711.569159129401669,0.0],[1062690.195045548724011,474711.624773391755298,0.0],[1062690.16024117381312,474711.678073883231264,0.0],[1062690.121830632910132,474711.728800929151475,0.0],[1062690.080001057591289,474711.776707392302342,0.0],[1062690.034956238465384,474711.821559877484106,0.0],[1062689.986915628658608,474711.863139867724385,0.0],[1062689.936113277450204,474711.901244789420161,0.0],[1062689.882796688470989,474711.935688999423292,0.0],[1062689.827225615270436,474711.966304688889068,0.0],[1062689.769670794019476,474711.992942701326683,0.0],[1062689.710412626387551,474712.015473258798011,0.0],[1062689.649739812128246,474712.033786594984122,0.0],[1062689.587947943015024,474712.047793488949537,0.0],[1062689.525338063016534,474712.057425700768363,0.0],[1062689.462215200997889,474712.062636302958708,0.0],[1062689.398886885028332,474712.063399910053704,0.0],[1062689.335661644581705,474712.059712802001741,0.0],[1062689.272847506450489,474712.051592941919807,0.0],[1062689.21075049508363,474712.039079889014829,0.0],[1062689.149673140607774,474712.022234605508856,0.0],[1062689.149673140607774,474712.022234605508856,0.0],[1062689.089913005940616,474712.001139160012826,0.0],[1062689.03176123672165,474711.975896327348892,0.0],[1062688.975501141743734,474711.946629088080954,0.0],[1062688.921406815061346,474711.913480029441416,0.0],[1062688.869741799077019,474711.876610650040675,0.0],[1062688.820757799781859,474711.836200573772658,0.0],[1062688.774693462764844,474711.792446674779058,0.0],[1062688.731773209059611,474711.745562117488589,0.0],[1062688.692206141538918,474711.695775318541564,0.0],[1062688.656185026746243,474711.643328834616113,0.0],[1062688.623885356355458,474711.588478179473896,0.0],[1062688.595464490819722,474711.531490579887759,0.0],[1062688.571060894057155,474711.472643674002029,0.0],[1062688.550793457543477,474711.412224157713354,0.0],[1062688.534760922659189,474711.350526389142033,0.0],[1062688.523041397565976,474711.287850953463931,0.0],[1062688.515691979555413,474711.224503199046012,0.0],[1062688.512748473556712,474711.160791749774944,0.0],[1062688.514225220307708,474711.09702700166963,0.0],[1062688.52011502510868,474711.033519609831274,0.0],[1062688.530389193678275,474710.970578976150136,0.0],[1062688.544997671153396,474710.908511740970425,0.0],[1062688.563869286328554,474710.847620289539918,0.0],[1062688.586912098806351,474710.788201279006898,0.0],[1062688.614013846265152,474710.730544192891102,0.0],[1062688.645042491843924,474710.674929930479266,0.0],[1062688.679846866521984,474710.6216294390033,0.0],[1062688.718257407657802,474710.570902393083088,0.0],[1062688.760086982743815,474710.522995929874014,0.0],[1062688.80513180186972,474710.478143444750458,0.0],[1062688.853172411676496,474710.436563454510178,0.0],[1062688.9039747628849,474710.398458532814402,0.0],[1062688.957291351864114,474710.364014322753064,0.0],[1062689.012862425064668,474710.333398633287288,0.0],[1062689.070417246315628,474710.306760621024296,0.0],[1062689.129675413947552,474710.284230063436553,0.0],[1062689.190348228206858,474710.265916727250442,0.0],[1062689.25214009732008,474710.251909833226819,0.0],[1062689.31474997731857,474710.242277621582616,0.0],[1062689.377872839337215,474710.237067019275855,0.0],[1062689.441201155306771,474710.23630341218086,0.0],[1062689.504426395753399,474710.239990520232823,0.0],[1062689.567240533884615,474710.248110380314756,0.0],[1062689.629337545251474,474710.260623433219735,0.0],[1062689.69041489972733,474710.277468716667499,0.0]],[[1062689.448411524528638,474711.114114214433357,0.0],[1062688.495871705934405,474714.187594218179584,0.0]],[[1062689.448411524528638,474711.114114214433357,0.0],[1062690.4009513433557,474708.040634210628923,0.0]],[[1062701.841891293413937,474715.005436860898044,0.0],[1062686.431761325104162,474710.166942035313696,0.0]]]}},
{"type":"Feature","properties":{"fid":2963,"Layer":"HIDRANTES","PaperSpace":null,"SubClasses":"AcDbEntity:AcDbBlockReference","Linetype":null,"EntityHandle":"3E62","Text":null},"geometry":{"type":"MultiLineString","coordinates":[[[1063240.315649690106511,474101.256080642982852,0.0],[1063243.443972817156464,474100.540587761730421,0.0]],[[1063238.897147633833811,474094.955633106350433,0.0],[1063242.025470761116594,474094.240140225098003,0.0]],[[1063244.293785896617919,474095.261176663450897,0.0],[1063245.087931605288759,474098.788470369006973,0.0]],[[1063254.057377715362236,474095.77584624075098,0.0],[1063253.995161585276946,474095.787793537660036,0.0],[1063253.932271147845313,474095.795341309392825,0.0],[1063253.869012799113989,474095.798452783667017,0.0],[1063253.805694727459922,474095.797112801868934,0.0],[1063253.742625412065536,474095.791327892162371,0.0],[1063253.680112120229751,474095.781126237998251,0.0],[1063253.618459410732612,474095.766557540977374,0.0],[1063253.557967649074271,474095.747692778066266,0.0],[1063253.498931545065716,474095.724623856833205,0.0],[1063253.441638716729358,474095.697463166492525,0.0],[1063253.386368289124221,474095.666343031218275,0.0],[1063253.333389533916488,474095.631415065319743,0.0],[1063253.282960558310151,474095.592849434236996,0.0],[1063253.235327047528699,474095.550834025838412,0.0],[1063253.19072106690146,474095.505573534988798,0.0],[1063253.149359932402149,474095.45728846633574,0.0],[1063253.111445151502267,474095.406214059737977,0.0],[1063253.077161441091448,474095.35259914456401,0.0],[1063253.046675827587023,474095.296704927401152,0.0],[1063253.020136834355071,474095.238803719345015,0.0],[1063252.997673756210133,474095.179177608981263,0.0],[1063252.9793960317038,474095.11811708897585,0.0],[1063252.965392707614228,474095.055919639882632,0.0],[1063252.955732006579638,474094.992888281471096,0.0],[1063252.950460995081812,474094.929330096172635,0.0],[1063252.949605352245271,474094.865554733143654,0.0],[1063252.953169247368351,474094.801872899464797,0.0],[1063252.961135316872969,474094.738594846625347,0.0],[1063252.97346475161612,474094.676028859044891,0.0],[1063252.990097483154386,474094.614479751850013,0.0],[1063253.010952478973195,474094.554247386171483,0.0],[1063253.035928135504946,474094.495625207840931,0.0],[1063253.064902773592621,474094.438898818567395,0.0],[1063253.097735231742263,474094.384344583144411,0.0],[1063253.134265553904697,474094.332228284678422,0.0],[1063253.174315767595544,474094.282803828536998,0.0],[1063253.21769075281918,474094.236312005436048,0.0],[1063253.264179189922288,474094.192979319253936,0.0],[1063253.313554593129084,474094.15301688213367,0.0],[1063253.365576409734786,474094.116619387175888,0.0],[1063253.419991194969043,474094.083964159421157,0.0],[1063253.476533845067024,474094.055210291640833,0.0],[1063253.53492889017798,474094.030497869942337,0.0],[1063253.594891835702583,474094.009947290818673,0.0],[1063253.656130548100919,474093.993658674356993,0.0],[1063253.656130548100919,474093.993658674356993,0.0],[1063253.718346677953377,474093.981711377331521,0.0],[1063253.781237115385011,474093.974163605715148,0.0],[1063253.844495464116335,474093.971052131499164,0.0],[1063253.907813535770401,474093.972392113239039,0.0],[1063253.970882851164788,474093.978177023003809,0.0],[1063254.033396143000573,474093.988378677109722,0.0],[1063254.095048852497712,474094.002947374130599,0.0],[1063254.155540614388883,474094.021812136983499,0.0],[1063254.214576718164608,474094.044881058274768,0.0],[1063254.271869546268135,474094.072041748615447,0.0],[1063254.327139974106103,474094.103161883773282,0.0],[1063254.380118729313836,474094.13808984978823,0.0],[1063254.430547705153003,474094.176655480812769,0.0],[1063254.478181215701625,474094.218670889269561,0.0],[1063254.522787196328864,474094.263931380060967,0.0],[1063254.564148330828175,474094.312216448772233,0.0],[1063254.602063111728057,474094.363290855369996,0.0],[1063254.636346822371706,474094.416905770427547,0.0],[1063254.66683243541047,474094.472799987590406,0.0],[1063254.693371428875253,474094.530701195762958,0.0],[1063254.71583450702019,474094.590327306068502,0.0],[1063254.734112231526524,474094.65138782619033,0.0],[1063254.748115555848926,474094.713585275283549,0.0],[1063254.757776256650686,474094.776616633636877,0.0],[1063254.763047268148512,474094.840174818935338,0.0],[1063254.763902910985053,474094.903950181964319,0.0],[1063254.760339015861973,474094.967632015643176,0.0],[1063254.752372946357355,474095.030910068424419,0.0],[1063254.740043511847034,474095.093476055888459,0.0],[1063254.723410780075938,474095.155025163141545,0.0],[1063254.702555784257129,474095.215257528994698,0.0],[1063254.677580127725378,474095.273879707150627,0.0],[1063254.648605489870533,474095.330606096598785,0.0],[1063254.615773031488061,474095.385160331963561,0.0],[1063254.579242709325626,474095.437276630313136,0.0],[1063254.539192495634779,474095.486701086629182,0.0],[1063254.495817510411143,474095.533192909497302,0.0],[1063254.449329073075205,474095.576525595854037,0.0],[1063254.399953670334071,474095.616488032974303,0.0],[1063254.347931853495538,474095.652885527873877,0.0],[1063254.293517068261281,474095.685540755686816,0.0],[1063254.2369744181633,474095.71429462346714,0.0],[1063254.178579373052344,474095.739007045165636,0.0],[1063254.118616427527741,474095.7595576242893,0.0],[1063254.057377715362236,474095.77584624075098,0.0]],[[1063253.850011027185246,474094.929992520541418,0.0],[1063253.143196918535978,474091.790592625562567,0.0]],[[1063253.850011027185246,474094.929992520541418,0.0],[1063254.556825135368854,474098.069392415462062,0.0]],[[1063241.188087111106142,474097.825958204397466,0.0],[1063256.932002204703167,474094.225096428242978,0.0]]]}},
{"type":"Feature","properties":{"fid":3349,"Layer":"HIDRANTES","PaperSpace":null,"SubClasses":"AcDbEntity:AcDbBlockReference","Linetype":null,"EntityHandle":"43A1","Text":null},"geometry":{"type":"MultiLineString","coordinates":[[[1063130.926669644890353,474034.52924707508646,0.0],[1063127.720314488047734,474034.624584088975098,0.0]],[[1063131.113530199043453,474040.98734298866475,0.0],[1063127.907175041968003,474041.082680002553388,0.0]],[[1063125.876776465913281,474039.640692801447585,0.0],[1063125.772162936162204,474036.02513994864421,0.0]],[[1063116.395157114136964,474037.241743362043053,0.0],[1063116.458488625241444,474037.242087165359408,0.0],[1063116.521640347549692,474037.246879240439739,0.0],[1063116.584304612595588,474037.25609624106437,0.0],[1063116.646176126087084,474037.269693262584042,0.0],[1063116.706953456159681,474037.287604061944876,0.0],[1063116.766340502304956,474037.30974137946032,0.0],[1063116.82404793635942,474037.335997364250943,0.0],[1063116.879794613225386,474037.366244099976029,0.0],[1063116.933308941544965,474037.400334227422718,0.0],[1063116.984330204082653,474037.438101662963163,0.0],[1063117.032609831076115,474037.479362407349981,0.0],[1063117.077912608394399,474037.523915442638099,0.0],[1063117.120017825625837,474037.57154371071374,0.0],[1063117.158720350358635,474037.622015171509702,0.0],[1063117.193831628188491,474037.675083933107089,0.0],[1063117.225180600071326,474037.730491449765395,0.0],[1063117.252614537253976,474037.787967781827319,0.0],[1063117.275999784003943,474037.847232910280582,0.0],[1063117.295222410000861,474037.907998101320118,0.0],[1063117.310188764473423,474037.969967313169036,0.0],[1063117.320825933245942,474038.032838637998793,0.0],[1063117.32708209217526,474038.096305772836786,0.0],[1063117.328926762798801,474038.160059512418229,0.0],[1063117.326350957388058,474038.223789254960138,0.0],[1063117.319367225747555,474038.287184515502304,0.0],[1063117.308009591186419,474038.349936438607983,0.0],[1063117.292333387304097,474038.411739303264767,0.0],[1063117.272414987208322,474038.472292012302205,0.0],[1063117.248351430753246,474038.531299558700994,0.0],[1063117.220259953755885,474038.588474463787861,0.0],[1063117.188277414534241,474038.643538177304436,0.0],[1063117.152559628942981,474038.696222434111405,0.0],[1063117.113280611112714,474038.746270561998244,0.0],[1063117.070631723618135,474038.793438731401693,0.0],[1063117.02482074778527,474038.837497143889777,0.0],[1063116.976070870645344,474038.878231151145883,0.0],[1063116.924619595520198,474038.915442301309668,0.0],[1063116.870717589044943,474038.94894930528244,0.0],[1063116.814627455780283,474038.978588920261245,0.0],[1063116.756622461136431,474039.004216745262966,0.0],[1063116.696985199814662,474039.025707923865411,0.0],[1063116.636006218846887,474039.042957753466908,0.0],[1063116.573982601286843,474039.055882194254082,0.0],[1063116.511216519866139,474039.064418280031532,0.0],[1063116.448013765038922,474039.06852442357922,0.0],[1063116.448013765038922,474039.06852442357922,0.0],[1063116.384682253934443,474039.068180620262865,0.0],[1063116.321530531393364,474039.063388545007911,0.0],[1063116.258866266580299,474039.054171544441488,0.0],[1063116.196994752855971,474039.040574522863608,0.0],[1063116.136217422550544,474039.022663723560981,0.0],[1063116.0768303766381,474039.000526406045537,0.0],[1063116.019122942816466,474038.974270421196707,0.0],[1063115.96337626571767,474038.94402368547162,0.0],[1063115.909861937398091,474038.909933558083139,0.0],[1063115.858840674860403,474038.872166122542694,0.0],[1063115.810561048332602,474038.830905378155876,0.0],[1063115.765258271014318,474038.786352342925966,0.0],[1063115.72315305355005,474038.738724074850325,0.0],[1063115.684450528584421,474038.688252613996156,0.0],[1063115.649339250754565,474038.635183852398768,0.0],[1063115.617990278638899,474038.579776335682254,0.0],[1063115.590556341921911,474038.522300003678538,0.0],[1063115.567171094939113,474038.463034875225276,0.0],[1063115.547948468709365,474038.40226968418574,0.0],[1063115.532982114236802,474038.340300472336821,0.0],[1063115.522344945929945,474038.277429147507064,0.0],[1063115.516088786534965,474038.213962012669072,0.0],[1063115.514244116144255,474038.150208273087628,0.0],[1063115.516819921322167,474038.086478530545719,0.0],[1063115.5238036531955,474038.023083270003553,0.0],[1063115.535161287756637,474037.960331346897874,0.0],[1063115.550837491406128,474037.898528482182883,0.0],[1063115.570755891967565,474037.837975773203652,0.0],[1063115.594819448422641,474037.778968226804864,0.0],[1063115.622910925420001,474037.721793321717996,0.0],[1063115.654893464641646,474037.666729608143214,0.0],[1063115.690611249767244,474037.614045351394452,0.0],[1063115.729890268063173,474037.563997223507613,0.0],[1063115.772539155557752,474037.516829054104164,0.0],[1063115.818350131157786,474037.472770641557872,0.0],[1063115.867100008763373,474037.432036634359974,0.0],[1063115.918551283422858,474037.39482548419619,0.0],[1063115.972453290130943,474037.361318480223417,0.0],[1063116.028543423395604,474037.331678865244612,0.0],[1063116.086548418039456,474037.306051040184684,0.0],[1063116.146185678895563,474037.284559861640446,0.0],[1063116.207164660328999,474037.267310032038949,0.0],[1063116.269188277889043,474037.254385591251776,0.0],[1063116.331954359076917,474037.245849505474325,0.0],[1063116.395157114136964,474037.241743362043053,0.0]],[[1063116.436854055384174,474038.112045541871339,0.0],[1063116.529963314766064,474041.329998792731203,0.0]],[[1063116.436854055384174,474038.112045541871339,0.0],[1063116.343744796235114,474034.894092290953267,0.0]],[[1063129.414613511180505,474037.726167879067361,0.0],[1063113.277986539294943,474038.205970569397323,0.0]]]}},
{"type":"Feature","properties":{"fid":3475,"Layer":"HIDRANTES","PaperSpace":null,"SubClasses":"AcDbEntity:AcDbBlockReference","Linetype":"BYBLOCK","EntityHandle":"46BC","Text":null},"geometry":{"type":"MultiLineString","coordinates":[[[1062620.529335255501792,474915.510917140170932,0.0],[1062617.58058247435838,474914.24045514781028,0.0]],[[1062618.00402367557399,474921.451208775921259,0.0],[1062615.055270894197747,474920.180746783618815,0.0]],[[1062613.814902732148767,474918.012733282113913,0.0],[1062615.228693671291694,474914.687072180444375,0.0]],[[1062606.213725732406601,474911.822712954308372,0.0],[1062606.271039876621217,474911.849828023056034,0.0],[1062606.326334727928042,474911.880904144258238,0.0],[1062606.379340895218775,474911.915789917868096,0.0],[1062606.429800137411803,474911.954315383860376,0.0],[1062606.477466623065993,474911.996292850351892,0.0],[1062606.522108124801889,474912.041517807170749,0.0],[1062606.5635071543511,474912.089769922953565,0.0],[1062606.601462019607425,474912.140814118087292,0.0],[1062606.635787808336318,474912.19440171046881,0.0],[1062606.666317288996652,474912.25027162686456,0.0],[1062606.692901724483818,474912.308151674340479,0.0],[1062606.715411598328501,474912.367759867454879,0.0],[1062606.733737244736403,474912.428805800795089,0.0],[1062606.74778938293457,474912.490992064995226,0.0],[1062606.757499552797526,474912.554015694651753,0.0],[1062606.76282044663094,474912.617569644993637,0.0],[1062606.76372614200227,474912.681344287528191,0.0],[1062606.760212226305157,474912.745028918783646,0.0],[1062606.752295819111168,474912.808313273417298,0.0],[1062606.740015488117933,474912.870889036625158,0.0],[1062606.723431061720476,474912.932451345433947,0.0],[1062606.70262333820574,474912.992700274393428,0.0],[1062606.677693690638989,474913.051342296937946,0.0],[1062606.64876357303001,474913.108091715024784,0.0],[1062606.615973930573091,474913.162672051112168,0.0],[1062606.579484511166811,474913.214817395317368,0.0],[1062606.539473087526858,474913.264273700711783,0.0],[1062606.496134590590373,474913.310800021281466,0.0],[1062606.449680162360892,474913.354169685393572,0.0],[1062606.400336123304442,474913.394171400461346,0.0],[1062606.34834287292324,474913.430610281880945,0.0],[1062606.293953717220575,474913.463308803504333,0.0],[1062606.237433633999899,474913.492107661091723,0.0],[1062606.179057984380051,474913.51686654961668,0.0],[1062606.119111167965457,474913.537464846274815,0.0],[1062606.057885239832103,474913.55380219820654,0.0],[1062605.995678486768156,474913.565799011499621,0.0],[1062605.932793973945081,474913.57339683896862,0.0],[1062605.869538067374378,474913.576558664557524,0.0],[1062605.806218944722787,474913.575269084365573,0.0],[1062605.74314508959651,474913.569534381094854,0.0],[1062605.680623791879043,474913.559382493549492,0.0],[1062605.618959648767486,474913.544862880546134,0.0],[1062605.558453082107008,474913.526046280516312,0.0],[1062605.499398873187602,474913.503024365869351,0.0],[1062605.499398873187602,474913.503024365869351,0.0],[1062605.442084728972986,474913.475909296947066,0.0],[1062605.38678987766616,474913.444833175919484,0.0],[1062605.333783710608259,474913.409947402309626,0.0],[1062605.283324467949569,474913.371421936142724,0.0],[1062605.23565798276104,474913.329444469651207,0.0],[1062605.191016481025144,474913.284219512890559,0.0],[1062605.149617451010272,474913.23596739716595,0.0],[1062605.111662585753947,474913.184923202090431,0.0],[1062605.077336797257885,474913.131335609650705,0.0],[1062605.046807316830382,474913.075465693313163,0.0],[1062605.020222881343216,474913.017585645720828,0.0],[1062604.997713007265702,474912.957977452722844,0.0],[1062604.9793873608578,474912.89693151920801,0.0],[1062604.965335222426802,474912.834745255066082,0.0],[1062604.955625052563846,474912.771721625467762,0.0],[1062604.950304158963263,474912.708167675067671,0.0],[1062604.949398463591933,474912.644393032474909,0.0],[1062604.952912379289046,474912.580708401335869,0.0],[1062604.960828786483034,474912.517424046527594,0.0],[1062604.97310911747627,474912.454848283436149,0.0],[1062604.989693543640897,474912.393285974743776,0.0],[1062605.010501267388463,474912.333037045609672,0.0],[1062605.035430915188044,474912.274395023065154,0.0],[1062605.064361032564193,474912.217645605036523,0.0],[1062605.097150675021112,474912.163065268890932,0.0],[1062605.133640094427392,474912.110919924743939,0.0],[1062605.173651518300176,474912.061463619233109,0.0],[1062605.21699001500383,474912.014937298779842,0.0],[1062605.263444443233311,474911.971567634609528,0.0],[1062605.312788482289761,474911.931565919716377,0.0],[1062605.364781732670963,474911.895127038180362,0.0],[1062605.419170888606459,474911.86242851667339,0.0],[1062605.475690971827134,474911.833629659086,0.0],[1062605.534066621446982,474911.808870770502836,0.0],[1062605.594013437628746,474911.7882724738447,0.0],[1062605.655239365529269,474911.771935121854767,0.0],[1062605.717446118593216,474911.759938308445271,0.0],[1062605.780330631881952,474911.752340481092688,0.0],[1062605.843586537986994,474911.749178655445576,0.0],[1062605.906905660871416,474911.750468235637527,0.0],[1062605.969979515997693,474911.756202939024661,0.0],[1062606.03250081371516,474911.766354826628231,0.0],[1062606.094164956826717,474911.780874439515173,0.0],[1062606.154671523720026,474911.799691039661411,0.0],[1062606.213725732406601,474911.822712954308372,0.0]],[[1062605.88839472993277,474912.630224688095041,0.0],[1062604.630077306646854,474915.590165363508277,0.0]],[[1062605.88839472993277,474912.630224688095041,0.0],[1062607.146712152985856,474909.670284012507182,0.0]],[[1062617.823505600681528,474917.772434245853219,0.0],[1062602.983314375858754,474911.378578840522096,0.0]]]}},
{"type":"Feature","properties":{"fid":3495,"Layer":"HIDRANTES","PaperSpace":null,"SubClasses":"AcDbEntity:AcDbBlockReference","Linetype":null,"EntityHandle":"470E","Text":null},"geometry":{"type":"MultiLineString","coordinates":[[[1062622.732212721602991,475638.400267342280131,0.0],[1062615.703242759685963,475623.748602097504772,0.0]],[[1062617.887659373693168,475626.201099897618406,0.0],[1062617.913199577014893,475626.259455206221901,0.0],[1062617.934634871548042,475626.319464157219045,0.0],[1062617.951860826462507,475626.380834392795805,0.0],[1062617.964793518418446,475626.443266923422925,0.0],[1062617.973369941115379,475626.506457584095187,0.0],[1062617.977548310533166,475626.570098516182043,0.0],[1062617.977308270521462,475626.633879667613655,0.0],[1062617.972650990588591,475626.697490302962251,0.0],[1062617.963599160080776,475626.760620517481584,0.0],[1062617.950196878984571,475626.8229627473047,0.0],[1062617.93250944162719,475626.884213267243467,0.0],[1062617.910623019561172,475626.944073671009392,0.0],[1062617.884644241537899,475627.002252324600704,0.0],[1062617.854699672898278,475627.058465787617024,0.0],[1062617.820935200899839,475627.11244019359583,0.0],[1062617.783515322720632,475627.163912584655918,0.0],[1062617.742622344288975,475627.212632192531601,0.0],[1062617.698455491801724,475627.258361660293303,0.0],[1062617.651229942217469,475627.300878198409919,0.0],[1062617.601175772957504,475627.339974670612719,0.0],[1062617.548536843620241,475627.375460602808744,0.0],[1062617.493569605285302,475627.407163111260161,0.0],[1062617.436541853006929,475627.434927744267043,0.0],[1062617.377731420332566,475627.458619235549122,0.0],[1062617.317424825392663,475627.478122162399814,0.0],[1062617.255915876477957,475627.493341508612502,0.0],[1062617.193504238501191,475627.504203127115034,0.0],[1062617.130493975011632,475627.510654101031832,0.0],[1062617.067192065529525,475627.512663001893088,0.0],[1062617.003906910540536,475627.510220042604487,0.0],[1062616.940946828806773,475627.503337125119288,0.0],[1062616.878618556074798,475627.492047782114241,0.0],[1062616.817225748905912,475627.476407014240976,0.0],[1062616.757067506900057,475627.456491021672264,0.0],[1062616.69843691540882,475627.432396833202802,0.0],[1062616.641619616188109,475627.404241833311971,0.0],[1062616.586892417864874,475627.372163190273568,0.0],[1062616.534521945519373,475627.33631718804827,0.0],[1062616.484763343585655,475627.296878464752808,0.0],[1062616.437859029974788,475627.254039161780383,0.0],[1062616.394037518184632,475627.20800798793789,0.0],[1062616.353512302273884,475627.159009202732705,0.0],[1062616.316480817040429,475627.107281522941776,0.0],[1062616.283123475965112,475627.053076960903127,0.0],[1062616.253602792741731,475626.996659595752135,0.0],[1062616.253602792741731,475626.996659595752135,0.0],[1062616.228062589420006,475626.938304286974017,0.0],[1062616.206627294886857,475626.878295336093288,0.0],[1062616.189401340205222,475626.816925100574736,0.0],[1062616.176468648016453,475626.754492569947615,0.0],[1062616.16789222555235,475626.691301909217145,0.0],[1062616.163713855901733,475626.627660977072082,0.0],[1062616.163953896146268,475626.563879825698677,0.0],[1062616.168611176079139,475626.500269190466497,0.0],[1062616.177663006354123,475626.437138975830749,0.0],[1062616.191065287450328,475626.374796746007632,0.0],[1062616.208752724807709,475626.31354622595245,0.0],[1062616.230639146873727,475626.253685822302941,0.0],[1062616.256617924897,475626.195507168595213,0.0],[1062616.286562493536621,475626.139293705695309,0.0],[1062616.32032696553506,475626.085319299716502,0.0],[1062616.357746843714267,475626.033846908598207,0.0],[1062616.398639822145924,475625.985127300664317,0.0],[1062616.442806674633175,475625.939397833019029,0.0],[1062616.49003222445026,475625.896881294960622,0.0],[1062616.540086393477395,475625.857784822641406,0.0],[1062616.592725323047489,475625.822298890387174,0.0],[1062616.647692561149597,475625.790596382168587,0.0],[1062616.7047203136608,475625.762831749103498,0.0],[1062616.763530746102333,475625.739140257821418,0.0],[1062616.823837341042235,475625.719637330854312,0.0],[1062616.885346289956942,475625.70441798469983,0.0],[1062616.947757927933708,475625.693556366255507,0.0],[1062617.010768191423267,475625.687105392338708,0.0],[1062617.074070100905374,475625.685096491419245,0.0],[1062617.137355255894363,475625.68753945059143,0.0],[1062617.200315337628126,475625.694422368309461,0.0],[1062617.262643610360101,475625.705711711256299,0.0],[1062617.324036417761818,475625.721352479187772,0.0],[1062617.384194659534842,475625.741268471640069,0.0],[1062617.442825251026079,475625.765362660109531,0.0],[1062617.49964255024679,475625.793517660058569,0.0],[1062617.554369748570025,475625.825596303038765,0.0],[1062617.606740220915526,475625.861442305380479,0.0],[1062617.656498822849244,475625.90088102867594,0.0],[1062617.703403136460111,475625.943720331648365,0.0],[1062617.747224648250267,475625.989751505258027,0.0],[1062617.787749864161015,475626.038750290637836,0.0],[1062617.82478134939447,475626.090477970370557,0.0],[1062617.858138690702617,475626.144682532409206,0.0],[1062617.887659373693168,475626.201099897618406,0.0]],[[1062619.506097101373598,475625.413144422345795,0.0],[1062614.558957719942555,475627.821717514772899,0.0]]]}},
{"type":"Feature","properties":{"fid":3497,"Layer":"HIDRANTES","PaperSpace":null,"SubClasses":"AcDbEntity:AcDbBlockReference","Linetype":null,"EntityHandle":"4712","Text":null},"geometry":{"type":"MultiLineString","coordinates":[[[1062735.469188231509179,475898.322914959338959,0.0],[1062739.0335092919413,475896.85781453497475,0.0]],[[1062732.562359901377931,475891.144867833470926,0.0],[1062736.126680961810052,475889.679767409106717,0.0]],[[1062739.011116808047518,475890.440256969479378,0.0],[1062740.638499182416126,475894.458873154653702,0.0]],[[1062750.670774224447086,475889.120350831246469,0.0],[1062750.59944230876863,475889.146786873694509,0.0],[1062750.526454966515303,475889.168148093565833,0.0],[1062750.452167785027996,475889.184330421267077,0.0],[1062750.376942684175447,475889.195255018013995,0.0],[1062750.301146152894944,475889.200868660351261,0.0],[1062750.225147463846952,475889.201143999118358,0.0],[1062750.149316875496879,475889.196079692861531,0.0],[1062750.074023826979101,475889.185700414527673,0.0],[1062749.99963513831608,475889.170056730799843,0.0],[1062749.92651322321035,475889.149224856228102,0.0],[1062749.855014324653894,475889.123306281340774,0.0],[1062749.785486778477207,475889.092427279276308,0.0],[1062749.71826931531541,475889.056738288898487,0.0],[1062749.653689412400126,475889.016413183824625,0.0],[1062749.592061696108431,475888.97164842375787,0.0],[1062749.53368641063571,475888.922662097960711,0.0],[1062749.478847954422235,475888.869692863197997,0.0],[1062749.427813494810835,475888.812998779932968,0.0],[1062749.380831666989252,475888.752856056380551,0.0],[1062749.338131361408159,475888.689557701523881,0.0],[1062749.299920609686524,475888.623412098735571,0.0],[1062749.266385570634156,475888.554741502681281,0.0],[1062749.237689623842016,475888.483880469808355,0.0],[1062749.213972572935745,475888.411174227599986,0.0],[1062749.195349965244532,475888.33697699388722,0.0],[1062749.181912527885288,475888.261650249944068,0.0],[1062749.173725726781413,475888.185560979996808,0.0],[1062749.170829447451979,475888.109079883666709,0.0],[1062749.173237800132483,475888.032579568913206,0.0],[1062749.18093905155547,475887.956432737642899,0.0],[1062749.193895681528375,475887.8810103693977,0.0],[1062749.212044567568228,475887.806679914763663,0.0],[1062749.235297289444134,475887.733803503855597,0.0],[1062749.2635405624751,475887.662736183381639,0.0],[1062749.296636788640171,475887.593824186245911,0.0],[1062749.334424725500867,475887.527403244690504,0.0],[1062749.376720274565741,475887.463796954893041,0.0],[1062749.423317376757041,475887.403315200295765,0.0],[1062749.473989014746621,475887.346252641931642,0.0],[1062749.528488321928307,475887.292887282732408,0.0],[1062749.586549782892689,475887.24347911356017,0.0],[1062749.647890528198332,475887.198268845968414,0.0],[1062749.712211712030694,475887.157476739783306,0.0],[1062749.779199967626482,475887.121301530161873,0.0],[1062749.848528935341164,475887.08991945895832,0.0],[1062749.848528935341164,475887.08991945895832,0.0],[1062749.919860851019621,475887.06348341651028,0.0],[1062749.992848192807287,475887.042122196580749,0.0],[1062750.067135374294594,475887.02593986899592,0.0],[1062750.142360475379974,475887.015015272190794,0.0],[1062750.218157006893307,475887.009401629853528,0.0],[1062750.294155695475638,475887.009126291086432,0.0],[1062750.36998628382571,475887.014190597226843,0.0],[1062750.44527933257632,475887.024569875560701,0.0],[1062750.51966802123934,475887.040213559404947,0.0],[1062750.592789936345071,475887.061045433976687,0.0],[1062750.664288834668696,475887.0869640087476,0.0],[1062750.733816381078213,475887.117843010986689,0.0],[1062750.80103384424001,475887.153532001189888,0.0],[1062750.865613747155294,475887.193857106380165,0.0],[1062750.92724146367982,475887.23862186644692,0.0],[1062750.985616749152541,475887.287608192127664,0.0],[1062751.040455205133185,475887.340577427006792,0.0],[1062751.091489664744586,475887.397271510097198,0.0],[1062751.138471492566168,475887.457414233766031,0.0],[1062751.181171798147261,475887.520712588739116,0.0],[1062751.219382549868897,475887.586858191527426,0.0],[1062751.252917588921264,475887.655528787407093,0.0],[1062751.281613535480574,475887.726389820396435,0.0],[1062751.305330586386845,475887.799096062604804,0.0],[1062751.323953194310889,475887.873293296375778,0.0],[1062751.337390631437302,475887.948620040260721,0.0],[1062751.345577432774007,475888.024709310091566,0.0],[1062751.348473712103441,475888.10119040653808,0.0],[1062751.346065359655768,475888.177690721291583,0.0],[1062751.338364108232781,475888.253837552620098,0.0],[1062751.325407478027046,475888.329259920690674,0.0],[1062751.307258592220023,475888.403590375441127,0.0],[1062751.284005870111287,475888.476466786349192,0.0],[1062751.25576259708032,475888.547534106706735,0.0],[1062751.22266637138091,475888.616446103958879,0.0],[1062751.184878434054554,475888.682867045514286,0.0],[1062751.142582884756848,475888.74647333525354,0.0],[1062751.09598578279838,475888.806955089909025,0.0],[1062751.045314144575968,475888.864017648331355,0.0],[1062750.990814837859944,475888.917383007472381,0.0],[1062750.932753376662731,475888.96679117664462,0.0],[1062750.871412631357089,475889.012001444236375,0.0],[1062750.807091447757557,475889.052793550363276,0.0],[1062750.740103191928938,475889.088968760042917,0.0],[1062750.670774224447086,475889.120350831246469,0.0]],[[1062750.260481685400009,475888.160021641873755,0.0],[1062748.812061314703897,475884.583329627173953,0.0]],[[1062750.260481685400009,475888.160021641873755,0.0],[1062751.708902055863291,475891.736713656515349,0.0]],[[1062735.833851109258831,475894.090032497071661,0.0],[1062753.772013460053131,475886.716620049672201,0.0]]]}},
{"type":"Feature","properties":{"fid":3491,"Layer":"HIDRANTES","PaperSpace":null,"SubClasses":"AcDbEntity:AcDbBlockReference","Linetype":null,"EntityHandle":"46F6","Text":null},"geometry":{"type":"MultiLineString","coordinates":[[[1062871.585766635136679,473894.104249943280593,0.0],[1062871.453493375331163,473890.876594175293576,0.0]],[[1062865.175791161134839,473894.373159571667202,0.0],[1062865.043517901329324,473891.145503803738393,0.0]],[[1062866.451431127032265,473889.082834500761237,0.0],[1062870.040043842047453,473888.932285950868391,0.0]],[[1062868.722089469432831,473879.504710479814094,0.0],[1062868.722491063410416,473879.568490558012854,0.0],[1062868.718473910819739,473879.632145198178478,0.0],[1062868.710057583870366,473879.695364281069487,0.0],[1062868.697283085202798,473879.757839809870347,0.0],[1062868.680212651379406,473879.819267410086468,0.0],[1062868.658929447876289,473879.879347812442575,0.0],[1062868.633537163492292,473879.937788311450277,0.0],[1062868.604159508366138,473879.994304190855473,0.0],[1062868.570939606288448,473880.048620110726915,0.0],[1062868.534039302030578,473880.100471449724864,0.0],[1062868.493638369021937,473880.149605593178421,0.0],[1062868.449933638097718,473880.195783164352179,0.0],[1062868.403138032881543,473880.238779190985952,0.0],[1062868.353479538112879,473880.278384200588334,0.0],[1062868.301200084155425,473880.314405241748318,0.0],[1062868.246554371202365,473880.3466668233159,0.0],[1062868.189808628289029,473880.375011770112906,0.0],[1062868.131239314563572,473880.39930198865477,0.0],[1062868.07113177375868,473880.419419139332604,0.0],[1062868.009778844192624,473880.435265213251114,0.0],[1062867.9474794305861,473880.4467630101135,0.0],[1062867.88453704980202,473880.453856513777282,0.0],[1062867.821258350973949,473880.456511165306438,0.0],[1062867.757951621199027,473880.454714031598996,0.0],[1062867.694925284478813,473880.448473868134897,0.0],[1062867.632486399030313,473880.437821076193359,0.0],[1062867.570939160650596,473880.422807555412874,0.0],[1062867.510583421448246,473880.403506449889392,0.0],[1062867.451713228365406,473880.380011792760342,0.0],[1062867.394615391036496,473880.352438047644682,0.0],[1062867.339568084571511,473880.320919550897088,0.0],[1062867.286839494016021,473880.285609857761301,0.0],[1062867.236686507705599,473880.246680993353948,0.0],[1062867.189353465335444,473880.204322615172714,0.0],[1062867.145070969127119,473880.158741088991519,0.0],[1062867.104054759489372,473880.110158483323175,0.0],[1062867.066504662623629,473880.058811488037463,0.0],[1062867.032603619387373,473880.004950260277838,0.0],[1062867.00251679145731,473879.948837206524331,0.0],[1062866.976390759227797,473879.890745704120491,0.0],[1062866.954352806322277,473879.830958768900018,0.0],[1062866.936510299565271,473879.769767676771153,0.0],[1062866.922950164880604,473879.70747054455569,0.0],[1062866.91373846703209,473879.644370877824258,0.0],[1062866.908920083893463,473879.580776091606822,0.0],[1062866.908920083893463,473879.580776091606822,0.0],[1062866.908518489915878,473879.516996013408061,0.0],[1062866.912535642506555,473879.453341373300646,0.0],[1062866.920951969455928,473879.390122290351428,0.0],[1062866.933726468123496,473879.327646761608776,0.0],[1062866.950796901714057,473879.266219161450863,0.0],[1062866.972080105450004,473879.206138759094756,0.0],[1062866.99747238936834,473879.147698260087054,0.0],[1062867.026850044960156,473879.091182380681857,0.0],[1062867.060069946805015,473879.036866460694,0.0],[1062867.096970251528546,473878.985015121754259,0.0],[1062867.137371184071526,473878.935880978358909,0.0],[1062867.181075915228575,473878.889703407068737,0.0],[1062867.22787152021192,473878.846707380434964,0.0],[1062867.277530015213415,473878.807102370774373,0.0],[1062867.329809469170868,473878.771081329730805,0.0],[1062867.384455181891099,473878.738819748163223,0.0],[1062867.441200924804434,473878.710474801191594,0.0],[1062867.499770238762721,473878.686184582824353,0.0],[1062867.559877779334784,473878.666067432146519,0.0],[1062867.62123070913367,473878.650221358228009,0.0],[1062867.683530122507364,473878.638723561423831,0.0],[1062867.746472503058612,473878.631630057701841,0.0],[1062867.809751202352345,473878.628975406172685,0.0],[1062867.873057932127267,473878.630772539880127,0.0],[1062867.93608426861465,473878.637012703344226,0.0],[1062867.998523154295981,473878.647665495111141,0.0],[1062868.060070392442867,473878.662679016008042,0.0],[1062868.120426131878048,473878.681980121531524,0.0],[1062868.179296324960887,473878.705474778718781,0.0],[1062868.236394161824137,473878.733048523892649,0.0],[1062868.291441468521953,473878.76456702046562,0.0],[1062868.344170059310272,473878.799876713717822,0.0],[1062868.394323045620695,473878.838805578125175,0.0],[1062868.44165608775802,473878.881163956306409,0.0],[1062868.485938583733514,473878.926745482487604,0.0],[1062868.526954793604091,473878.975328087981325,0.0],[1062868.564504890469834,473879.026675083383452,0.0],[1062868.59840593393892,473879.080536311201286,0.0],[1062868.628492761636153,473879.136649364838377,0.0],[1062868.654618793865666,473879.19474086741684,0.0],[1062868.676656746771187,473879.254527802637313,0.0],[1062868.694499253993854,473879.31571889470797,0.0],[1062868.70805938844569,473879.378016026865225,0.0],[1062868.717271086061373,473879.441115693596657,0.0],[1062868.722089469432831,473879.504710479814094,0.0]],[[1062867.858465812634677,473879.557580325868912,0.0],[1062864.664490113034844,473879.691573165880982,0.0]],[[1062867.858465812634677,473879.557580325868912,0.0],[1062871.052441512234509,473879.423587485682219,0.0]],[[1062868.393843356054276,473892.621554250014015,0.0],[1062867.728151582647115,473876.377727670769673,0.0]]]}},
{"type":"Feature","properties":{"fid":2506,"Layer":"HIDRANTES","PaperSpace":null,"SubClasses":"AcDbEntity:AcDbBlockReference","Linetype":null,"EntityHandle":"391A","Text":null},"geometry":{"type":"MultiLineString","coordinates":[[[1062965.759857228724286,474059.628116720588878,0.0],[1062968.963814246701077,474059.470524400472641,0.0]],[[1062965.449360626516864,474053.174899069126695,0.0],[1062968.653317644493654,474053.017306749126874,0.0]],[[1062970.710967059014365,474054.419580707559362,0.0],[1062970.884797997772694,474058.032402474491391,0.0]],[[1062980.23683222848922,474056.633914404956158,0.0],[1062980.17350544128567,474056.634800691041164,0.0],[1062980.110273228492588,474056.631236073852051,0.0],[1062980.04744365112856,474056.623237919644453,0.0],[1062979.985322807682678,474056.61084519472206,0.0],[1062979.924213346093893,474056.594118275213987,0.0],[1062979.864412984577939,474056.573138652951457,0.0],[1062979.806213064584881,474056.548008538491558,0.0],[1062979.74989713029936,474056.518850363441743,0.0],[1062979.695739547489211,474056.485806183191016,0.0],[1062979.644004166359082,474056.44903698581038,0.0],[1062979.594943036558107,474056.408721907297149,0.0],[1062979.5487951785326,474056.365057358401828,0.0],[1062979.505785420769826,474056.318256068509072,0.0],[1062979.466123302234337,474056.268546048842836,0.0],[1062979.430002052104101,474056.216169481689576,0.0],[1062979.397597650298849,474056.161381540179718,0.0],[1062979.36906796740368,474056.104449145903345,0.0],[1062979.34455199749209,474056.04564966756152,0.0],[1062979.324169179424644,474055.985269570432138,0.0],[1062979.308018816635013,474055.923603020317387,0.0],[1062979.296179591910914,474055.860950450180098,0.0],[1062979.28870918485336,474055.797617097501643,0.0],[1062979.285643990384415,474055.73391151567921,0.0],[1062979.286998942261562,474055.670144071860705,0.0],[1062979.292767438339069,474055.606625434767921,0.0],[1062979.30292137619108,474055.543665060773492,0.0],[1062979.317411286057904,474055.481569686671719,0.0],[1062979.336166575085372,474055.420641834614798,0.0],[1062979.35909586888738,474055.361178338993341,0.0],[1062979.386087458813563,474055.303468900092412,0.0],[1062979.417009843979031,474055.247794672613963,0.0],[1062979.451712374109775,474055.194426895410288,0.0],[1062979.490025981795043,474055.143625571392477,0.0],[1062979.531764006707817,474055.095638199069072,0.0],[1062979.576723105972633,474055.050698568520602,0.0],[1062979.624684242764488,474055.009025620704051,0.0],[1062979.675413755699992,474054.970822382310871,0.0],[1062979.728664495283738,474054.936274975712877,0.0],[1062979.784177029738203,474054.905551712028682,0.0],[1062979.84168090717867,474054.878802272316534,0.0],[1062979.900895974831656,474054.856156976951752,0.0],[1062979.961533742491156,474054.837726151687093,0.0],[1062980.023298789281398,474054.823599589406513,0.0],[1062980.085890202084556,474054.813846113509499,0.0],[1062980.149003041908145,474054.80851324199466,0.0],[1062980.149003041908145,474054.80851324199466,0.0],[1062980.212329828878865,474054.807626955735032,0.0],[1062980.275562041904777,474054.81119157304056,0.0],[1062980.338391619268805,474054.819189727248158,0.0],[1062980.400512462249026,474054.831582452170551,0.0],[1062980.461621924303472,474054.848309371678624,0.0],[1062980.521422286052257,474054.869288993941154,0.0],[1062980.579622205812484,474054.894419108284637,0.0],[1062980.635938140098006,474054.923577283509076,0.0],[1062980.690095722675323,474054.956621463643387,0.0],[1062980.741831103805453,474054.993390660965815,0.0],[1062980.790892233839259,474055.033705739479046,0.0],[1062980.837040091399103,474055.077370288374368,0.0],[1062980.880049849394709,474055.124171578325331,0.0],[1062980.919711968163028,474055.173881597991567,0.0],[1062980.955833218293265,474055.226258165203035,0.0],[1062980.988237620098516,474055.281046106654685,0.0],[1062981.016767302760854,474055.337978501047473,0.0],[1062981.041283272672445,474055.396777979272883,0.0],[1062981.061666090739891,474055.457158076344058,0.0],[1062981.077816453296691,474055.518824626633432,0.0],[1062981.089655678253621,474055.581477196596097,0.0],[1062981.097126085311174,474055.644810549274553,0.0],[1062981.10019127978012,474055.708516131271608,0.0],[1062981.098836328135803,474055.772283574915491,0.0],[1062981.093067831825465,474055.835802212008275,0.0],[1062981.082913894206285,474055.898762586002704,0.0],[1062981.06842398410663,474055.960857960162684,0.0],[1062981.049668695311993,474056.021785812277813,0.0],[1062981.026739401277155,474056.081249307782855,0.0],[1062980.999747811350971,474056.138958746683784,0.0],[1062980.968825425952673,474056.194632974336855,0.0],[1062980.93412289605476,474056.248000751365907,0.0],[1062980.895809288602322,474056.298802075500134,0.0],[1062980.854071263689548,474056.346789447707124,0.0],[1062980.809112164657563,474056.391729078430217,0.0],[1062980.761151027632877,474056.433402026072145,0.0],[1062980.710421514697373,474056.471605264465325,0.0],[1062980.657170775113627,474056.506152671237942,0.0],[1062980.601658240659162,474056.536875934747513,0.0],[1062980.544154362985864,474056.563625374517869,0.0],[1062980.484939295565709,474056.586270669824444,0.0],[1062980.424301527673379,474056.604701495263726,0.0],[1062980.362536481115967,474056.618828057369683,0.0],[1062980.299945068312809,474056.628581533324905,0.0],[1062980.23683222848922,474056.633914404956158,0.0]],[[1062980.178476866334677,474055.764590387349017,0.0],[1062980.023761983960867,474052.549067886779085,0.0]],[[1062980.178476866334677,474055.764590387349017,0.0],[1062980.333191748941317,474058.980112887744326,0.0]],[[1062967.210423905169591,474056.402447119180579,0.0],[1062983.334981761407107,474055.6093320841901,0.0]]]}},
{"type":"Feature","properties":{"fid":3484,"Layer":"HIDRANTES","PaperSpace":null,"SubClasses":"AcDbEntity:AcDbBlockReference","Linetype":"BYBLOCK","EntityHandle":"46D1","Text":null},"geometry":{"type":"MultiLineString","coordinates":[[[1062569.786775184096768,474872.836067096272018,0.0],[1062580.905632041394711,474870.735623133543413,0.0]],[[1062578.625747389392927,474870.515549630101305,0.0],[1062578.582482720725238,474870.525307908537798,0.0],[1062578.539998190943152,474870.538081538921688,0.0],[1062578.498500781133771,474870.553808289521839,0.0],[1062578.458192661870271,474870.572411540837493,0.0],[1062578.419270210433751,474870.593800660222769,0.0],[1062578.381923052947968,474870.617871441645548,0.0],[1062578.346333141438663,474870.644506614946295,0.0],[1062578.312673866283149,474870.673576416040305,0.0],[1062578.281109211500734,474870.704939219751395,0.0],[1062578.251792958006263,474870.73844222992193,0.0],[1062578.22486793063581,474870.773922222899273,0.0],[1062578.200465305708349,474870.811206343991216,0.0],[1062578.17870397050865,474870.850112948566675,0.0],[1062578.159689943771809,474870.890452487627044,0.0],[1062578.143515860661864,474870.932028430979699,0.0],[1062578.130260518752038,474870.974638224870432,0.0],[1062578.119988497113809,474871.0180742785451,0.0],[1062578.112749840365723,474871.062124975898769,0.0],[1062578.10857981373556,474871.106575706508011,0.0],[1062578.107498734025285,474871.15120991069125,0.0],[1062578.109511867631227,474871.195810135395732,0.0],[1062578.114609406795353,474871.240159092529211,0.0],[1062578.122766517102718,474871.284040718514007,0.0],[1062578.133943457622081,474871.327241226506885,0.0],[1062578.148085775785148,474871.36955014790874,0.0],[1062578.165124571183696,474871.410761357983574,0.0],[1062578.184976832475513,474871.450674079882447,0.0],[1062578.207545842044055,474871.48909386259038,0.0],[1062578.232721645385027,474871.525833529129159,0.0],[1062578.260381588945165,474871.560714087449014,0.0],[1062578.290390915935859,474871.593565602845047,0.0],[1062578.322603424079716,474871.624228026135825,0.0],[1062578.356862177141011,474871.652551973063964,0.0],[1062578.393000270007178,474871.678399452066515,0.0],[1062578.430841641733423,474871.701644537097309,0.0],[1062578.470201932592317,474871.722173980204388,0.0],[1062578.510889383265749,474871.739887764095329,0.0],[1062578.552705768728629,474871.754699588986114,0.0],[1062578.595447363797575,474871.766537293267902,0.0],[1062578.638905935455114,474871.775343204499222,0.0],[1062578.682869758224115,474871.781074421654921,0.0],[1062578.727124644676223,474871.783703022403643,0.0],[1062578.771454989444464,474871.783216200594325,0.0],[1062578.815644819522277,474871.779616328072734,0.0],[1062578.859478846425191,474871.772920942981727,0.0],[1062578.859478846425191,474871.772920942981727,0.0],[1062578.902743514860049,474871.763162664603442,0.0],[1062578.945228044874966,474871.750389034219552,0.0],[1062578.986725454684347,474871.734662283677608,0.0],[1062579.027033573947847,474871.716059032187331,0.0],[1062579.065956025151536,474871.694669912860263,0.0],[1062579.10330318287015,474871.670599131379277,0.0],[1062579.138893094379455,474871.64396395807853,0.0],[1062579.172552369302139,474871.614894157042727,0.0],[1062579.204117024084553,474871.583531353273429,0.0],[1062579.233433277811855,474871.550028343277518,0.0],[1062579.260358304949477,474871.514548350125551,0.0],[1062579.284760930109769,474871.477264229033608,0.0],[1062579.306522265076637,474871.438357624458149,0.0],[1062579.325536291813478,474871.398018085339572,0.0],[1062579.341710375156254,474871.356442142045125,0.0],[1062579.354965717066079,474871.313832348270807,0.0],[1062579.365237738471478,474871.270396294654347,0.0],[1062579.372476395452395,474871.226345597126056,0.0],[1062579.376646421616897,474871.181894866633229,0.0],[1062579.377727501560003,474871.137260662333574,0.0],[1062579.37571436795406,474871.0926604376873,0.0],[1062579.370616828789935,474871.048311480612028,0.0],[1062579.362459718482569,474871.004429854510818,0.0],[1062579.351282777963206,474870.961229346634354,0.0],[1062579.33714046003297,474870.918920425116085,0.0],[1062579.320101664634421,474870.877709215099458,0.0],[1062579.300249403109774,474870.837796493258793,0.0],[1062579.277680393774062,474870.799376710376237,0.0],[1062579.25250458996743,474870.762637043895666,0.0],[1062579.224844646640122,474870.72775648557581,0.0],[1062579.194835319882259,474870.694904970179778,0.0],[1062579.162622811738402,474870.664242546947207,0.0],[1062579.128364058677107,474870.635918600077275,0.0],[1062579.092225965578109,474870.610071121016517,0.0],[1062579.054384594084695,474870.586826036043931,0.0],[1062579.01502430299297,474870.566296592820436,0.0],[1062578.974336852552369,474870.548582808929496,0.0],[1062578.932520466856658,474870.533770984038711,0.0],[1062578.889778872020543,474870.521933279931545,0.0],[1062578.846320300130174,474870.513127368525602,0.0],[1062578.802356477361172,474870.507396151428111,0.0],[1062578.758101591141894,474870.504767550621182,0.0],[1062578.713771246373653,474870.505254372488707,0.0],[1062578.669581416295841,474870.508854245010298,0.0],[1062578.625747389392927,474870.515549630101305,0.0]],[[1062578.394250015029684,474869.270196688303258,0.0],[1062579.101876732660457,474873.076913794269785,0.0]]]}},
{"type":"Feature","properties":{"fid":3191,"Layer":"HIDRANTES","PaperSpace":null,"SubClasses":"AcDbEntity:AcDbBlockReference","Linetype":null,"EntityHandle":"4149","Text":null},"geometry":{"type":"MultiLineString","coordinates":[[[1062809.081186670577154,476148.822628746565897,0.0],[1062806.542904770700261,476148.00384107849095,0.0]],[[1062807.453181573888287,476153.935810908384155,0.0],[1062804.914899674011394,476153.117023240309209,0.0]],[[1062803.720336165511981,476151.421157205128111,0.0],[1062804.631771757500246,476148.558551787107717,0.0]],[[1062796.950886388774961,476146.898933488293551,0.0],[1062797.000410351203755,476146.916851253714412,0.0],[1062797.0485712622758,476146.938204960373696,0.0],[1062797.095134486444294,476146.962890575407073,0.0],[1062797.139873172156513,476146.990787832706701,0.0],[1062797.182569358032197,476147.021760819829069,0.0],[1062797.223015031311661,476147.055658639466856,0.0],[1062797.261013145558536,476147.092316144728102,0.0],[1062797.296378577593714,476147.131554744031746,0.0],[1062797.328939030645415,476147.173183270904701,0.0],[1062797.358535873237997,476147.216998915246222,0.0],[1062797.385024912655354,476147.262788211693987,0.0],[1062797.408277097158134,476147.310328079503961,0.0],[1062797.428179143927991,476147.359386908996385,0.0],[1062797.444634092273191,476147.409725690667983,0.0],[1062797.457561775809154,476147.461099178879522,0.0],[1062797.466899212216958,476147.513257087266538,0.0],[1062797.472600909881294,476147.565945307840593,0.0],[1062797.474639090942219,476147.618907148716971,0.0],[1062797.473003825871274,476147.671884585171938,0.0],[1062797.467703080968931,476147.724619516404346,0.0],[1062797.458762681577355,476147.776855023228563,0.0],[1062797.446226183790714,476147.828336619480979,0.0],[1062797.430154664209113,476147.878813492076006,0.0],[1062797.410626422613859,476147.928039722668473,0.0],[1062797.38773659709841,476147.975775485974737,0.0],[1062797.361596706090495,476148.021788218175061,0.0],[1062797.332334099570289,476148.065853749983944,0.0],[1062797.300091342069209,476148.10775739827659,0.0],[1062797.265025517437607,476148.147295013186522,0.0],[1062797.227307462831959,476148.184273970779032,0.0],[1062797.187120936345309,476148.218514113919809,0.0],[1062797.14466172340326,476148.249848627659958,0.0],[1062797.100136680528522,476148.278124853619374,0.0],[1062797.053762729046866,476148.303205032658298,0.0],[1062797.005765798967332,476148.324966976768337,0.0],[1062796.956379725597799,476148.343304664071184,0.0],[1062796.905845113564283,476148.358128755062353,0.0],[1062796.854408162413165,476148.36936702823732,0.0],[1062796.802319467300549,476148.376964731898624,0.0],[1062796.749832799658179,476148.380884850863367,0.0],[1062796.697203869000077,476148.381108286615927,0.0],[1062796.644689078209922,476148.377633950614836,0.0],[1062796.592544273938984,476148.370478769589681,0.0],[1062796.541023500496522,476148.359677602653392,0.0],[1062796.49037776235491,476148.345283072208986,0.0],[1062796.49037776235491,476148.345283072208986,0.0],[1062796.440853799926117,476148.327365306788124,0.0],[1062796.392692889086902,476148.306011600012425,0.0],[1062796.346129664918408,476148.281325985153671,0.0],[1062796.301390978973359,476148.253428727795836,0.0],[1062796.258694793097675,476148.222455740673468,0.0],[1062796.218249119818211,476148.188557921093889,0.0],[1062796.180251005571336,476148.151900415774435,0.0],[1062796.144885573536158,476148.112661816354375,0.0],[1062796.112325120484456,476148.071033289597835,0.0],[1062796.082728277891874,476148.027217645198107,0.0],[1062796.056239238474518,476147.981428348633926,0.0],[1062796.032987054204568,476147.933888480940368,0.0],[1062796.013085007434711,476147.884829651506152,0.0],[1062795.996630058856681,476147.834490869834553,0.0],[1062795.983702375087887,476147.783117381564807,0.0],[1062795.974364938680083,476147.730959473061375,0.0],[1062795.968663241248578,476147.678271252661943,0.0],[1062795.966625060187653,476147.625309411843773,0.0],[1062795.968260325258598,476147.572331975330599,0.0],[1062795.97356107016094,476147.519597044039983,0.0],[1062795.982501469552517,476147.467361537157558,0.0],[1062795.995037967339158,476147.415879940905143,0.0],[1062796.011109486455098,476147.365403068426531,0.0],[1062796.030637728516012,476147.316176837892272,0.0],[1062796.053527554031461,476147.268441074586008,0.0],[1062796.079667445039377,476147.222428342269268,0.0],[1062796.108930051559582,476147.178362810518593,0.0],[1062796.141172808827832,476147.136459162051324,0.0],[1062796.176238633692265,476147.096921547374222,0.0],[1062796.213956688297912,476147.059942589548882,0.0],[1062796.254143214551732,476147.025702446582727,0.0],[1062796.296602427726611,476146.994367932784371,0.0],[1062796.34112747060135,476146.966091706883162,0.0],[1062796.387501422083005,476146.941011527844239,0.0],[1062796.43549835216254,476146.919249583559576,0.0],[1062796.484884425532073,476146.900911896373145,0.0],[1062796.535419037565589,476146.886087805440184,0.0],[1062796.586855988716707,476146.874849532265216,0.0],[1062796.638944683596492,476146.867251828429289,0.0],[1062796.691431351238862,476146.863331709580962,0.0],[1062796.744060282129794,476146.863108273770195,0.0],[1062796.796575072687119,476146.866582609713078,0.0],[1062796.848719876958057,476146.873737790854648,0.0],[1062796.900240650400519,476146.88453895773273,0.0],[1062796.950886388774961,476146.898933488293551,0.0]],[[1062796.744433410931379,476147.5925954443519,0.0],[1062795.933227699017152,476150.140402318211272,0.0]],[[1062796.744433410931379,476147.5925954443519,0.0],[1062797.555639123078436,476145.044788570667151,0.0]],[[1062807.018158658640459,476150.906647968688048,0.0],[1062794.243744669947773,476146.78593441011617,0.0]]]}},
{"type":"Feature","properties":{"fid":3490,"Layer":"HIDRANTES","PaperSpace":null,"SubClasses":"AcDbEntity:AcDbBlockReference","Linetype":null,"EntityHandle":"46F3","Text":null},"geometry":{"type":"MultiLineString","coordinates":[[[1062775.847626089816913,473899.594951482140459,0.0],[1062775.715352830011398,473896.367295714153443,0.0]],[[1062769.437650615815073,473899.863861110585276,0.0],[1062769.305377356242388,473896.636205342656467,0.0]],[[1062770.713290581712499,473894.573536039621104,0.0],[1062774.301903296960518,473894.422987489728257,0.0]],[[1062772.983948924113065,473884.99541201867396,0.0],[1062772.98435051809065,473885.059192096930929,0.0],[1062772.980333365499973,473885.122846737038344,0.0],[1062772.9719170385506,473885.186065819987562,0.0],[1062772.959142539883032,473885.248541348730214,0.0],[1062772.942072106059641,473885.309968948946334,0.0],[1062772.920788902556524,473885.370049351302441,0.0],[1062772.895396618638188,473885.428489850310143,0.0],[1062772.866018963046372,473885.485005729657132,0.0],[1062772.832799060968682,473885.53932164964499,0.0],[1062772.795898756710812,473885.591172988584731,0.0],[1062772.755497823935002,473885.64030713198008,0.0],[1062772.711793093010783,473885.686484703270253,0.0],[1062772.664997487794608,473885.729480729845818,0.0],[1062772.615338992793113,473885.769085739506409,0.0],[1062772.56305953883566,473885.805106780608185,0.0],[1062772.508413825882599,473885.837368362175766,0.0],[1062772.451668083202094,473885.865713308972772,0.0],[1062772.393098769243807,473885.890003527572844,0.0],[1062772.332991228671744,473885.91012067819247,0.0],[1062772.271638298872858,473885.92596675211098,0.0],[1062772.209338885499164,473885.937464548973367,0.0],[1062772.146396504482254,473885.944558052695356,0.0],[1062772.083117805654183,473885.947212704166304,0.0],[1062772.019811075879261,473885.945415570458863,0.0],[1062771.956784739391878,473885.939175406994764,0.0],[1062771.894345853710547,473885.928522615111433,0.0],[1062771.832798615563661,473885.91350909427274,0.0],[1062771.77244287612848,473885.894207988807466,0.0],[1062771.713572683045641,473885.870713331678417,0.0],[1062771.65647484594956,473885.843139586504549,0.0],[1062771.601427539251745,473885.811621089756954,0.0],[1062771.548698948696256,473885.776311396621168,0.0],[1062771.498545962385833,473885.737382532272022,0.0],[1062771.451212920015678,473885.695024154032581,0.0],[1062771.406930424040183,473885.649442627851386,0.0],[1062771.365914214402437,473885.60086002224125,0.0],[1062771.328364117536694,473885.54951302689733,0.0],[1062771.294463074067608,473885.495651799195912,0.0],[1062771.264376246370375,473885.439538745384198,0.0],[1062771.238250214140862,473885.38144724292215,0.0],[1062771.216212261235341,473885.321660307759885,0.0],[1062771.198369754245505,473885.260469215631019,0.0],[1062771.184809619560838,473885.198172083473764,0.0],[1062771.175597921712324,473885.135072416742332,0.0],[1062771.170779538573697,473885.071477630408481,0.0],[1062771.170779538573697,473885.071477630408481,0.0],[1062771.170377944596112,473885.007697552267928,0.0],[1062771.174395097186789,473884.94404291221872,0.0],[1062771.182811424136162,473884.880823829269502,0.0],[1062771.19558592280373,473884.81834830052685,0.0],[1062771.212656356627122,473884.756920700252522,0.0],[1062771.233939560130239,473884.696840297896415,0.0],[1062771.259331844048575,473884.638399798946921,0.0],[1062771.28870949964039,473884.581883919541724,0.0],[1062771.32192940171808,473884.527567999553867,0.0],[1062771.35882970620878,473884.475716660614125,0.0],[1062771.399230638984591,473884.426582517218776,0.0],[1062771.44293537014164,473884.380404945928603,0.0],[1062771.489730974892154,473884.337408919353038,0.0],[1062771.539389469893649,473884.29780390963424,0.0],[1062771.591668923851103,473884.261782868590672,0.0],[1062771.646314636804163,473884.229521287081297,0.0],[1062771.703060379484668,473884.201176340109669,0.0],[1062771.761629693442956,473884.17688612168422,0.0],[1062771.821737234247848,473884.156768971006386,0.0],[1062771.883090163813904,473884.140922897087876,0.0],[1062771.945389577420428,473884.129425100283697,0.0],[1062772.008331957971677,473884.122331596619915,0.0],[1062772.071610657032579,473884.119676945032552,0.0],[1062772.134917386807501,473884.121474078739993,0.0],[1062772.197943723294884,473884.127714242204092,0.0],[1062772.260382608976215,473884.138367034029216,0.0],[1062772.321929847123101,473884.153380554867908,0.0],[1062772.382285586558282,473884.172681660449598,0.0],[1062772.441155779641122,473884.196176317578647,0.0],[1062772.498253616737202,473884.223750062694307,0.0],[1062772.553300923435017,473884.255268559325486,0.0],[1062772.606029513990507,473884.290578252577689,0.0],[1062772.656182500300929,473884.329507116985042,0.0],[1062772.703515542671084,473884.371865495224483,0.0],[1062772.747798038646579,473884.417447021405678,0.0],[1062772.788814248284325,473884.466029626899399,0.0],[1062772.826364345382899,473884.517376622301526,0.0],[1062772.860265388619155,473884.571237850061152,0.0],[1062772.890352216316387,473884.627350903756451,0.0],[1062772.9164782485459,473884.685442406276707,0.0],[1062772.938516201684251,473884.745229341438971,0.0],[1062772.956358708674088,473884.806420433626045,0.0],[1062772.969918843125924,473884.868717565725092,0.0],[1062772.979130540974438,473884.931817232514732,0.0],[1062772.983948924113065,473884.99541201867396,0.0]],[[1062772.120325267314911,473885.048281864728779,0.0],[1062768.926349567715079,473885.182274704740848,0.0]],[[1062772.120325267314911,473885.048281864728779,0.0],[1062775.314300967147574,473884.914289024542086,0.0]],[[1062772.65570281073451,473898.112255788932089,0.0],[1062771.990011037327349,473881.868429209687747,0.0]]]}},
{"type":"Feature","properties":{"fid":2589,"Layer":"HIDRANTES","PaperSpace":null,"SubClasses":"AcDbEntity:AcDbBlockReference","Linetype":null,"EntityHandle":"3A1B","Text":null},"geometry":{"type":"MultiLineString","coordinates":[[[1062873.857609461294487,474189.751799021672923,0.0],[1062870.653652443317696,474189.90939134178916,0.0]],[[1062874.168106063501909,474196.205016673135106,0.0],[1062870.964149045525119,474196.362608993134927,0.0]],[[1062868.906499631237239,474194.960335034702439,0.0],[1062868.73266869247891,474191.34751326777041,0.0]],[[1062859.380634461529553,474192.746001337305643,0.0],[1062859.443961248733103,474192.745115051220637,0.0],[1062859.507193461526185,474192.748679668467958,0.0],[1062859.570023039355874,474192.756677822617348,0.0],[1062859.632143882336095,474192.769070547597948,0.0],[1062859.693253344157711,474192.785797467047814,0.0],[1062859.753053705673665,474192.806777089310344,0.0],[1062859.811253625666723,474192.831907203770243,0.0],[1062859.867569559952244,474192.861065378878266,0.0],[1062859.921727142529562,474192.894109559128992,0.0],[1062859.973462523659691,474192.93087875645142,0.0],[1062860.022523653460667,474192.971193834964652,0.0],[1062860.068671511486173,474193.014858383859973,0.0],[1062860.111681269248948,474193.061659673752729,0.0],[1062860.151343388017267,474193.111369693418965,0.0],[1062860.187464637914672,474193.163746260630433,0.0],[1062860.219869039952755,474193.218534202082083,0.0],[1062860.248398722615093,474193.275466596358456,0.0],[1062860.272914692759514,474193.334266074700281,0.0],[1062860.29329751059413,474193.394646171829663,0.0],[1062860.309447873616591,474193.456312722002622,0.0],[1062860.321287098107859,474193.518965292081703,0.0],[1062860.328757505165413,474193.582298644760158,0.0],[1062860.331822699634358,474193.646004226640798,0.0],[1062860.330467747990042,474193.709771670401096,0.0],[1062860.324699251679704,474193.77329030749388,0.0],[1062860.314545314060524,474193.836250681488309,0.0],[1062860.300055404193699,474193.89834605564829,0.0],[1062860.281300114933401,474193.959273907647002,0.0],[1062860.258370821131393,474194.01873740326846,0.0],[1062860.231379231438041,474194.076446842169389,0.0],[1062860.200456846272573,474194.132121069706045,0.0],[1062860.16575431637466,474194.185488846851513,0.0],[1062860.127440708456561,474194.236290170869324,0.0],[1062860.085702683310956,474194.284277543192729,0.0],[1062860.040743584278971,474194.329217173741199,0.0],[1062859.992782447254285,474194.37089012155775,0.0],[1062859.942052934318781,474194.40909335995093,0.0],[1062859.888802194735035,474194.443640766607132,0.0],[1062859.83328966028057,474194.474364030233119,0.0],[1062859.775785782840103,474194.501113470003475,0.0],[1062859.716570715419948,474194.523758765310049,0.0],[1062859.655932947527617,474194.542189590574708,0.0],[1062859.594167900737375,474194.556316152797081,0.0],[1062859.531576488167048,474194.56606962881051,0.0],[1062859.468463648343459,474194.571402500325348,0.0],[1062859.468463648343459,474194.571402500325348,0.0],[1062859.405136861372739,474194.572288786526769,0.0],[1062859.341904648346826,474194.568724169221241,0.0],[1062859.279075070749968,474194.560726014955435,0.0],[1062859.216954228002578,474194.54833329009125,0.0],[1062859.155844765948132,474194.531606370583177,0.0],[1062859.096044404199347,474194.510626748320647,0.0],[1062859.037844484206289,474194.485496633977164,0.0],[1062858.981528550153598,474194.456338458810933,0.0],[1062858.92737096734345,474194.423294278618414,0.0],[1062858.87563558621332,474194.386525081295986,0.0],[1062858.826574456179515,474194.346210002782755,0.0],[1062858.7804265988525,474194.302545453887433,0.0],[1062858.737416840856895,474194.255744163994677,0.0],[1062858.697754721855745,474194.206034144328441,0.0],[1062858.661633471958339,474194.153657577116974,0.0],[1062858.629229070385918,474194.098869635665324,0.0],[1062858.600699387490749,474194.041937241272535,0.0],[1062858.576183417346328,474193.983137763047125,0.0],[1062858.555800599511713,474193.922757665917743,0.0],[1062858.539650236722082,474193.861091115686577,0.0],[1062858.527811011997983,474193.798438545665704,0.0],[1062858.520340604940429,474193.735105192929041,0.0],[1062858.517275410471484,474193.671399610990193,0.0],[1062858.51863036188297,474193.60763216734631,0.0],[1062858.524398858426139,474193.544113530253526,0.0],[1062858.534552795812488,474193.481153156259097,0.0],[1062858.549042706144974,474193.419057782040909,0.0],[1062858.56779799470678,474193.358129929983988,0.0],[1062858.590727288974449,474193.298666434478946,0.0],[1062858.617718878667802,474193.240956995578017,0.0],[1062858.6486412640661,474193.185282767983153,0.0],[1062858.683343793964013,474193.131914990895893,0.0],[1062858.721657401416451,474193.081113666761667,0.0],[1062858.763395426562056,474193.033126294554677,0.0],[1062858.808354525826871,474192.988186663831584,0.0],[1062858.856315662618726,474192.946513716189656,0.0],[1062858.9070451753214,474192.908310477796476,0.0],[1062858.960295915370807,474192.873763070965651,0.0],[1062859.015808449592441,474192.84303980745608,0.0],[1062859.073312327032909,474192.816290367743932,0.0],[1062859.132527394685894,474192.793645072437357,0.0],[1062859.193165162345394,474192.775214246998075,0.0],[1062859.254930209135637,474192.761087684892118,0.0],[1062859.317521621938795,474192.751334208995104,0.0],[1062859.380634461529553,474192.746001337305643,0.0]],[[1062859.438989823916927,474193.615325354970992,0.0],[1062859.593704706290737,474196.830847855424508,0.0]],[[1062859.438989823916927,474193.615325354970992,0.0],[1062859.284274941310287,474190.399802854517475,0.0]],[[1062872.407042785082012,474192.977468623081222,0.0],[1062856.282484928844497,474193.770583658013493,0.0]]]}},
{"type":"Feature","properties":{"fid":3502,"Layer":"HIDRANTES","PaperSpace":null,"SubClasses":"AcDbEntity:AcDbBlockReference","Linetype":"BYBLOCK","EntityHandle":"4727","Text":null},"geometry":{"type":"MultiLineString","coordinates":[[[1062954.532324895495549,476531.178415340604261,0.0],[1062951.645097604487091,476532.58707032998791,0.0]],[[1062957.327578858705238,476536.992718729481567,0.0],[1062954.44035156769678,476538.401373718807008,0.0]],[[1062952.00144162052311,476537.922882616170682,0.0],[1062950.436523945769295,476534.667755797680002,0.0]],[[1062942.373951028101146,476539.642864790919703,0.0],[1062942.43188423034735,476539.617072674678639,0.0],[1062942.491461255820468,476539.595412557129748,0.0],[1062942.552391851088032,476539.577989964105655,0.0],[1062942.614379168720916,476539.564889776695054,0.0],[1062942.67712121270597,476539.556175817793701,0.0],[1062942.740312309702858,476539.551890540868044,0.0],[1062942.803644599625841,476539.552054823318031,0.0],[1062942.866809533210471,476539.556667864904739,0.0],[1062942.929499377962202,476539.565707191242836,0.0],[1062942.99140871502459,476539.579128763638437,0.0],[1062943.052235928131267,476539.59686719358433,0.0],[1062943.111684673232958,476539.618836061330512,0.0],[1062943.169465322280303,476539.644928336550947,0.0],[1062943.225296373479068,476539.675016900408082,0.0],[1062943.27890582382679,476539.708955164533108,0.0],[1062943.330032492987812,476539.746577784942929,0.0],[1062943.37842729780823,476539.78770146809984,0.0],[1062943.42385446280241,476539.832125863526016,0.0],[1062943.46609267173335,476539.879634540178813,0.0],[1062943.504936144454405,476539.929996040358674,0.0],[1062943.540195639245212,476539.982965008006431,0.0],[1062943.57169937575236,476540.038283383531962,0.0],[1062943.599293870152906,476540.095681661448907,0.0],[1062943.622844685800374,476540.15488020319026,0.0],[1062943.642237084917724,476540.215590599400457,0.0],[1062943.657376589719206,476540.277517074893694,0.0],[1062943.668189442250878,476540.340357930399477,0.0],[1062943.674622963182628,476540.403807011491153,0.0],[1062943.67664580931887,476540.467555200506467,0.0],[1062943.674248124938458,476540.531291922845412,0.0],[1062943.667441592086107,476540.594706659438089,0.0],[1062943.656259371200576,476540.657490460260306,0.0],[1062943.640755940927193,476540.719337448826991,0.0],[1062943.621006832458079,476540.779946312715765,0.0],[1062943.597108260961249,476540.839021771796979,0.0],[1062943.569176658755168,476540.896276016370393,0.0],[1062943.537348105339333,476540.951430109504145,0.0],[1062943.501777666155249,476541.00421534589259,0.0],[1062943.462638637050986,476541.054374561237637,0.0],[1062943.420121699338779,476541.101663384935819,0.0],[1062943.374433991033584,476541.145851430599578,0.0],[1062943.325798098230734,476541.186723418359179,0.0],[1062943.274450970347971,476541.224080224172212,0.0],[1062943.220642765052617,476541.257739849272184,0.0],[1062943.164635630790144,476541.287538307602517,0.0],[1062943.164635630790144,476541.287538307602517,0.0],[1062943.10670242854394,476541.313330423785374,0.0],[1062943.047125403070822,476541.334990541392472,0.0],[1062942.986194807570428,476541.352413134416565,0.0],[1062942.924207489937544,476541.365513321827166,0.0],[1062942.861465446185321,476541.374227280728519,0.0],[1062942.798274348955601,476541.378512557654176,0.0],[1062942.73494205926545,476541.378348275204189,0.0],[1062942.671777125215158,476541.373735233617481,0.0],[1062942.609087280696258,476541.364695907279383,0.0],[1062942.5471779438667,476541.351274334883783,0.0],[1062942.486350730527192,476541.333535904937889,0.0],[1062942.426901985658333,476541.311567037191708,0.0],[1062942.369121336610988,476541.285474761971273,0.0],[1062942.313290285412222,476541.255386198114138,0.0],[1062942.259680835064501,476541.221447934105527,0.0],[1062942.208554165670648,476541.183825313579291,0.0],[1062942.160159361315891,476541.14270163042238,0.0],[1062942.11473219608888,476541.098277234996203,0.0],[1062942.07249398692511,476541.050768558285199,0.0],[1062942.033650514204055,476541.000407058163546,0.0],[1062941.998391019646078,476540.947438090573996,0.0],[1062941.966887283138931,476540.892119714990258,0.0],[1062941.939292788505554,476540.834721437073313,0.0],[1062941.915741972858086,476540.77552289533196,0.0],[1062941.896349573973566,476540.714812499121763,0.0],[1062941.881210068939254,476540.652886023628525,0.0],[1062941.870397216407582,476540.590045168122742,0.0],[1062941.863963695475832,476540.526596087089274,0.0],[1062941.861940849805251,476540.462847898015752,0.0],[1062941.864338533720002,476540.399111175676808,0.0],[1062941.871145066805184,476540.335696439084131,0.0],[1062941.882327287690714,476540.27291263837833,0.0],[1062941.897830717964098,476540.211065649869852,0.0],[1062941.917579826433212,476540.150456785806455,0.0],[1062941.94147839769721,476540.091381326725241,0.0],[1062941.96941,476540.034127082151826,0.0],[1062942.001238553319126,476539.978972989018075,0.0],[1062942.036808992503211,476539.92618775262963,0.0],[1062942.075948021840304,476539.876028537284583,0.0],[1062942.118464959319681,476539.828739713586401,0.0],[1062942.164152667624876,476539.78455166798085,0.0],[1062942.212788560427725,476539.743679680104833,0.0],[1062942.264135688310489,476539.706322874350008,0.0],[1062942.317943893605843,476539.672663249250036,0.0],[1062942.373951028101146,476539.642864790919703,0.0]],[[1062942.765714582288638,476540.419600819295738,0.0],[1062944.158539448631927,476543.316763813258149,0.0]],[[1062942.765714582288638,476540.419600819295738,0.0],[1062941.372889715945348,476537.52243782550795,0.0]],[[1062954.451800321927294,476534.718053513264749,0.0],[1062939.92124849697575,476541.807392960065044,0.0]]]}},
{"type":"Feature","properties":{"fid":4893,"Layer":"HIDRANTES","PaperSpace":null,"SubClasses":"AcDbEntity:AcDbBlockReference","Linetype":"BYBLOCK","EntityHandle":"6D8D","Text":null},"geometry":{"type":"MultiLineString","coordinates":[[[1062571.385643354384229,475098.069232390727848,0.0],[1062569.273331675445661,475101.310771922231652,0.0]],[[1062577.821460856124759,475102.321305228455458,0.0],[1062575.709149177419022,475105.56284476001747,0.0]],[[1062572.904268596554175,475106.583297454111744,0.0],[1062569.301188270794228,475104.202782471897081,0.0]],[[1062564.039610372623429,475114.327012762834784,0.0],[1062564.08350736531429,475114.264516323164571,0.0],[1062564.131625092122704,475114.205254247935954,0.0],[1062564.183729128213599,475114.149515255878214,0.0],[1062564.239565628580749,475114.097570902085863,0.0],[1062564.298862562747672,475114.049674253968988,0.0],[1062564.361331041902304,475114.006058659171686,0.0],[1062564.426666726591066,475113.966936608718242,0.0],[1062564.49455130752176,475113.932498701033182,0.0],[1062564.564654057612643,475113.902912714343984,0.0],[1062564.636633443878964,475113.878322788514197,0.0],[1062564.710138789378107,475113.858848723117262,0.0],[1062564.784811984049156,475113.844585394021124,0.0],[1062564.860289227450266,475113.835602290579118,0.0],[1062564.936202801764011,475113.831943177734502,0.0],[1062565.012182863662019,475113.833625882049091,0.0],[1062565.087859245948493,475113.840642205846962,0.0],[1062565.162863261299208,475113.852957966155373,0.0],[1062565.236829497152939,475113.870513161760755,0.0],[1062565.309397597797215,475113.893222265643999,0.0],[1062565.380214018980041,475113.920974641339853,0.0],[1062565.448933749226853,475113.953635081998073,0.0],[1062565.515221994370222,475113.991044469235931,0.0],[1062565.578755803173408,475114.033020548347849,0.0],[1062565.639225646620616,475114.079358815972228,0.0],[1062565.696336921071634,475114.129833516781218,0.0],[1062565.749811385991052,475114.184198743023444,0.0],[1062565.799388519488275,475114.242189633077942,0.0],[1062565.844826787011698,475114.303523660928477,0.0],[1062565.885904817376286,475114.36790201329859,0.0],[1062565.922422482632101,475114.435011045483407,0.0],[1062565.954201872227713,475114.504523808893282,0.0],[1062565.981088160770014,475114.576101644546725,0.0],[1062566.002950360765681,475114.64939583215164,0.0],[1062566.019681961275637,475114.724049289827235,0.0],[1062566.03120144805871,475114.799698313698173,0.0],[1062566.037452699383721,475114.875974348979071,0.0],[1062566.038405259139836,475114.952505786844995,0.0],[1062566.034054487710819,475115.028919773467351,0.0],[1062566.024421580368653,475115.104844027780928,0.0],[1062566.009553468553349,475115.179908654594328,0.0],[1062565.989522588206455,475115.253747946175281,0.0],[1062565.964426527032629,475115.326002165325917,0.0],[1062565.934387551387772,475115.396319296443835,0.0],[1062565.899552007205784,475115.464356761891395,0.0],[1062565.860089610796422,475115.529783089645207,0.0],[1062565.860089610796422,475115.529783089645207,0.0],[1062565.816192618105561,475115.592279529315419,0.0],[1062565.768074891297147,475115.651541604544036,0.0],[1062565.715970855206251,475115.707280596543569,0.0],[1062565.660134354839101,475115.75922495033592,0.0],[1062565.600837420905009,475115.807121598511003,0.0],[1062565.538368941517547,475115.850737193250097,0.0],[1062565.473033256828785,475115.889859243819956,0.0],[1062565.40514867589809,475115.924297151446808,0.0],[1062565.335045925341547,475115.953883138077799,0.0],[1062565.263066539540887,475115.978473064024001,0.0],[1062565.189561193576083,475115.997947129304521,0.0],[1062565.114887998905033,475116.012210458458867,0.0],[1062565.039410755969584,475116.021193561842665,0.0],[1062564.963497181655839,475116.024852674803697,0.0],[1062564.887517119757831,475116.023169970372692,0.0],[1062564.811840737238526,475116.016153646574821,0.0],[1062564.736836722120643,475116.003837886324618,0.0],[1062564.66287048603408,475115.986282690661028,0.0],[1062564.590302385389805,475115.963573586777784,0.0],[1062564.519485964439809,475115.93582121108193,0.0],[1062564.450766233727336,475115.90316077042371,0.0],[1062564.384477989282459,475115.865751383302268,0.0],[1062564.320944179780781,475115.823775304248556,0.0],[1062564.260474336566404,475115.777437036565971,0.0],[1062564.203363062348217,475115.72696233575698,0.0],[1062564.149888597195968,475115.672597109398339,0.0],[1062564.100311463465914,475115.614606219343841,0.0],[1062564.054873196408153,475115.553272191609722,0.0],[1062564.013795166043565,475115.488893839181401,0.0],[1062563.97727750078775,475115.421784807054792,0.0],[1062563.945498110726476,475115.352272043528501,0.0],[1062563.918611822417006,475115.280694207991473,0.0],[1062563.89674962265417,475115.207400020386558,0.0],[1062563.880018022144213,475115.132746562652756,0.0],[1062563.86849853512831,475115.057097538781818,0.0],[1062563.86224728403613,475114.98082150350092,0.0],[1062563.861294724047184,475114.904290065751411,0.0],[1062563.865645495709032,475114.827876078954432,0.0],[1062563.875278402585536,475114.751951824640855,0.0],[1062563.89014651463367,475114.676887198002078,0.0],[1062563.910177395213395,475114.603047906246502,0.0],[1062563.935273456154391,475114.530793687212281,0.0],[1062563.965312432032079,475114.46047655591974,0.0],[1062564.000147975748405,475114.392439090646803,0.0],[1062564.039610372623429,475114.327012762834784,0.0]],[[1062564.918270008638501,475114.88366895832587,0.0],[1062568.125122326891869,475117.002400515542831,0.0]],[[1062564.918270008638501,475114.88366895832587,0.0],[1062561.711417690617964,475112.764937401167117,0.0]],[[1062573.467875875998288,475101.763500340923201,0.0],[1062562.83724266779609,475118.077199751802254,0.0]]]}},
{"type":"Feature","properties":{"fid":4894,"Layer":"HIDRANTES","PaperSpace":null,"SubClasses":"AcDbEntity:AcDbBlockReference","Linetype":"BYBLOCK","EntityHandle":"6D90","Text":null},"geometry":{"type":"MultiLineString","coordinates":[[[1062690.116768199717626,475087.78574059123639,0.0],[1062690.101043903268874,475091.016162694024388,0.0]],[[1062696.532123327953741,475087.814922223391477,0.0],[1062696.516399031504989,475091.045344326179475,0.0]],[[1062695.015521874185652,475093.0404420128325,0.0],[1062691.423897369531915,475093.024104730924591,0.0]],[[1062692.308561098063365,475102.50304282293655,0.0],[1062692.311081614810973,475102.439310859830584,0.0],[1062692.318010348128155,475102.375909499940462,0.0],[1062692.329313541995361,475102.313147628447041,0.0],[1062692.344936128472909,475102.251331014907919,0.0],[1062692.364801995689049,475102.190760823490564,0.0],[1062692.388814359437674,475102.131732146197464,0.0],[1062692.416856233496219,475102.074532564845867,0.0],[1062692.448791000759229,475102.019440749892965,0.0],[1062692.484463078668341,475101.966725103091449,0.0],[1062692.523698675911874,475101.916642450087238,0.0],[1062692.566306641325355,475101.869436788314488,0.0],[1062692.612079392187297,475101.825338099035434,0.0],[1062692.660793928895146,475101.784561226551887,0.0],[1062692.712212919257581,475101.747304831864312,0.0],[1062692.76608585449867,475101.713750424270984,0.0],[1062692.822150271618739,475101.684061477484647,0.0],[1062692.880133030470461,475101.65838263311889,0.0],[1062692.939751644153148,475101.636838995735161,0.0],[1062693.000715657602996,475101.619535523990635,0.0],[1062693.062728059943765,475101.606556518643629,0.0],[1062693.12548673292622,475101.597965212073177,0.0],[1062693.18868592265062,475101.593803460011259,0.0],[1062693.252017729217187,475101.594091538456269,0.0],[1062693.31517360615544,475101.598828043905087,0.0],[1062693.377845864510164,475101.607989900221583,0.0],[1062693.439729171339422,475101.621532472025137,0.0],[1062693.500522037269548,475101.63938978133956,0.0],[1062693.559928285656497,475101.661474829073995,0.0],[1062693.617658495204523,475101.687680018949322,0.0],[1062693.673431410221383,475101.717877682065591,0.0],[1062693.726975310826674,475101.75192069838522,0.0],[1062693.778029335895553,475101.789643213734962,0.0],[1062693.826344755943865,475101.830861448019277,0.0],[1062693.871686182916164,475101.875374589872081,0.0],[1062693.913832718040794,475101.922965775826015,0.0],[1062693.952579027274624,475101.973403146432247,0.0],[1062693.98773634317331,475102.026440976071171,0.0],[1062694.019133382011205,475102.081820869469084,0.0],[1062694.046617181273177,475102.139273021370173,0.0],[1062694.070053842384368,475102.198517530807294,0.0],[1062694.089329183800146,475102.259265764500014,0.0],[1062694.104349298635498,475102.321221762977075,0.0],[1062694.115041010314599,475102.384083683078643,0.0],[1062694.12135222973302,475102.44754526775796,0.0],[1062694.123252209741622,475102.511297338467557,0.0],[1062694.123252209741622,475102.511297338467557,0.0],[1062694.120731692761183,475102.57502930163173,0.0],[1062694.113802959444001,475102.638430661405437,0.0],[1062694.102499765343964,475102.701192532898858,0.0],[1062694.086877179099247,475102.763009146612603,0.0],[1062694.067011312115937,475102.823579337971751,0.0],[1062694.042998948367313,475102.88260801526485,0.0],[1062694.014957074075937,475102.939807596674655,0.0],[1062693.983022306812927,475102.994899411627557,0.0],[1062693.947350228670985,475103.047615058196243,0.0],[1062693.908114631660283,475103.097697711258661,0.0],[1062693.865506666246802,475103.144903373089619,0.0],[1062693.819733915384859,475103.18900206242688,0.0],[1062693.771019378677011,475103.229778934794012,0.0],[1062693.719600388547406,475103.267035329539794,0.0],[1062693.665727453073487,475103.300589737191331,0.0],[1062693.609663035953417,475103.330278683977667,0.0],[1062693.551680277334526,475103.355957528401632,0.0],[1062693.492061663419008,475103.377501165610738,0.0],[1062693.431097649969161,475103.394804637355264,0.0],[1062693.369085247628391,475103.407783642760478,0.0],[1062693.306326574645936,475103.416374949447345,0.0],[1062693.243127384921536,475103.420536701392848,0.0],[1062693.17979557835497,475103.420248622947838,0.0],[1062693.116639701416716,475103.415512117615435,0.0],[1062693.053967443061993,475103.406350261182524,0.0],[1062692.992084136232734,475103.392807689320762,0.0],[1062692.931291270302609,475103.374950380006339,0.0],[1062692.87188502214849,475103.352865332446527,0.0],[1062692.814154812367633,475103.326660142512992,0.0],[1062692.758381897350773,475103.296462479396723,0.0],[1062692.704837996978313,475103.262419463018887,0.0],[1062692.653783971676603,475103.224696947610937,0.0],[1062692.605468551628292,475103.183478713443037,0.0],[1062692.560127124655992,475103.138965571532026,0.0],[1062692.517980589531362,475103.091374385519885,0.0],[1062692.479234280064702,475103.040937014855444,0.0],[1062692.444076964398846,475102.987899185449351,0.0],[1062692.412679925560951,475102.932519292051438,0.0],[1062692.38519612653181,475102.875067140092142,0.0],[1062692.361759465420619,475102.81582263065502,0.0],[1062692.34248412377201,475102.755074397020508,0.0],[1062692.327464008703828,475102.693118398368824,0.0],[1062692.316772297257558,475102.630256478267256,0.0],[1062692.310461077839136,475102.566794893704355,0.0],[1062692.308561098063365,475102.50304282293655,0.0]],[[1062693.173671786440536,475102.490352589054964,0.0],[1062696.370328071527183,475102.504893272474874,0.0]],[[1062693.173671786440536,475102.490352589054964,0.0],[1062689.97701550158672,475102.475811905635055,0.0]],[[1062693.237316057085991,475089.415181893098634,0.0],[1062693.158180374419317,475105.672930607979652,0.0]]]}},
{"type":"Feature","properties":{"fid":2338,"Layer":"HIDRANTES","PaperSpace":null,"SubClasses":"AcDbEntity:AcDbBlockReference","Linetype":null,"EntityHandle":"36D1","Text":null},"geometry":{"type":"MultiLineString","coordinates":[[[1062558.653682271251455,473460.138710605329834,0.0],[1062555.449725253041834,473460.296302925446071,0.0]],[[1062558.964178873458877,473466.591928256792016,0.0],[1062555.760221855249256,473466.749520576791838,0.0]],[[1062553.702572440961376,473465.34724661835935,0.0],[1062553.528741502435878,473461.73442485142732,0.0]],[[1062544.17670727125369,473463.132912920962553,0.0],[1062544.240034058690071,473463.132026634877548,0.0],[1062544.303266271483153,473463.135591252124868,0.0],[1062544.366095849080011,473463.143589406274259,0.0],[1062544.428216692060232,473463.155982131254859,0.0],[1062544.489326153881848,473463.172709050704725,0.0],[1062544.549126515630633,473463.193688672967255,0.0],[1062544.60732643562369,473463.218818787427153,0.0],[1062544.663642369676381,473463.247976962535176,0.0],[1062544.717799952719361,473463.281021142785903,0.0],[1062544.769535333616659,473463.317790340108331,0.0],[1062544.818596463417634,473463.358105418621562,0.0],[1062544.86474432121031,473463.401769967516884,0.0],[1062544.907754078973085,473463.448571257467847,0.0],[1062544.947416197974235,473463.498281277075876,0.0],[1062544.98353744763881,473463.550657844287343,0.0],[1062545.015941849676892,473463.605445785738993,0.0],[1062545.04447153233923,473463.662378180015367,0.0],[1062545.068987502716482,473463.721177658298984,0.0],[1062545.089370320551097,473463.781557755486574,0.0],[1062545.105520683340728,473463.843224305659533,0.0],[1062545.117359908064827,473463.905876875738613,0.0],[1062545.124830315122381,473463.969210228417069,0.0],[1062545.127895509591326,473464.032915810297709,0.0],[1062545.12654055794701,473464.096683254058007,0.0],[1062545.120772061403841,473464.160201891150791,0.0],[1062545.110618124017492,473464.22316226514522,0.0],[1062545.096128213917837,473464.2852576393052,0.0],[1062545.0773729251232,473464.346185491303913,0.0],[1062545.054443630855531,473464.405648986925371,0.0],[1062545.027452041162178,473464.4633584258263,0.0],[1062544.99652965599671,473464.519032653362956,0.0],[1062544.961827126098797,473464.572400430508424,0.0],[1062544.923513518180698,473464.623201754526235,0.0],[1062544.881775493267924,473464.67118912684964,0.0],[1062544.836816394003108,473464.71612875739811,0.0],[1062544.788855256978422,473464.757801705214661,0.0],[1062544.738125744275749,473464.796004943607841,0.0],[1062544.684875004692003,473464.830552350264043,0.0],[1062544.629362470237538,473464.861275613890029,0.0],[1062544.571858592797071,473464.888025053660385,0.0],[1062544.512643525144085,473464.91067034896696,0.0],[1062544.452005757717416,473464.929101174231619,0.0],[1062544.390240710694343,473464.943227736453991,0.0],[1062544.327649297891185,473464.952981212409213,0.0],[1062544.264536458300427,473464.958314083982259,0.0],[1062544.264536458300427,473464.958314083982259,0.0],[1062544.201209671096876,473464.95920037018368,0.0],[1062544.137977458303794,473464.955635752878152,0.0],[1062544.075147880474105,473464.947637598670553,0.0],[1062544.013027037726715,473464.935244873748161,0.0],[1062543.951917575672269,473464.918517954240087,0.0],[1062543.892117213923484,473464.897538331977557,0.0],[1062543.833917293930426,473464.872408217634074,0.0],[1062543.777601360110566,473464.843250042467844,0.0],[1062543.723443777300417,473464.810205862275325,0.0],[1062543.671708396170288,473464.773436664952897,0.0],[1062543.622647266369313,473464.733121586439665,0.0],[1062543.576499408576638,473464.689457037544344,0.0],[1062543.533489650581032,473464.642655747651588,0.0],[1062543.493827531812713,473464.592945727985352,0.0],[1062543.457706281915307,473464.540569160715677,0.0],[1062543.425301880110055,473464.485781219322234,0.0],[1062543.396772197447717,473464.428848824929446,0.0],[1062543.372256227303296,473464.370049346704036,0.0],[1062543.35187340923585,473464.309669249574654,0.0],[1062543.335723046446219,473464.248002699343488,0.0],[1062543.32388382172212,473464.185350129322615,0.0],[1062543.316413414664567,473464.122016776585951,0.0],[1062543.313348220195621,473464.058311194647104,0.0],[1062543.314703171839938,473463.994543751003221,0.0],[1062543.320471668383107,473463.931025113910437,0.0],[1062543.330625605769455,473463.868064739916008,0.0],[1062543.345115515869111,473463.80596936569782,0.0],[1062543.363870804663748,473463.745041513640899,0.0],[1062543.386800098931417,473463.685578018135857,0.0],[1062543.413791688391939,473463.627868579234928,0.0],[1062543.444714073790237,473463.572194351581857,0.0],[1062543.479416603920981,473463.518826574552804,0.0],[1062543.517730211373419,473463.468025250418577,0.0],[1062543.559468236286193,473463.420037878211588,0.0],[1062543.604427335551009,473463.375098247488495,0.0],[1062543.652388472575694,473463.333425299846567,0.0],[1062543.703117985278368,473463.295222061453387,0.0],[1062543.756368725094944,473463.260674654622562,0.0],[1062543.811881259316579,473463.229951391112991,0.0],[1062543.869385136989877,473463.203201951400843,0.0],[1062543.928600204410031,473463.180556656094268,0.0],[1062543.989237972302362,473463.162125830654986,0.0],[1062544.051003019092605,473463.147999268549029,0.0],[1062544.113594431662932,473463.138245792652015,0.0],[1062544.17670727125369,473463.132912920962553,0.0]],[[1062544.235062633641064,473464.002236938627902,0.0],[1062544.389777516247705,473467.217759439081419,0.0]],[[1062544.235062633641064,473464.002236938627902,0.0],[1062544.080347751034424,473460.786714438174386,0.0]],[[1062557.20311559480615,473463.364380206738133,0.0],[1062541.078557738568634,473464.157495241670404,0.0]]]}},
{"type":"Feature","properties":{"fid":3427,"Layer":"HIDRANTES","PaperSpace":null,"SubClasses":"AcDbEntity:AcDbBlockReference","Linetype":null,"EntityHandle":"4576","Text":null},"geometry":{"type":"MultiLineString","coordinates":[[[1062745.563509044004604,473356.565509532287251,0.0],[1062745.426158566493541,473353.338070819620043,0.0]],[[1062739.153960712021217,473356.844645412522368,0.0],[1062739.016610234510154,473353.617206699971575,0.0]],[[1062740.421277846209705,473351.552294998662546,0.0],[1062744.009651426691562,473351.39602130104322,0.0]],[[1062742.676867741625756,473341.970566137810238,0.0],[1062742.67736966512166,473342.034345456340816,0.0],[1062742.673452648334205,473342.098006386775523,0.0],[1062742.665135774062946,473342.161238779546693,0.0],[1062742.652459561824799,473342.223734572820831,0.0],[1062742.635485768318176,473342.285189293208532,0.0],[1062742.614297088468447,473342.345303539768793,0.0],[1062742.588996751699597,473342.403784441761672,0.0],[1062742.559708018088713,473342.460347086016554,0.0],[1062742.526573579525575,473342.51471590512665,0.0],[1062742.489754864247516,473342.566626019775867,0.0],[1062742.449431248707697,473342.615824528911617,0.0],[1062742.405799186090007,473342.662071742466651,0.0],[1062742.359071246581152,473342.705142348597292,0.0],[1062742.309475084533915,473342.744826511654537,0.0],[1062742.257252327632159,473342.780930894485209,0.0],[1062742.202657399699092,473342.81327959994087,0.0],[1062742.14595628157258,473342.841715028684121,0.0],[1062742.087425215635449,473342.866098645841703,0.0],[1062742.027349359123036,473342.88631165708648,0.0],[1062741.966021395754069,473342.902255586639512,0.0],[1062741.903740109177306,473342.913852757308632,0.0],[1062741.840808927780017,473342.921046668605413,0.0],[1062741.777534445282072,473342.923802272882313,0.0],[1062741.714224929455668,473342.922106144833378,0.0],[1062741.65118881710805,473342.915966547909193,0.0],[1062741.588733214186504,473342.905413393629715,0.0],[1062741.527162398444489,473342.890498095948715,0.0],[1062741.466776336310431,473342.871293320611585,0.0],[1062741.407869222806767,473342.847892631369177,0.0],[1062741.350728047080338,473342.820410033978987,0.0],[1062741.295631195418537,473342.788979421078693,0.0],[1062741.24284709431231,473342.753753919096198,0.0],[1062741.192632902646437,473342.714905143599026,0.0],[1062741.145233258605003,473342.672622361627873,0.0],[1062741.100879088742658,473342.627111570676789,0.0],[1062741.059786482015625,473342.578594494843856,0.0],[1062741.022155637154356,473342.52730750432238,0.0],[1062740.988169888500124,473342.473500464169774,0.0],[1062740.957994810771197,473342.417435516952537,0.0],[1062740.931777413701639,473342.359385805437341,0.0],[1062740.909645426552743,473342.299634142022114,0.0],[1062740.891706673894078,473342.238471630902495,0.0],[1062740.878048550803214,473342.176196249260101,0.0],[1062740.868737599113956,473342.113111397018656,0.0],[1062740.863819180289283,473342.049524416856002,0.0],[1062740.863819180289283,473342.049524416856002,0.0],[1062740.86331725679338,473341.985745098383632,0.0],[1062740.867234273813665,473341.922084167890716,0.0],[1062740.875551148084924,473341.858851775061339,0.0],[1062740.888227360555902,473341.796355981903616,0.0],[1062740.905201153829694,473341.7349012613995,0.0],[1062740.926389833679423,473341.674787014897447,0.0],[1062740.951690170681104,473341.616306112962775,0.0],[1062740.980978904291987,473341.559743468649685,0.0],[1062741.014113342622295,473341.505374649481382,0.0],[1062741.050932057900354,473341.453464534890372,0.0],[1062741.091255673207343,473341.404266025754623,0.0],[1062741.134887736290693,473341.358018812199589,0.0],[1062741.181615675799549,473341.314948205952533,0.0],[1062741.231211837381124,473341.275264043011703,0.0],[1062741.283434594515711,473341.239159660239238,0.0],[1062741.338029522448778,473341.206810954608954,0.0],[1062741.39473064057529,473341.178375526040327,0.0],[1062741.453261706512421,473341.153991908824537,0.0],[1062741.513337562792003,473341.133778897579759,0.0],[1062741.57466552616097,473341.117834968026727,0.0],[1062741.636946813203394,473341.106237797415815,0.0],[1062741.699877994600683,473341.099043886002619,0.0],[1062741.763152476865798,473341.096288281783927,0.0],[1062741.826461992925033,473341.097984409832861,0.0],[1062741.889498105272651,473341.104124006698839,0.0],[1062741.951953707728535,473341.11467716092011,0.0],[1062742.013524523703381,473341.129592458717525,0.0],[1062742.073910585837439,473341.148797234054655,0.0],[1062742.132817699573934,473341.17219792335527,0.0],[1062742.189958875300363,473341.199680520570837,0.0],[1062742.245055726729333,473341.231111133587547,0.0],[1062742.297839827602729,473341.266336635453627,0.0],[1062742.348054019501433,473341.305185410950799,0.0],[1062742.395453663775697,473341.347468192921951,0.0],[1062742.439807833405212,473341.392978983989451,0.0],[1062742.480900440365076,473341.441496059822384,0.0],[1062742.518531284993514,473341.492783050402068,0.0],[1062742.552517033647746,473341.546590090496466,0.0],[1062742.582692111376673,473341.602655037597287,0.0],[1062742.608909508213401,473341.660704749112483,0.0],[1062742.631041495595127,473341.72045641252771,0.0],[1062742.648980248486623,473341.781618923821952,0.0],[1062742.662638371577486,473341.843894305347931,0.0],[1062742.671949323266745,473341.906979157647584,0.0],[1062742.676867741625756,473341.970566137810238,0.0]],[[1062741.813327808864415,473342.024813747906592,0.0],[1062738.619564946508035,473342.163902145577595,0.0]],[[1062741.813327808864415,473342.024813747906592,0.0],[1062745.007090671686456,473341.885725350060966,0.0]],[[1062742.369255449390039,473355.087909138004761,0.0],[1062741.678011557320133,473338.845174933434464,0.0]]]}},
{"type":"Feature","properties":{"fid":2347,"Layer":"HIDRANTES","PaperSpace":null,"SubClasses":"AcDbEntity:AcDbBlockReference","Linetype":null,"EntityHandle":"36FA","Text":null},"geometry":{"type":"MultiLineString","coordinates":[[[1062914.85856874473393,473363.778924954822287,0.0],[1062911.654611726524308,473363.936517274938524,0.0]],[[1062915.169065346941352,473370.232142606284469,0.0],[1062911.965108328731731,473370.389734926284291,0.0]],[[1062909.907458914676681,473368.987460967851803,0.0],[1062909.733627975685522,473365.374639200861566,0.0]],[[1062900.381593744968995,473366.773127270396799,0.0],[1062900.444920532172546,473366.772240984370001,0.0],[1062900.508152744732797,473366.775805601617321,0.0],[1062900.570982322329655,473366.783803755766712,0.0],[1062900.633103165542707,473366.796196480747312,0.0],[1062900.694212627364323,473366.81292340013897,0.0],[1062900.754012989113107,473366.833903022459708,0.0],[1062900.812212908873335,473366.859033136919606,0.0],[1062900.868528843391687,473366.888191311969422,0.0],[1062900.922686425969005,473366.921235492278356,0.0],[1062900.974421806866303,473366.958004689600784,0.0],[1062901.023482936900109,473366.998319768114015,0.0],[1062901.069630794692785,473367.04198431695113,0.0],[1062901.112640552455559,473367.088785606902093,0.0],[1062901.152302671223879,473367.138495626568329,0.0],[1062901.188423921354115,473367.190872193779796,0.0],[1062901.220828323159367,473367.245660135231446,0.0],[1062901.249358006054536,473367.30259252950782,0.0],[1062901.273873975966126,473367.361392007849645,0.0],[1062901.294256793800741,473367.421772104979027,0.0],[1062901.310407156590372,473367.483438655151986,0.0],[1062901.322246381547302,473367.546091225172859,0.0],[1062901.329716788604856,473367.609424577909522,0.0],[1062901.33278198284097,473367.673130159790162,0.0],[1062901.331427031196654,473367.73689760355046,0.0],[1062901.325658535119146,473367.800416240643244,0.0],[1062901.315504597267136,473367.863376614637673,0.0],[1062901.301014687167481,473367.925471988797653,0.0],[1062901.282259398372844,473367.986399840796366,0.0],[1062901.259330104570836,473368.045863336417824,0.0],[1062901.232338514644653,473368.103572775260545,0.0],[1062901.201416129246354,473368.159247002855409,0.0],[1062901.166713599348441,473368.212614779942669,0.0],[1062901.128399991663173,473368.263416104018688,0.0],[1062901.086661966750398,473368.311403476283886,0.0],[1062901.041702867718413,473368.356343106890563,0.0],[1062900.993741730693728,473368.398016054648906,0.0],[1062900.943012217758223,473368.436219293100294,0.0],[1062900.889761477941647,473368.470766699756496,0.0],[1062900.834248943720013,473368.501489963382483,0.0],[1062900.776745066046715,473368.528239403152838,0.0],[1062900.717529998393729,473368.550884698401205,0.0],[1062900.65689223096706,473368.569315523724072,0.0],[1062900.595127184176818,473368.583442085946444,0.0],[1062900.532535771140829,473368.593195561901666,0.0],[1062900.469422931550071,473368.598528433474712,0.0],[1062900.469422931550071,473368.598528433474712,0.0],[1062900.406096144579351,473368.599414719676133,0.0],[1062900.342863931553438,473368.595850102370605,0.0],[1062900.280034354189411,473368.587851948104799,0.0],[1062900.217913510976359,473368.575459223240614,0.0],[1062900.156804049154744,473368.55873230373254,0.0],[1062900.097003687638789,473368.53775268147001,0.0],[1062900.038803767645732,473368.51262256706832,0.0],[1062899.982487833593041,473368.483464391960297,0.0],[1062899.928330250782892,473368.450420211767778,0.0],[1062899.876594869419932,473368.41365101444535,0.0],[1062899.827533739618957,473368.373335935873911,0.0],[1062899.781385881826282,473368.329671387036797,0.0],[1062899.738376123830676,473368.282870097144041,0.0],[1062899.698714005062357,473368.233160077477805,0.0],[1062899.662592755164951,473368.180783510266338,0.0],[1062899.630188353359699,473368.12599556875648,0.0],[1062899.601658670697361,473368.069063174363691,0.0],[1062899.577142700785771,473368.010263696196489,0.0],[1062899.556759882485494,473367.949883599008899,0.0],[1062899.540609519928694,473367.888217048777733,0.0],[1062899.528770295204595,473367.825564478815068,0.0],[1062899.521299888147041,473367.762231126078404,0.0],[1062899.518234693445265,473367.698525544081349,0.0],[1062899.519589645322412,473367.634758100437466,0.0],[1062899.525358141632751,473367.57123946340289,0.0],[1062899.53551207925193,473367.508279089408461,0.0],[1062899.550001989351586,473367.44618371524848,0.0],[1062899.568757278146222,473367.385255863075145,0.0],[1062899.591686572181061,473367.32579236762831,0.0],[1062899.618678162107244,473367.268082928727381,0.0],[1062899.649600547272712,473367.21240870107431,0.0],[1062899.684303077403456,473367.159040924045257,0.0],[1062899.722616684855893,473367.108239599852823,0.0],[1062899.764354709768668,473367.060252227704041,0.0],[1062899.809313809033483,473367.015312596980948,0.0],[1062899.857274945825338,473366.97363964933902,0.0],[1062899.908004458760843,473366.93543641094584,0.0],[1062899.961255198344588,473366.900889004115015,0.0],[1062900.016767732799053,473366.870165740605444,0.0],[1062900.074271610239521,473366.843416300893296,0.0],[1062900.133486677892506,473366.820771005586721,0.0],[1062900.194124445784837,473366.802340180147439,0.0],[1062900.255889492342249,473366.788213618041482,0.0],[1062900.318480905145407,473366.778460142144468,0.0],[1062900.381593744968995,473366.773127270396799,0.0]],[[1062900.439949107123539,473367.642451288120355,0.0],[1062900.594663989497349,473370.857973788573872,0.0]],[[1062900.439949107123539,473367.642451288120355,0.0],[1062900.285234224284068,473364.426928787666839,0.0]],[[1062913.408002068055794,473367.004594556230586,0.0],[1062897.283444211818278,473367.797709591162857,0.0]]]}},
{"type":"Feature","properties":{"fid":2476,"Layer":"HIDRANTES","PaperSpace":null,"SubClasses":"AcDbEntity:AcDbBlockReference","Linetype":null,"EntityHandle":"38B6","Text":null},"geometry":{"type":"MultiLineString","coordinates":[[[1062916.197045009816065,473702.037257684976794,0.0],[1062916.352293311152607,473705.263866510707885,0.0]],[[1062922.604959046235308,473701.722073044802528,0.0],[1062922.760207347339019,473704.948681870591827,0.0]],[[1062921.367010812275112,473707.021458174102008,0.0],[1062917.779552189167589,473707.197913702169899,0.0]],[[1062919.164592390647158,473716.615704644529615,0.0],[1062919.163736748043448,473716.551929281558841,0.0],[1062919.167300643166527,473716.488247447821777,0.0],[1062919.175266712903976,473716.424969395040534,0.0],[1062919.187596147647128,473716.362403407576494,0.0],[1062919.204228878952563,473716.300854300381616,0.0],[1062919.225083874771371,473716.240621934528463,0.0],[1062919.250059531070292,473716.181999756372534,0.0],[1062919.279034169390798,473716.125273366924375,0.0],[1062919.311866627540439,473716.070719131559599,0.0],[1062919.348396949935704,473716.018602833210025,0.0],[1062919.388447163393721,473715.969178376893979,0.0],[1062919.431822148384526,473715.922686553967651,0.0],[1062919.478310585953295,473715.879353867610916,0.0],[1062919.527685989160091,473715.83939143049065,0.0],[1062919.579707805532962,473715.802993935649283,0.0],[1062919.63412259076722,473715.770338707836345,0.0],[1062919.690665240865201,473715.741584840056021,0.0],[1062919.749060285976157,473715.716872418299317,0.0],[1062919.80902323150076,473715.696321839175653,0.0],[1062919.870261943899095,473715.680033222772181,0.0],[1062919.932478073984385,473715.668085925863124,0.0],[1062919.995368511416018,473715.660538154072128,0.0],[1062920.058626860147342,473715.657426679856144,0.0],[1062920.121944931568578,473715.658766661596019,0.0],[1062920.185014246962965,473715.664551571360789,0.0],[1062920.247527538565919,473715.674753225466702,0.0],[1062920.309180248295888,473715.689321922545787,0.0],[1062920.36967201018706,473715.708186685398687,0.0],[1062920.428708113962784,473715.731255606631748,0.0],[1062920.486000942299142,473715.758416296972428,0.0],[1062920.54127136990428,473715.789536432246678,0.0],[1062920.594250125344843,473715.82446439814521,0.0],[1062920.644679100485519,473715.863030029286165,0.0],[1062920.692312611732632,473715.905045437626541,0.0],[1062920.73691859212704,473715.950305928417947,0.0],[1062920.778279726859182,473715.998590997187421,0.0],[1062920.816194507526234,473716.049665403726976,0.0],[1062920.850478217937052,473716.10328031895915,0.0],[1062920.880963831441477,473716.159174535947386,0.0],[1062920.90750282490626,473716.217075744119938,0.0],[1062920.929965902818367,473716.27670185448369,0.0],[1062920.9482436273247,473716.33776237454731,0.0],[1062920.962246951414272,473716.399959823640529,0.0],[1062920.971907652681693,473716.462991182052065,0.0],[1062920.977178664179519,473716.526549367292318,0.0],[1062920.977178664179519,473716.526549367292318,0.0],[1062920.97803430701606,473716.590324730379507,0.0],[1062920.97447041166015,473716.654006564000156,0.0],[1062920.966504342155531,473716.717284616839606,0.0],[1062920.95417490741238,473716.77985060447827,0.0],[1062920.937542175874114,473716.841399711673148,0.0],[1062920.916687180288136,473716.901632077351678,0.0],[1062920.891711523756385,473716.96025425568223,0.0],[1062920.86273688566871,473717.016980645013973,0.0],[1062920.829904427519068,473717.071534880378749,0.0],[1062920.793374105123803,473717.123651178786531,0.0],[1062920.753323891432956,473717.173075634986162,0.0],[1062920.70994890644215,473717.21956745791249,0.0],[1062920.663460469106212,473717.262900144211017,0.0],[1062920.614085065899417,473717.302862581389491,0.0],[1062920.562063249526545,473717.339260076230858,0.0],[1062920.507648464292288,473717.371915304043796,0.0],[1062920.451105814194307,473717.40066917182412,0.0],[1062920.39271076885052,473717.425381593522616,0.0],[1062920.332747823558748,473717.44593217264628,0.0],[1062920.271509111160412,473717.462220789166167,0.0],[1062920.209292981075123,473717.474168086191639,0.0],[1062920.146402543643489,473717.481715857749805,0.0],[1062920.083144194912165,473717.484827332082205,0.0],[1062920.01982612349093,473717.483487350225914,0.0],[1062919.956756807863712,473717.477702440519352,0.0],[1062919.894243516260758,473717.467500786355231,0.0],[1062919.832590806763619,473717.452932089334354,0.0],[1062919.772099044872448,473717.434067326481454,0.0],[1062919.713062940863892,473717.410998405190185,0.0],[1062919.655770112760365,473717.383837714849506,0.0],[1062919.600499685155228,473717.352717579691671,0.0],[1062919.547520929714665,473717.317789613734931,0.0],[1062919.497091954341158,473717.279223982710391,0.0],[1062919.449458443326876,473717.237208574195392,0.0],[1062919.404852462932467,473717.191948083462194,0.0],[1062919.363491328200325,473717.14366301469272,0.0],[1062919.325576547533274,473717.092588608153164,0.0],[1062919.291292836889625,473717.038973693095613,0.0],[1062919.2608072233852,473716.983079475874547,0.0],[1062919.234268230153248,473716.925178267760202,0.0],[1062919.211805152241141,473716.865552157396451,0.0],[1062919.193527427734807,473716.804491637332831,0.0],[1062919.179524103645235,473716.742294188239612,0.0],[1062919.169863402377814,473716.679262829828076,0.0],[1062919.164592390647158,473716.615704644529615,0.0]],[[1062920.027819850249216,473716.556600584590342,0.0],[1062923.220768372761086,473716.399549736990593,0.0]],[[1062920.027819850249216,473716.556600584590342,0.0],[1062916.834871327970177,473716.71365143219009,0.0]],[[1062919.399450561730191,473703.496864171174821,0.0],[1062920.180768850492314,473719.735421803081408,0.0]]]}},
{"type":"Feature","properties":{"fid":3679,"Layer":"HIDRANTES","PaperSpace":null,"SubClasses":"AcDbEntity:AcDbBlockReference","Linetype":null,"EntityHandle":"4926","Text":null},"geometry":{"type":"MultiLineString","coordinates":[[[1063449.115760946180671,473510.794525622855872,0.0],[1063447.996017223224044,473507.7677216733573,0.0]],[[1063443.103900467045605,473513.052221532678232,0.0],[1063441.984156744321808,473510.02541758317966,0.0]],[[1063442.687603632453829,473507.624958119122311,0.0],[1063446.053332416340709,473506.360991309513338,0.0]],[[1063441.896926196292043,473497.811052896082401,0.0],[1063441.916949512204155,473497.871554993907921,0.0],[1063441.93273280793801,473497.933317995513789,0.0],[1063441.944199188612401,473497.996040997793898,0.0],[1063441.951292791636661,473498.059418420656584,0.0],[1063441.953979057725519,473498.123141495452728,0.0],[1063441.952244898770005,473498.18689976981841,0.0],[1063441.946098764427006,473498.250382620026357,0.0],[1063441.935570597648621,473498.313280763977673,0.0],[1063441.920711690792814,473498.375287767907139,0.0],[1063441.901594434631988,473498.43610154039925,0.0],[1063441.87831196654588,473498.495425802655518,0.0],[1063441.850977716268972,473498.552971532626543,0.0],[1063441.8197248543147,473498.608458373695612,0.0],[1063441.784705640748143,473498.661615999182686,0.0],[1063441.746090685715899,473498.71218543080613,0.0],[1063441.704068117775023,473498.759920299227815,0.0],[1063441.658842666074634,473498.804588044818956,0.0],[1063441.610634664772078,473498.845971051021479,0.0],[1063441.559678978519514,473498.883867703902069,0.0],[1063441.506223858334124,473498.918093374813907,0.0],[1063441.450529731810093,473498.948481319705024,0.0],[1063441.392867935821414,473498.974883491639048,0.0],[1063441.333519391948357,473498.997171261755284,0.0],[1063441.272773240925744,473499.015236046398059,0.0],[1063441.210925431922078,473499.028989835700486,0.0],[1063441.148277280852199,473499.038365622458514,0.0],[1063441.085134003544226,473499.04331772896694,0.0],[1063441.021803227486089,473499.043822029023431,0.0],[1063440.95859349379316,473499.039876065740827,0.0],[1063440.895812754286453,473499.031499063363299,0.0],[1063440.833766870433465,473499.018731833784841,0.0],[1063440.772758122999221,473499.001636577828322,0.0],[1063440.713083741022274,473498.980296581750736,0.0],[1063440.65503445174545,473498.954815811943263,0.0],[1063440.598893065471202,473498.925318408000749,0.0],[1063440.544933097902685,473498.891948078526184,0.0],[1063440.493417436024174,473498.854867400135845,0.0],[1063440.444597058929503,473498.814257026417181,0.0],[1063440.398709814995527,473498.770314807072282,0.0],[1063440.355979262152687,473498.723254823882598,0.0],[1063440.316613579168916,473498.673306348442566,0.0],[1063440.28080455167219,473498.620712724921759,0.0],[1063440.248726638033986,473498.565730183967389,0.0],[1063440.220536118140444,473498.508626595081296,0.0],[1063440.196370333665982,473498.449680161138531,0.0],[1063440.196370333665982,473498.449680161138531,0.0],[1063440.176347017753869,473498.389178063313011,0.0],[1063440.160563722020015,473498.327415061648935,0.0],[1063440.149097341112792,473498.264692059368826,0.0],[1063440.142003738088533,473498.201314636622556,0.0],[1063440.139317472232506,473498.137591561826412,0.0],[1063440.141051630955189,473498.073833287286106,0.0],[1063440.147197765298188,473498.010350437136367,0.0],[1063440.157725932076573,473497.947452293301467,0.0],[1063440.17258483893238,473497.885445289197378,0.0],[1063440.191702095558867,473497.824631516821682,0.0],[1063440.214984563412145,473497.765307254623622,0.0],[1063440.242318813456222,473497.707761524536181,0.0],[1063440.273571675410494,473497.65227468352532,0.0],[1063440.308590889209881,473497.599117057921831,0.0],[1063440.347205844009295,473497.54854762647301,0.0],[1063440.389228412415832,473497.500812758051325,0.0],[1063440.434453863883391,473497.456145012460183,0.0],[1063440.482661864953116,473497.414762006199453,0.0],[1063440.53361755120568,473497.376865353260655,0.0],[1063440.58707267139107,473497.34263968229061,0.0],[1063440.642766797915101,473497.312251737399492,0.0],[1063440.700428594136611,473497.285849565640092,0.0],[1063440.759777138009667,473497.263561795407441,0.0],[1063440.82052328879945,473497.245497010764666,0.0],[1063440.882371098035946,473497.231743221578654,0.0],[1063440.945019249105826,473497.222367434820626,0.0],[1063441.008162526413798,473497.217415328253992,0.0],[1063441.071493302239105,473497.216911028255709,0.0],[1063441.134703036164865,473497.220856991538312,0.0],[1063441.197483775671571,473497.229233993915841,0.0],[1063441.259529659291729,473497.242001223377883,0.0],[1063441.320538406725973,473497.259096479334403,0.0],[1063441.38021278870292,473497.280436475411989,0.0],[1063441.438262077979743,473497.305917245277669,0.0],[1063441.494403464253992,473497.335414649278391,0.0],[1063441.548363431822509,473497.368784978694748,0.0],[1063441.599879093933851,473497.405865656968672,0.0],[1063441.648699470795691,473497.446476030687336,0.0],[1063441.694586714729667,473497.490418250206858,0.0],[1063441.737317267572507,473497.537478233396541,0.0],[1063441.776682950789109,473497.587426708661951,0.0],[1063441.812491978053004,473497.640020332299173,0.0],[1063441.844569891924039,473497.695002873253543,0.0],[1063441.87276041181758,473497.752106462081429,0.0],[1063441.896926196292043,473497.811052896082401,0.0]],[[1063441.092065234901384,473498.131051839271095,0.0],[1063438.096463089808822,473499.256021178502124,0.0]],[[1063441.092065234901384,473498.131051839271095,0.0],[1063444.087667380226776,473497.006082499981858,0.0]],[[1063445.624240859411657,473510.38207571284147,0.0],[1063439.988905447768047,473495.149076292116661,0.0]]]}},
{"type":"Feature","properties":{"fid":3420,"Layer":"HIDRANTES","PaperSpace":null,"SubClasses":"AcDbEntity:AcDbBlockReference","Linetype":null,"EntityHandle":"453A","Text":null},"geometry":{"type":"MultiLineString","coordinates":[[[1063385.199386936146766,473666.086909195873886,0.0],[1063381.995429917937145,473666.244501515990123,0.0]],[[1063385.509883538354188,473672.540126847336069,0.0],[1063382.305926520144567,473672.69771916733589,0.0]],[[1063380.248277105856687,473671.295445208903402,0.0],[1063380.074446167098358,473667.682623441971373,0.0]],[[1063370.722411936149001,473669.081111511506606,0.0],[1063370.785738723352551,473669.0802252254216,0.0],[1063370.848970936378464,473669.083789842668921,0.0],[1063370.911800513975322,473669.091787996818312,0.0],[1063370.973921356955543,473669.104180721798912,0.0],[1063371.035030818777159,473669.12090764119057,0.0],[1063371.094831180525944,473669.141887263511308,0.0],[1063371.153031100286171,473669.167017377971206,0.0],[1063371.209347034571692,473669.196175553079229,0.0],[1063371.263504617614672,473669.229219733329955,0.0],[1063371.31523999851197,473669.265988930652384,0.0],[1063371.364301128312945,473669.306304009165615,0.0],[1063371.410448986105621,473669.349968558060937,0.0],[1063371.453458743868396,473669.396769847953692,0.0],[1063371.493120862869546,473669.446479867619928,0.0],[1063371.529242112534121,473669.498856434831396,0.0],[1063371.561646514572203,473669.553644376283046,0.0],[1063371.590176197234541,473669.610576770559419,0.0],[1063371.614692167611793,473669.669376248901244,0.0],[1063371.635074985213578,473669.729756346030626,0.0],[1063371.651225348236039,473669.791422896203585,0.0],[1063371.663064572727308,473669.854075466282666,0.0],[1063371.670534979784861,473669.917408818961121,0.0],[1063371.673600174253806,473669.981114400841761,0.0],[1063371.672245222842321,473670.04488184460206,0.0],[1063371.666476726299152,473670.108400481694844,0.0],[1063371.656322788912803,473670.171360855689272,0.0],[1063371.641832878813148,473670.233456229849253,0.0],[1063371.623077590018511,473670.294384081847966,0.0],[1063371.600148295750841,473670.353847577469423,0.0],[1063371.573156706057489,473670.411557016312145,0.0],[1063371.542234320892021,473670.467231243907008,0.0],[1063371.507531790994108,473670.520599020994268,0.0],[1063371.469218183076009,473670.571400345070288,0.0],[1063371.427480157930404,473670.619387717335485,0.0],[1063371.382521058898419,473670.664327347942162,0.0],[1063371.334559921873733,473670.706000295758713,0.0],[1063371.28383040917106,473670.744203534151893,0.0],[1063371.230579669354483,473670.778750940808095,0.0],[1063371.175067135132849,473670.809474204434082,0.0],[1063371.117563257692382,473670.836223644204438,0.0],[1063371.058348190039396,473670.858868939511012,0.0],[1063370.997710422379896,473670.877299764775671,0.0],[1063370.935945375356823,473670.891426326998044,0.0],[1063370.873353962786496,473670.901179803011473,0.0],[1063370.810241123195738,473670.906512674526311,0.0],[1063370.810241123195738,473670.906512674526311,0.0],[1063370.746914335992187,473670.907398960727733,0.0],[1063370.683682123199105,473670.903834343422204,0.0],[1063370.620852545369416,473670.895836189156398,0.0],[1063370.558731702622026,473670.883443464292213,0.0],[1063370.49762224056758,473670.86671654478414,0.0],[1063370.437821878818795,473670.84573692252161,0.0],[1063370.379621958825737,473670.820606808119919,0.0],[1063370.323306025005877,473670.791448633011896,0.0],[1063370.269148442195728,473670.758404452819377,0.0],[1063370.217413061065599,473670.721635255496949,0.0],[1063370.168351931264624,473670.68132017692551,0.0],[1063370.122204073471949,473670.637655628088396,0.0],[1063370.079194315476343,473670.590854338195641,0.0],[1063370.039532196708024,473670.541144318529405,0.0],[1063370.003410946810618,473670.488767751317937,0.0],[1063369.971006545005366,473670.433979809808079,0.0],[1063369.942476862110198,473670.377047415415291,0.0],[1063369.917960891965777,473670.318247937248088,0.0],[1063369.897578074131161,473670.257867840118706,0.0],[1063369.88142771134153,473670.19620128988754,0.0],[1063369.869588486617431,473670.133548719866667,0.0],[1063369.862118079559878,473670.070215367130004,0.0],[1063369.859052885090932,473670.006509785132948,0.0],[1063369.860407836735249,473669.942742341489065,0.0],[1063369.866176333045587,473669.879223704454489,0.0],[1063369.876330270664766,473669.81626333046006,0.0],[1063369.890820180764422,473669.75416795630008,0.0],[1063369.909575469559059,473669.693240104126744,0.0],[1063369.932504763593897,473669.633776608679909,0.0],[1063369.95949635328725,473669.57606716977898,0.0],[1063369.990418738685548,473669.520392942184117,0.0],[1063370.025121268583462,473669.467025165096857,0.0],[1063370.06343487626873,473669.416223840904422,0.0],[1063370.105172901181504,473669.36823646875564,0.0],[1063370.15013200044632,473669.323296838032547,0.0],[1063370.198093137471005,473669.28162389039062,0.0],[1063370.248822650173679,473669.24342065199744,0.0],[1063370.302073389990255,473669.208873245166615,0.0],[1063370.35758592421189,473669.178149981657043,0.0],[1063370.415089801885188,473669.151400541944895,0.0],[1063370.474304869305342,473669.12875524663832,0.0],[1063370.534942637197673,473669.110324421199039,0.0],[1063370.596707683987916,473669.096197859093081,0.0],[1063370.659299096558243,473669.086444383196067,0.0],[1063370.722411936149001,473669.081111511506606,0.0]],[[1063370.780767298536375,473669.950435529171955,0.0],[1063370.935482181143016,473673.165958029625472,0.0]],[[1063370.780767298536375,473669.950435529171955,0.0],[1063370.626052415929735,473666.734913028718438,0.0]],[[1063383.748820259701461,473669.312578797282185,0.0],[1063367.624262403463945,473670.105693832214456,0.0]]]}},
{"type":"Feature","properties":{"fid":4871,"Layer":"HIDRANTES","PaperSpace":null,"SubClasses":"AcDbEntity:AcDbBlockReference","Linetype":null,"EntityHandle":"6682","Text":null},"geometry":{"type":"MultiLineString","coordinates":[[[1063583.540366750676185,473397.186633350152988,0.0],[1063580.342040754854679,473397.434875241247937,0.0]],[[1063584.030890696449205,473403.62843925121706,0.0],[1063580.83256470086053,473403.876681142312009,0.0]],[[1063578.736560721416026,473402.533234836300835,0.0],[1063578.461941812885925,473398.926801916211843,0.0]],[[1063569.152542722644284,473400.58950601099059,0.0],[1063569.215820423327386,473400.586827114690095,0.0],[1063569.279127836925909,473400.588599991984665,0.0],[1063569.342156535480171,473400.594816005614121,0.0],[1063569.40459945006296,473400.605444871587679,0.0],[1063569.466152364620939,473400.620434807322454,0.0],[1063569.526515399804339,473400.639712783391587,0.0],[1063569.585394473047927,473400.663184879114851,0.0],[1063569.642502731177956,473400.690736741235014,0.0],[1063569.697561948560178,473400.722234139568172,0.0],[1063569.750303882174194,473400.75752362201456,0.0],[1063569.800471578724682,473400.796433261770289,0.0],[1063569.847820626571774,473400.838773495110217,0.0],[1063569.892120345262811,473400.88433804444503,0.0],[1063569.933154911734164,473400.93290492403321,0.0],[1063569.970724408980459,473400.98423752078088,0.0],[1063570.004645802313462,473401.038085747568402,0.0],[1063570.034753830404952,473401.094187261187471,0.0],[1063570.060901809949428,473401.152268740697764,0.0],[1063570.082962350687012,473401.212047219101805,0.0],[1063570.100827975664288,473401.273231461353134,0.0],[1063570.114411645103246,473401.335523384332191,0.0],[1063570.12364718131721,473401.39861950778868,0.0],[1063570.128489589318633,473401.462212433863897,0.0],[1063570.128915277775377,473401.525992344308179,0.0],[1063570.124922172399238,473401.589648509572726,0.0],[1063570.116529727121815,473401.652870803372934,0.0],[1063570.103778829332441,473401.715351213060785,0.0],[1063570.086731600342318,473401.776785340276547,0.0],[1063570.06547109154053,473401.836873884196393,0.0],[1063570.040100883459672,473401.895324099459685,0.0],[1063570.010744576109573,473401.951851222489495,0.0],[1063569.977545190602541,473402.006179858872201,0.0],[1063569.940664471592754,473402.058045324869454,0.0],[1063569.900282097747549,473402.107194937125314,0.0],[1063569.856594807934016,473402.153389243700076,0.0],[1063569.809815442655236,473402.196403190609999,0.0],[1063569.760171905858442,473402.236027218285017,0.0],[1063569.707906055497006,473402.272068282414693,0.0],[1063569.653272526338696,473402.304350794351194,0.0],[1063569.596537487115711,473402.332717477169354,0.0],[1063569.537977345054969,473402.357030131330248,0.0],[1063569.477877399884164,473402.377170307794586,0.0],[1063569.416530451970175,473402.393039885617327,0.0],[1063569.354235377395526,473402.404561549948994,0.0],[1063569.291295671835542,473402.411679168464616,0.0],[1063569.291295671835542,473402.411679168464616,0.0],[1063569.22801797115244,473402.414358064706903,0.0],[1063569.164710557553917,473402.412585187412333,0.0],[1063569.101681858766824,473402.406369173841085,0.0],[1063569.039238944416866,473402.395740307692904,0.0],[1063568.977686029626057,473402.380750371958129,0.0],[1063568.917322994442657,473402.361472396063618,0.0],[1063568.858443921199068,473402.338000300107524,0.0],[1063568.80133566330187,473402.310448438161984,0.0],[1063568.746276445686817,473402.278951039828826,0.0],[1063568.693534512072802,473402.243661557324231,0.0],[1063568.643366815522313,473402.204751917626709,0.0],[1063568.596017767675221,473402.162411684286781,0.0],[1063568.551718048984185,473402.116847135010175,0.0],[1063568.510683482745662,473402.068280255421996,0.0],[1063568.473113985499367,473402.016947658674326,0.0],[1063568.439192591933534,473401.963099431886803,0.0],[1063568.409084564074874,473401.906997918209527,0.0],[1063568.382936584297568,473401.848916438757442,0.0],[1063568.360876043559983,473401.789137960353401,0.0],[1063568.343010418815538,473401.727953717927448,0.0],[1063568.329426748910919,473401.665661795064807,0.0],[1063568.320191212929785,473401.602565671608318,0.0],[1063568.315348804695532,473401.538972745533101,0.0],[1063568.314923116704449,473401.475192835147027,0.0],[1063568.318916221847758,473401.411536669824272,0.0],[1063568.32730866712518,473401.348314375965856,0.0],[1063568.340059565147385,473401.285833966336213,0.0],[1063568.357106794137508,473401.224399839004036,0.0],[1063568.378367302473634,473401.164311295142397,0.0],[1063568.403737511020154,473401.105861079820897,0.0],[1063568.433093818370253,473401.049333956791088,0.0],[1063568.466293203644454,473400.995005320583005,0.0],[1063568.503173922887072,473400.943139854527544,0.0],[1063568.543556296499446,473400.893990242329892,0.0],[1063568.587243586312979,473400.847795935580507,0.0],[1063568.634022951824591,473400.804781988670584,0.0],[1063568.683666488854215,473400.765157961111981,0.0],[1063568.73593233874999,473400.729116897040512,0.0],[1063568.790565867908299,473400.696834384929389,0.0],[1063568.847300907131284,473400.668467702111229,0.0],[1063568.905861048959196,473400.644155048124958,0.0],[1063568.965960994362831,473400.62401487166062,0.0],[1063569.027307942509651,473400.608145293837879,0.0],[1063569.089603016618639,473400.596623629331589,0.0],[1063569.152542722644284,473400.58950601099059,0.0]],[[1063569.235143523197621,473401.456824779976159,0.0],[1063569.479562798980623,473404.666661010123789,0.0]],[[1063569.235143523197621,473401.456824779976159,0.0],[1063568.990724247414619,473398.246988549828529,0.0]],[[1063582.180404855404049,473400.452062864496838,0.0],[1063566.084186252672225,473401.701390090864152,0.0]]]}},
{"type":"Feature","properties":{"fid":2420,"Layer":"HIDRANTES","PaperSpace":null,"SubClasses":"AcDbEntity:AcDbBlockReference","Linetype":null,"EntityHandle":"3807","Text":null},"geometry":{"type":"MultiLineString","coordinates":[[[1062993.139380831969902,473608.152789799263701,0.0],[1062993.242581989848986,473611.381532223604154,0.0]],[[1062999.551491913851351,473607.942435716162436,0.0],[1062999.654693071264774,473611.171178140619304,0.0]],[[1062998.228267590049654,473613.220910666685086,0.0],[1062994.638459258945659,473613.33867700456176,0.0]],[[1062995.871456118067726,473622.777935226331465,0.0],[1062995.871628904948011,473622.71415388036985,0.0],[1062995.876219111029059,473622.650538326182868,0.0],[1062995.885204373160377,473622.587398492614739,0.0],[1062995.898540916154161,473622.525041990622412,0.0],[1062995.916163766058162,473622.463772614602931,0.0],[1062995.937987065641209,473622.403888862987515,0.0],[1062995.963904494186863,473622.345682483166456,0.0],[1062995.993789784610271,473622.289437051047571,0.0],[1062996.027497338596731,473622.235426588449627,0.0],[1062996.064862936735153,473622.183914229215588,0.0],[1062996.105704536894336,473622.135150936141144,0.0],[1062996.149823163636029,473622.089374279195908,0.0],[1062996.19700387539342,473622.046807277656626,0.0],[1062996.247016811743379,473622.007657313486561,0.0],[1062996.29961831541732,473621.972115121723618,0.0],[1062996.354552116943523,473621.940353859972674,0.0],[1062996.411550584249198,473621.912528266257141,0.0],[1062996.470336026744917,473621.888773903832771,0.0],[1062996.530622047837824,473621.869206501694862,0.0],[1062996.592114939121529,473621.853921390254982,0.0],[1062996.654515114612877,473621.842993036843836,0.0],[1062996.717518566409126,473621.836474683601409,0.0],[1062996.78081834805198,473621.834398087055888,0.0],[1062996.844106069067493,473621.836773364339024,0.0],[1062996.907073398586363,473621.84358894318575,0.0],[1062996.969413565471768,473621.854811618919484,0.0],[1062997.030822855420411,473621.870386715687346,0.0],[1062997.091002088272944,473621.890238353225868,0.0],[1062997.14965807669796,473621.914269816421438,0.0],[1062997.206505054607987,473621.942364026210271,0.0],[1062997.261266069253907,473621.974384110595565,0.0],[1062997.313674330711365,473622.010174071067013,0.0],[1062997.363474511075765,473622.049559542210773,0.0],[1062997.410423988709226,473622.092348642123397,0.0],[1062997.454294030787423,473622.138332906586584,0.0],[1062997.494870906462893,473622.18728830490727,0.0],[1062997.531956929713488,473622.238976331369486,0.0],[1062997.565371420700103,473622.293145167117473,0.0],[1062997.594951587961987,473622.349530906765722,0.0],[1062997.620553319342434,473622.407858844962902,0.0],[1062997.642051886068657,473622.467844813829288,0.0],[1062997.659342549042776,473622.529196567484178,0.0],[1062997.672341070370749,473622.591615206678398,0.0],[1062997.680984122212976,473622.654796633927617,0.0],[1062997.685229596449062,473622.718433035537601,0.0],[1062997.685229596449062,473622.718433035537601,0.0],[1062997.685056809801608,473622.782214381673839,0.0],[1062997.680466603720561,473622.845829935686197,0.0],[1062997.671481341589242,473622.908969769196119,0.0],[1062997.658144798595458,473622.971326271304861,0.0],[1062997.640521948924288,473623.032595647324342,0.0],[1062997.61869864910841,473623.092479399056174,0.0],[1062997.592781220795587,473623.150685778702609,0.0],[1062997.562895930139348,473623.206931210879702,0.0],[1062997.529188376152888,473623.260941673477646,0.0],[1062997.491822778247297,473623.312454032711685,0.0],[1062997.450981177855283,473623.361217325786129,0.0],[1062997.40686255088076,473623.40699398284778,0.0],[1062997.35968183958903,473623.449560984387062,0.0],[1062997.309668903006241,473623.488710948440712,0.0],[1062997.2570673993323,473623.524253140203655,0.0],[1062997.202133597806096,473623.556014401954599,0.0],[1062997.14513513026759,473623.583839995670132,0.0],[1062997.086349688004702,473623.607594358094502,0.0],[1062997.026063667377457,473623.627161760174204,0.0],[1062996.964570775395259,473623.642446871788707,0.0],[1062996.902170600136742,473623.653375225025229,0.0],[1062996.839167148573324,473623.659893578325864,0.0],[1062996.77586736693047,473623.661970174871385,0.0],[1062996.712579645682126,473623.659594897588249,0.0],[1062996.649612316396087,473623.652779318741523,0.0],[1062996.58727214904502,473623.641556642949581,0.0],[1062996.525862859329209,473623.625981546239927,0.0],[1062996.465683626476675,473623.606129908643197,0.0],[1062996.40702763828449,473623.582098445505835,0.0],[1062996.350180660141632,473623.554004235717002,0.0],[1062996.295419645495713,473623.521984151331708,0.0],[1062996.243011384038255,473623.486194190976676,0.0],[1062996.193211203673854,473623.4468087197165,0.0],[1062996.146261726040393,473623.404019619920291,0.0],[1062996.102391683962196,473623.358035355340689,0.0],[1062996.061814808286726,473623.309079957020003,0.0],[1062996.024728785036132,473623.257391930557787,0.0],[1062995.991314294049516,473623.2032230948098,0.0],[1062995.961734127020463,473623.146837355103344,0.0],[1062995.936132395407185,473623.088509416847955,0.0],[1062995.914633828680962,473623.028523448097985,0.0],[1062995.897343165474012,473622.967171694443095,0.0],[1062995.884344644378871,473622.904753055248875,0.0],[1062995.875701592536643,473622.841571627999656,0.0],[1062995.871456118067726,473622.777935226331465,0.0]],[[1062996.735517351189628,473622.732955265208147,0.0],[1062999.930557186016813,473622.628139602020383,0.0]],[[1062996.735517351189628,473622.732955265208147,0.0],[1062993.540477516595274,473622.837770928221289,0.0]],[[1062996.317809476517141,473609.664583086268976,0.0],[1062996.837190050631762,473625.913878482708242,0.0]]]}},
{"type":"Feature","properties":{"fid":2424,"Layer":"HIDRANTES","PaperSpace":null,"SubClasses":"AcDbEntity:AcDbBlockReference","Linetype":null,"EntityHandle":"3816","Text":null},"geometry":{"type":"MultiLineString","coordinates":[[[1063097.76813933160156,473691.530004385393113,0.0],[1063097.612891030265018,473688.303395559662022,0.0]],[[1063091.360225294949487,473691.845189025509171,0.0],[1063091.204976993845776,473688.61858019977808,0.0]],[[1063092.598173528909683,473686.545803896326106,0.0],[1063096.185632152250037,473686.369348368200008,0.0]],[[1063094.800591950537637,473676.951557425840292,0.0],[1063094.801447593374178,473677.015332788869273,0.0],[1063094.797883698018268,473677.079014622489922,0.0],[1063094.789917628280818,473677.142292675329372,0.0],[1063094.777588193770498,473677.204858662793413,0.0],[1063094.760955461999401,473677.266407770046499,0.0],[1063094.740100466646254,473677.326640135841444,0.0],[1063094.715124809881672,473677.385262314055581,0.0],[1063094.686150171793997,473677.441988703503739,0.0],[1063094.653317713644356,473677.496542938868515,0.0],[1063094.616787391481921,473677.548659237159882,0.0],[1063094.576737177791074,473677.598083693475928,0.0],[1063094.533362192800269,473677.644575516402256,0.0],[1063094.48687375546433,473677.687908202700783,0.0],[1063094.437498352024704,473677.727870639821049,0.0],[1063094.385476535884663,473677.764268134720623,0.0],[1063094.331061750650406,473677.79692336259177,0.0],[1063094.274519100319594,473677.825677230372094,0.0],[1063094.216124055208638,473677.850389652070589,0.0],[1063094.156161109684035,473677.870940231194254,0.0],[1063094.09492239751853,473677.887228847655933,0.0],[1063094.032706267433241,473677.89917614456499,0.0],[1063093.969815830001608,473677.906723916297778,0.0],[1063093.906557481270283,473677.90983539057197,0.0],[1063093.843239409849048,473677.908495408773888,0.0],[1063093.78017009422183,473677.902710499067325,0.0],[1063093.717656802386045,473677.892508844844997,0.0],[1063093.656004092656076,473677.87794014782412,0.0],[1063093.595512331230566,473677.85907538497122,0.0],[1063093.53647622722201,473677.836006463738158,0.0],[1063093.479183399118483,473677.808845773397479,0.0],[1063093.423912971280515,473677.777725638065021,0.0],[1063093.370934216072783,473677.742797672166489,0.0],[1063093.320505240699276,473677.704232041083742,0.0],[1063093.272871729684994,473677.662216632685158,0.0],[1063093.228265749290586,473677.616956142010167,0.0],[1063093.186904614558443,473677.568671073182486,0.0],[1063093.148989833891392,473677.51759666664293,0.0],[1063093.114706123247743,473677.463981751468964,0.0],[1063093.084220509743318,473677.408087534422521,0.0],[1063093.057681516511366,473677.350186326191761,0.0],[1063093.035218438599259,473677.290560215886217,0.0],[1063093.016940714092925,473677.229499695822597,0.0],[1063093.002937390003353,473677.167302246787585,0.0],[1063092.993276688735932,473677.104270888317842,0.0],[1063092.988005677005276,473677.040712703019381,0.0],[1063092.988005677005276,473677.040712703019381,0.0],[1063092.987150034401566,473676.976937340048607,0.0],[1063092.990713929524645,473676.913255506369751,0.0],[1063092.998679999262094,473676.8499774535303,0.0],[1063093.011009434005246,473676.787411465949845,0.0],[1063093.027642165310681,473676.725862358754966,0.0],[1063093.04849716112949,473676.665629993018229,0.0],[1063093.07347281742841,473676.607007814745884,0.0],[1063093.102447455748916,473676.550281425414141,0.0],[1063093.135279913898557,473676.495727190049365,0.0],[1063093.171810236060992,473676.443610891641583,0.0],[1063093.211860449751839,473676.394186435441952,0.0],[1063093.255235434742644,473676.347694612457417,0.0],[1063093.301723872311413,473676.304361926100682,0.0],[1063093.351099275285378,473676.264399488980416,0.0],[1063093.40312109189108,473676.228001994197257,0.0],[1063093.457535877125338,473676.195346766267903,0.0],[1063093.514078527223319,473676.166592898487579,0.0],[1063093.572473572334275,473676.141880476789083,0.0],[1063093.632436517858878,473676.121329897665419,0.0],[1063093.693675229791552,473676.105041281261947,0.0],[1063093.755891360109672,473676.093093984236475,0.0],[1063093.818781797541305,473676.085546212561894,0.0],[1063093.882040146272629,473676.08243473834591,0.0],[1063093.945358217926696,473676.083774720085785,0.0],[1063094.008427533321083,473676.089559629850555,0.0],[1063094.070940824924037,473676.099761284014676,0.0],[1063094.132593534654006,473676.114329981035553,0.0],[1063094.193085296545178,473676.133194743888453,0.0],[1063094.252121400320902,473676.156263665121514,0.0],[1063094.309414228657261,473676.183424355462193,0.0],[1063094.364684656262398,473676.214544490620028,0.0],[1063094.41766341147013,473676.249472456693184,0.0],[1063094.468092386843637,473676.288038087717723,0.0],[1063094.515725897857919,473676.330053496116307,0.0],[1063094.560331878485158,473676.375313986907713,0.0],[1063094.601693012751639,473676.423599055677187,0.0],[1063094.639607793884352,473676.474673462216742,0.0],[1063094.67389150429517,473676.528288377332501,0.0],[1063094.704377117799595,473676.584182594437152,0.0],[1063094.730916111031547,473676.642083802667912,0.0],[1063094.753379188943654,473676.701709912973456,0.0],[1063094.771656913682818,473676.762770433037076,0.0],[1063094.78566023777239,473676.824967882130295,0.0],[1063094.795320939039811,473676.887999240541831,0.0],[1063094.800591950537637,473676.951557425840292,0.0]],[[1063093.937364490935579,473677.010661485779565,0.0],[1063090.74441596865654,473677.167712333379313,0.0]],[[1063093.937364490935579,473677.010661485779565,0.0],[1063097.130313013447449,473676.853610638179816,0.0]],[[1063094.565733779687434,473690.070397899253294,0.0],[1063093.784415490692481,473673.831840267288499,0.0]]]}},
{"type":"Feature","properties":{"fid":4907,"Layer":"HIDRANTES","PaperSpace":null,"SubClasses":"AcDbEntity:AcDbBlockReference","Linetype":null,"EntityHandle":"91D0","Text":null},"geometry":{"type":"MultiLineString","coordinates":[[[1062257.669828365091234,474539.124707533163019,0.0],[1062258.255517599638551,474541.726116729492787,0.0]],[[1062262.836476293159649,474537.943020200356841,0.0],[1062263.422165527241305,474540.544429396744817,0.0]],[[1062262.584221399622038,474542.431174666504376,0.0],[1062259.691683273063973,474543.092740097548813,0.0]],[[1062262.159099074546248,474550.551126500300597,0.0],[1062262.149322414305061,474550.499388914671727,0.0],[1062262.143153459997848,474550.447089148568921,0.0],[1062262.140622267033905,474550.394482001080178,0.0],[1062262.141741166356951,474550.341823768801987,0.0],[1062262.146504707168788,474550.289370997634251,0.0],[1062262.154889682075009,474550.237379232014064,0.0],[1062262.166855240007862,474550.186101770668756,0.0],[1062262.182343086227775,474550.135788432206027,0.0],[1062262.201277765212581,474550.086684338166378,0.0],[1062262.223567029461265,474550.03902871866012,0.0],[1062262.249102287460119,474549.993053747282829,0.0],[1062262.27775913476944,474549.948983409325592,0.0],[1062262.309397957520559,474549.907032411138061,0.0],[1062262.343864614609629,474549.86740513361292,0.0],[1062262.380991187645122,474549.830294637067709,0.0],[1062262.420596800744534,474549.79588171991054,0.0],[1062262.462488498073071,474549.764334038598463,0.0],[1062262.50646218820475,474549.735805290052667,0.0],[1062262.552303635748103,474549.710434463631827,0.0],[1062262.599789505591616,474549.688345163478516,0.0],[1062262.648688451386988,474549.669645006302744,0.0],[1062262.698762242449448,474549.654425097454805,0.0],[1062262.749766923952848,474549.642759586859029,0.0],[1062262.801454006927088,474549.634705307544209,0.0],[1062262.853571676649153,474549.630301499331836,0.0],[1062262.90586602059193,474549.629569617158268,0.0],[1062262.958082267083228,474549.632513226475567,0.0],[1062263.009966022800654,474549.639117986371275,0.0],[1062263.061264515854418,474549.649351719242986,0.0],[1062263.111727825365961,474549.663164567376953,0.0],[1062263.161110098473728,474549.680489235848654,0.0],[1062263.209170749876648,474549.701241320581175,0.0],[1062263.255675633437932,474549.725319719640538,0.0],[1062263.300398181658238,474549.752607125439681,0.0],[1062263.343120510457084,474549.782970596454106,0.0],[1062263.383634481346235,474549.816262204898521,0.0],[1062263.421742714708671,474549.852319757337682,0.0],[1062263.45725955022499,474549.890967585204635,0.0],[1062263.490011953981593,474549.932017399987672,0.0],[1062263.519840359222144,474549.975269211223349,0.0],[1062263.546599445398897,474550.020512300368864,0.0],[1062263.570158844813704,474550.0675262476434,0.0],[1062263.590403777780011,474550.116082005843055,0.0],[1062263.607235613977537,474550.165943016239908,0.0],[1062263.620572349755093,474550.216866360860877,0.0],[1062263.620572349755093,474550.216866360860877,0.0],[1062263.630349010229111,474550.268603946489748,0.0],[1062263.636517964303493,474550.320903712592553,0.0],[1062263.639049157500267,474550.373510860081296,0.0],[1062263.637930258177221,474550.426169092359487,0.0],[1062263.633166717132553,474550.478621863585431,0.0],[1062263.624781742459163,474550.53061362914741,0.0],[1062263.612816184293479,474550.58189109043451,0.0],[1062263.597328338306397,474550.632204428955447,0.0],[1062263.578393659321591,474550.681308522995096,0.0],[1062263.556104395072907,474550.728964142501354,0.0],[1062263.530569136841223,474550.774939113820437,0.0],[1062263.501912289997563,474550.819009451719467,0.0],[1062263.470273467013612,474550.860960450023413,0.0],[1062263.435806809924543,474550.900587727490347,0.0],[1062263.398680236656219,474550.937698224093765,0.0],[1062263.359074623789638,474550.972111141250934,0.0],[1062263.31718292622827,474551.003658822563011,0.0],[1062263.273209236096591,474551.032187571050599,0.0],[1062263.227367788553238,474551.057558397471439,0.0],[1062263.179881918709725,474551.079647697682958,0.0],[1062263.130982973147184,474551.098347854800522,0.0],[1062263.080909182084724,474551.113567763706669,0.0],[1062263.029904500115663,474551.125233274302445,0.0],[1062262.978217417374253,474551.133287553617265,0.0],[1062262.926099748117849,474551.137691361771431,0.0],[1062262.873805403476581,474551.138423244061414,0.0],[1062262.821589157218114,474551.135479634685908,0.0],[1062262.769705401267856,474551.128874874673784,0.0],[1062262.718406908214092,474551.11864114186028,0.0],[1062262.667943599168211,474551.104828293784522,0.0],[1062262.618561325827613,474551.08750362531282,0.0],[1062262.570500674424693,474551.066751540580299,0.0],[1062262.52399579086341,474551.042673141579144,0.0],[1062262.479273242643103,474551.015385735721793,0.0],[1062262.436550914077088,474550.985022264765576,0.0],[1062262.396036942722276,474550.951730656262953,0.0],[1062262.35792870959267,474550.915673103707377,0.0],[1062262.322411874076352,474550.877025275956839,0.0],[1062262.289659470552579,474550.835975461173803,0.0],[1062262.259831065312028,474550.792723649938125,0.0],[1062262.233071979135275,474550.747480560734402,0.0],[1062262.209512579953298,474550.700466613518074,0.0],[1062262.18926764652133,474550.65191085531842,0.0],[1062262.172435810556635,474550.602049844921567,0.0],[1062262.159099074546248,474550.551126500300597,0.0]],[[1062262.852742230752483,474550.378402996168006,0.0],[1062265.427190135931596,474549.789589413092472,0.0]],[[1062262.852742230752483,474550.378402996168006,0.0],[1062260.278294325340539,474550.96721657901071,0.0]],[[1062260.482158303260803,474539.849169288703706,0.0],[1062263.42975712986663,474552.94128408835968,0.0]]]}},
{"type":"Feature","properties":{"fid":2465,"Layer":"HIDRANTES","PaperSpace":null,"SubClasses":"AcDbEntity:AcDbBlockReference","Linetype":null,"EntityHandle":"388E","Text":null},"geometry":{"type":"MultiLineString","coordinates":[[[1062661.239822095027193,473850.595011775265448,0.0],[1062661.395070395898074,473853.821620600996539,0.0]],[[1062667.647736131213605,473850.27982713514939,0.0],[1062667.802984432550147,473853.506435960880481,0.0]],[[1062666.40978789748624,473855.579212264390662,0.0],[1062662.822329274378717,473855.755667792458553,0.0]],[[1062664.207369475858286,473865.173458734876476,0.0],[1062664.206513833254576,473865.109683371847495,0.0],[1062664.210077728377655,473865.046001538168639,0.0],[1062664.218043798115104,473864.982723485329188,0.0],[1062664.230373232858256,473864.920157497865148,0.0],[1062664.247005964163691,473864.858608390612062,0.0],[1062664.267860959982499,473864.798376024817117,0.0],[1062664.29283661628142,473864.73975384660298,0.0],[1062664.321811254369095,473864.683027457213029,0.0],[1062664.354643712518737,473864.628473221848253,0.0],[1062664.391174034914002,473864.576356923498679,0.0],[1062664.431224248604849,473864.526932467182633,0.0],[1062664.474599233595654,473864.480440644256305,0.0],[1062664.521087671164423,473864.437107957957778,0.0],[1062664.570463074371219,473864.397145520837512,0.0],[1062664.62248489074409,473864.360748025937937,0.0],[1062664.676899675745517,473864.328092798124999,0.0],[1062664.733442326076329,473864.299338930344675,0.0],[1062664.791837371187285,473864.274626508646179,0.0],[1062664.851800316711888,473864.254075929522514,0.0],[1062664.913039028644562,473864.237787313002627,0.0],[1062664.975255159195513,473864.225840016093571,0.0],[1062665.038145596627146,473864.21829224441899,0.0],[1062665.101403944892809,473864.215180770144798,0.0],[1062665.164722016546875,473864.21652075194288,0.0],[1062665.227791332174093,473864.222305661649443,0.0],[1062665.290304623777047,473864.232507315813564,0.0],[1062665.351957333507016,473864.247076012834441,0.0],[1062665.412449095165357,473864.265940775687341,0.0],[1062665.471485198941082,473864.28900969697861,0.0],[1062665.52877802727744,473864.316170387319289,0.0],[1062665.584048455115408,473864.347290522593539,0.0],[1062665.63702721032314,473864.382218488492072,0.0],[1062665.687456185696647,473864.420784119574819,0.0],[1062665.735089696478099,473864.462799527973402,0.0],[1062665.779695677105337,473864.508060018706601,0.0],[1062665.821056811837479,473864.556345087476075,0.0],[1062665.858971592737362,473864.607419494073838,0.0],[1062665.89325530314818,473864.661034409189597,0.0],[1062665.923740916652605,473864.716928626294248,0.0],[1062665.950279909651726,473864.7748298344668,0.0],[1062665.972742987796664,473864.834455944772344,0.0],[1062665.991020712535828,473864.895516464894172,0.0],[1062666.0050240366254,473864.957713913929183,0.0],[1062666.014684737659991,473865.020745272340719,0.0],[1062666.019955749390647,473865.08430345763918,0.0],[1062666.019955749390647,473865.08430345763918,0.0],[1062666.020811392227188,473865.148078820609953,0.0],[1062666.017247496871278,473865.211760654347017,0.0],[1062666.009281427133828,473865.27503870712826,0.0],[1062665.996951992623508,473865.337604694708716,0.0],[1062665.980319260852411,473865.399153801903594,0.0],[1062665.959464265499264,473865.459386167640332,0.0],[1062665.934488608734682,473865.518008345912676,0.0],[1062665.905513970879838,473865.574734735244419,0.0],[1062665.872681512497365,473865.629288970609196,0.0],[1062665.836151190334931,473865.681405269133393,0.0],[1062665.796100976644084,473865.730829725274816,0.0],[1062665.752725991653278,473865.777321548201144,0.0],[1062665.70623755408451,473865.820654234557878,0.0],[1062665.656862150877714,473865.860616671678144,0.0],[1062665.604840334737673,473865.897014166519511,0.0],[1062665.550425549503416,473865.929669394390658,0.0],[1062665.493882899172604,473865.958423262170982,0.0],[1062665.435487854061648,473865.983135683869477,0.0],[1062665.375524908537045,473866.003686262993142,0.0],[1062665.31428619637154,473866.019974879396614,0.0],[1062665.25207006605342,473866.031922176480293,0.0],[1062665.189179628621787,473866.039469948096666,0.0],[1062665.125921280123293,473866.042581422312651,0.0],[1062665.062603208702058,473866.041241440572776,0.0],[1062664.99953389307484,473866.035456530808005,0.0],[1062664.937020601471886,473866.025254876702093,0.0],[1062664.875367891509086,473866.010686179681215,0.0],[1062664.814876130083576,473865.991821416770108,0.0],[1062664.75584002607502,473865.968752495537046,0.0],[1062664.698547197971493,473865.941591805196367,0.0],[1062664.643276770133525,473865.910471670038532,0.0],[1062664.590298014925793,473865.875543704023585,0.0],[1062664.539869039552286,473865.836978072999045,0.0],[1062664.492235528538004,473865.794962664542254,0.0],[1062664.447629548143595,473865.749702173750848,0.0],[1062664.406268413411453,473865.701417105039582,0.0],[1062664.368353632511571,473865.650342698441818,0.0],[1062664.334069922100753,473865.59672778332606,0.0],[1062664.303584308596328,473865.540833566221409,0.0],[1062664.277045315364376,473865.482932358048856,0.0],[1062664.254582237452269,473865.423306247685105,0.0],[1062664.236304512713104,473865.362245727621485,0.0],[1062664.222301188623533,473865.300048278528266,0.0],[1062664.212640487588942,473865.237016920174938,0.0],[1062664.207369475858286,473865.173458734876476,0.0]],[[1062665.070596935460344,473865.114354674937204,0.0],[1062668.263545457972214,473864.957303827279247,0.0]],[[1062665.070596935460344,473865.114354674937204,0.0],[1062661.877648412948474,473865.271405522536952,0.0]],[[1062664.442227646941319,473852.054618261405267,0.0],[1062665.223545935703442,473868.293175893370062,0.0]]]}},
{"type":"Feature","properties":{"fid":3410,"Layer":"HIDRANTES","PaperSpace":null,"SubClasses":"AcDbEntity:AcDbBlockReference","Linetype":null,"EntityHandle":"4506","Text":null},"geometry":{"type":"MultiLineString","coordinates":[[[1062667.524320149095729,473725.138330063957255,0.0],[1062667.679568450432271,473728.364938889688347,0.0]],[[1062673.932234185747802,473724.823145423782989,0.0],[1062674.087482486618683,473728.049754249514081,0.0]],[[1062672.694285951554775,473730.12253055308247,0.0],[1062669.106827328447253,473730.29898608115036,0.0]],[[1062670.491867530392483,473739.716777023510076,0.0],[1062670.491011887555942,473739.653001660481095,0.0],[1062670.494575782446191,473739.589319826802239,0.0],[1062670.50254185218364,473739.526041773962788,0.0],[1062670.514871286926791,473739.463475786498748,0.0],[1062670.531504018465057,473739.40192667930387,0.0],[1062670.552359014051035,473739.341694313508924,0.0],[1062670.577334670815617,473739.283072135352995,0.0],[1062670.606309308903292,473739.226345745904837,0.0],[1062670.639141767052934,473739.171791510481853,0.0],[1062670.675672089215368,473739.119675212132279,0.0],[1062670.715722302673385,473739.07025075587444,0.0],[1062670.759097288129851,473739.023758932948112,0.0],[1062670.805585725232959,473738.980426246591378,0.0],[1062670.854961128439754,473738.940463809471112,0.0],[1062670.906982945045456,473738.904066314629745,0.0],[1062670.961397730279714,473738.871411086758599,0.0],[1062671.017940380377695,473738.842657218978275,0.0],[1062671.07633542525582,473738.817944797279779,0.0],[1062671.136298371013254,473738.797394218156114,0.0],[1062671.197537083178759,473738.781105601752643,0.0],[1062671.259753213264048,473738.769158304785378,0.0],[1062671.322643650695682,473738.76161053305259,0.0],[1062671.385901999427006,473738.758499058836605,0.0],[1062671.449220071081072,473738.75983904057648,0.0],[1062671.512289386475459,473738.765623950341251,0.0],[1062671.574802678311244,473738.775825604447164,0.0],[1062671.636455387808383,473738.790394301468041,0.0],[1062671.696947149699554,473738.809259064320941,0.0],[1062671.755983253475279,473738.83232798561221,0.0],[1062671.813276081578806,473738.859488675952889,0.0],[1062671.868546509183943,473738.890608811227139,0.0],[1062671.921525264624506,473738.925536777125672,0.0],[1062671.971954240230843,473738.964102408266626,0.0],[1062672.019587751012295,473739.006117816607002,0.0],[1062672.064193731406704,473739.051378307398409,0.0],[1062672.105554866138846,473739.099663376109675,0.0],[1062672.143469647038728,473739.150737782707438,0.0],[1062672.177753357449546,473739.204352697939612,0.0],[1062672.208238970721141,473739.260246914927848,0.0],[1062672.234777964185923,473739.3181481231004,0.0],[1062672.257241042330861,473739.377774233464152,0.0],[1062672.275518766837195,473739.438834753527772,0.0],[1062672.289522090926766,473739.501032202620991,0.0],[1062672.299182791961357,473739.564063560974319,0.0],[1062672.304453803459182,473739.62762174627278,0.0],[1062672.304453803459182,473739.62762174627278,0.0],[1062672.305309446295723,473739.691397109301761,0.0],[1062672.301745551172644,473739.755078942980617,0.0],[1062672.293779481668025,473739.818356995820068,0.0],[1062672.281450046924874,473739.880922983400524,0.0],[1062672.264817315386608,473739.942472090653609,0.0],[1062672.2439623195678,473740.00270445633214,0.0],[1062672.218986663036048,473740.061326634604484,0.0],[1062672.190012024948373,473740.118053023936227,0.0],[1062672.157179566798732,473740.172607259301003,0.0],[1062672.120649244636297,473740.224723557766993,0.0],[1062672.08059903094545,473740.274148013966624,0.0],[1062672.037224045721814,473740.320639836834744,0.0],[1062671.990735608385876,473740.363972523191478,0.0],[1062671.941360205411911,473740.403934960311744,0.0],[1062671.889338388806209,473740.440332455211319,0.0],[1062671.834923603571951,473740.472987683024257,0.0],[1062671.77838095347397,473740.501741550804581,0.0],[1062671.719985908363014,473740.526453972503077,0.0],[1062671.660022962838411,473740.547004551626742,0.0],[1062671.598784250672907,473740.563293168088421,0.0],[1062671.536568120587617,473740.575240465113893,0.0],[1062671.473677683155984,473740.582788236730266,0.0],[1062671.41041933442466,473740.585899711004458,0.0],[1062671.347101262770593,473740.584559729206376,0.0],[1062671.284031947376207,473740.578774819499813,0.0],[1062671.221518655540422,473740.568573165335692,0.0],[1062671.159865946043283,473740.554004468314815,0.0],[1062671.099374184152111,473740.535139705461916,0.0],[1062671.040338080376387,473740.512070784170646,0.0],[1062670.983045252040029,473740.484910093829967,0.0],[1062670.927774824434891,473740.453789958672132,0.0],[1062670.874796069227159,473740.418861992657185,0.0],[1062670.824367093620822,473740.380296361690853,0.0],[1062670.77673358283937,473740.338280953175854,0.0],[1062670.732127602212131,473740.293020462442655,0.0],[1062670.69076646771282,473740.244735393673182,0.0],[1062670.652851686812937,473740.193660987075418,0.0],[1062670.618567976402119,473740.140046072017867,0.0],[1062670.588082362664863,473740.084151854855008,0.0],[1062670.561543369665742,473740.026250646682456,0.0],[1062670.539080291520804,473739.966624536318704,0.0],[1062670.520802567014471,473739.905564016255084,0.0],[1062670.506799242924899,473739.843366567220073,0.0],[1062670.497138541890308,473739.780335208808538,0.0],[1062670.491867530392483,473739.716777023510076,0.0]],[[1062671.35509498976171,473739.657672963570803,0.0],[1062674.548043512040749,473739.500622115971055,0.0]],[[1062671.35509498976171,473739.657672963570803,0.0],[1062668.16214646724984,473739.814723811170552,0.0]],[[1062670.726725701009855,473726.597936550097074,0.0],[1062671.508043990004808,473742.836494182003662,0.0]]]}},
{"type":"Feature","properties":{"fid":2468,"Layer":"HIDRANTES","PaperSpace":null,"SubClasses":"AcDbEntity:AcDbBlockReference","Linetype":null,"EntityHandle":"3899","Text":null},"geometry":{"type":"MultiLineString","coordinates":[[[1062762.948167071910575,473711.32929588254774,0.0],[1062763.103415373014286,473714.555904708278831,0.0]],[[1062769.356081108329818,473711.014111242373474,0.0],[1062769.511329409433529,473714.240720068104565,0.0]],[[1062768.118132874369621,473716.313496371614747,0.0],[1062764.530674251262099,473716.489951899740845,0.0]],[[1062765.915714452741668,473725.907742842042353,0.0],[1062765.914858810370788,473725.84396747907158,0.0],[1062765.918422705261037,473725.780285645392723,0.0],[1062765.926388774998486,473725.717007592553273,0.0],[1062765.938718209508806,473725.654441605089232,0.0],[1062765.955350941279903,473725.592892497894354,0.0],[1062765.97620593663305,473725.532660132099409,0.0],[1062766.001181593397632,473725.474037953885272,0.0],[1062766.030156231485307,473725.417311564437114,0.0],[1062766.062988689634949,473725.362757329072338,0.0],[1062766.099519012030214,473725.310641030722763,0.0],[1062766.139569225488231,473725.261216574464925,0.0],[1062766.182944210711867,473725.214724751480389,0.0],[1062766.229432648047805,473725.171392065181863,0.0],[1062766.2788080512546,473725.131429628061596,0.0],[1062766.330829867627472,473725.095032133220229,0.0],[1062766.385244652861729,473725.062376905290876,0.0],[1062766.44178730295971,473725.033623037510552,0.0],[1062766.500182348070666,473725.008910615812056,0.0],[1062766.5601452938281,473724.988360036688391,0.0],[1062766.621384005760774,473724.972071420284919,0.0],[1062766.683600136078894,473724.960124123317655,0.0],[1062766.746490573510528,473724.952576351584867,0.0],[1062766.809748922009021,473724.949464877368882,0.0],[1062766.873066993663087,473724.950804859108757,0.0],[1062766.936136309057474,473724.956589768873528,0.0],[1062766.998649600893259,473724.966791423037648,0.0],[1062767.060302310623229,473724.981360120058525,0.0],[1062767.120794072048739,473725.000224882911425,0.0],[1062767.179830176057294,473725.023293804144487,0.0],[1062767.237123004160821,473725.050454494485166,0.0],[1062767.292393431998789,473725.081574629817624,0.0],[1062767.345372187206522,473725.116502595716156,0.0],[1062767.395801162580028,473725.155068226857111,0.0],[1062767.443434673594311,473725.197083635197487,0.0],[1062767.488040653988719,473725.242344125930686,0.0],[1062767.529401788720861,473725.290629194700159,0.0],[1062767.567316569620743,473725.341703601239715,0.0],[1062767.601600280264392,473725.395318516471889,0.0],[1062767.632085893535987,473725.451212733460125,0.0],[1062767.658624886767939,473725.509113941690885,0.0],[1062767.681087964680046,473725.568740051996429,0.0],[1062767.69936568941921,473725.629800572118256,0.0],[1062767.713369013508782,473725.691998021153267,0.0],[1062767.723029714543372,473725.755029379564803,0.0],[1062767.728300726274028,473725.818587564863265,0.0],[1062767.728300726274028,473725.818587564863265,0.0],[1062767.729156368877739,473725.882362927834038,0.0],[1062767.72559247398749,473725.946044761512894,0.0],[1062767.717626404250041,473726.009322814352345,0.0],[1062767.70529696973972,473726.071888801932801,0.0],[1062767.688664237968624,473726.133437909185886,0.0],[1062767.667809242382646,473726.193670274922624,0.0],[1062767.642833585850894,473726.252292453194968,0.0],[1062767.613858947763219,473726.309018842526712,0.0],[1062767.581026489613578,473726.36357307783328,0.0],[1062767.544496167218313,473726.415689376299269,0.0],[1062767.504445953527465,473726.465113832498901,0.0],[1062767.46107096853666,473726.511605655425228,0.0],[1062767.414582530967891,473726.554938341781963,0.0],[1062767.365207127993926,473726.594900778902229,0.0],[1062767.313185311621055,473726.631298273743596,0.0],[1062767.258770526386797,473726.663953501614742,0.0],[1062767.202227876288816,473726.692707369395066,0.0],[1062767.14383283094503,473726.717419791093562,0.0],[1062767.083869885420427,473726.737970370217226,0.0],[1062767.022631173487753,473726.754258986678906,0.0],[1062766.960415043169633,473726.766206283704378,0.0],[1062766.897524605737999,473726.773754055320751,0.0],[1062766.834266257239506,473726.776865529594943,0.0],[1062766.770948185585439,473726.77552554779686,0.0],[1062766.707878869958222,473726.76974063803209,0.0],[1062766.645365578355268,473726.759538983867969,0.0],[1062766.583712868625298,473726.7449702869053,0.0],[1062766.523221106966957,473726.726105523994192,0.0],[1062766.464185003191233,473726.703036602761131,0.0],[1062766.406892174854875,473726.675875912420452,0.0],[1062766.351621747016907,473726.644755777262617,0.0],[1062766.298642992042005,473726.609827811189461,0.0],[1062766.248214016435668,473726.57126218022313,0.0],[1062766.200580505654216,473726.529246771766338,0.0],[1062766.155974525026977,473726.48398628103314,0.0],[1062766.114613390527666,473726.435701212205458,0.0],[1062766.076698609394953,473726.384626805665903,0.0],[1062766.042414898984134,473726.331011890608352,0.0],[1062766.01192928547971,473726.275117673445493,0.0],[1062765.985390292480588,473726.217216465214733,0.0],[1062765.96292721433565,473726.157590354909189,0.0],[1062765.944649489596486,473726.096529834845569,0.0],[1062765.930646165506914,473726.034332385810558,0.0],[1062765.920985464472324,473725.971301027340814,0.0],[1062765.915714452741668,473725.907742842042353,0.0]],[[1062766.778941912576556,473725.84863878210308,0.0],[1062769.971890434855595,473725.691587934503332,0.0]],[[1062766.778941912576556,473725.84863878210308,0.0],[1062763.585993389831856,473726.005689629702829,0.0]],[[1062766.150572623824701,473712.788902368629351,0.0],[1062766.931890912586823,473729.027460000594147,0.0]]]}},
{"type":"Feature","properties":{"fid":2517,"Layer":"HIDRANTES","PaperSpace":null,"SubClasses":"AcDbEntity:AcDbBlockReference","Linetype":null,"EntityHandle":"3943","Text":null},"geometry":{"type":"MultiLineString","coordinates":[[[1062724.722842283314094,474073.513759813271463,0.0],[1062721.659009469673038,474072.558282940648496,0.0]],[[1062722.822977972449735,474079.685600316501223,0.0],[1062719.759145158808678,474078.73012344376184,0.0]],[[1062718.302088466705754,474076.703485704318155,0.0],[1062719.365723928436637,474073.248192404571455,0.0]],[[1062710.103974724188447,474071.341267116251402,0.0],[1062710.163775085704401,474071.362246738513932,0.0],[1062710.221975005697459,474071.38737685297383,0.0],[1062710.27829093998298,474071.416535028140061,0.0],[1062710.332448522560298,474071.44957920833258,0.0],[1062710.384183903690428,474071.486348405655008,0.0],[1062710.433245033724234,474071.526663484168239,0.0],[1062710.479392891284078,474071.570328033063561,0.0],[1062710.522402649279684,474071.617129322956316,0.0],[1062710.562064768048003,474071.666839342506137,0.0],[1062710.598186018178239,474071.719215909892228,0.0],[1062710.630590419750661,474071.77400385128567,0.0],[1062710.659120102645829,474071.830936245562043,0.0],[1062710.68363607255742,474071.889735723903868,0.0],[1062710.704018890624866,474071.950115821033251,0.0],[1062710.720169253181666,474072.011782371206209,0.0],[1062710.732008478138596,474072.07443494128529,0.0],[1062710.739478885196149,474072.137768293963745,0.0],[1062710.742544079665095,474072.201473875844385,0.0],[1062710.741189128020778,474072.265241319604684,0.0],[1062710.73542063171044,474072.328759956697468,0.0],[1062710.72526669385843,474072.391720330575481,0.0],[1062710.710776783758774,474072.453815704851877,0.0],[1062710.692021495196968,474072.51474355685059,0.0],[1062710.66909220116213,474072.574207052472048,0.0],[1062710.642100611235946,474072.631916491372976,0.0],[1062710.611178225837648,474072.687590718909632,0.0],[1062710.576475695939735,474072.7409584960551,0.0],[1062710.538162088487297,474072.791759820072912,0.0],[1062710.496424063574523,474072.839747192396317,0.0],[1062710.451464964542538,474072.884686823002994,0.0],[1062710.403503827517852,474072.926359770761337,0.0],[1062710.352774314582348,474072.964563009154517,0.0],[1062710.299523574998602,474072.999110415810719,0.0],[1062710.244011040544137,474073.029833679436706,0.0],[1062710.186507162870839,474073.056583119207062,0.0],[1062710.127292095217854,474073.079228414513636,0.0],[1062710.066654327558354,474073.097659239836503,0.0],[1062710.004889281000942,474073.111785802058876,0.0],[1062709.942297867964953,474073.12153927795589,0.0],[1062709.879185028374195,474073.126872149645351,0.0],[1062709.815858241170645,474073.127758435730357,0.0],[1062709.752626028377563,474073.124193818424828,0.0],[1062709.689796451013535,474073.116195664333645,0.0],[1062709.627675607567653,474073.103802939353045,0.0],[1062709.566566145978868,474073.087076019903179,0.0],[1062709.566566145978868,474073.087076019903179,0.0],[1062709.506765784462914,474073.066096397640649,0.0],[1062709.448565864469856,474073.040966283180751,0.0],[1062709.392249930184335,474073.011808108072728,0.0],[1062709.338092347374186,474072.978763927822001,0.0],[1062709.286356966244057,474072.941994730499573,0.0],[1062709.237295836443081,474072.901679651986342,0.0],[1062709.191147978417575,474072.85801510309102,0.0],[1062709.148138220654801,474072.811213813140057,0.0],[1062709.108476101886481,474072.761503793648444,0.0],[1062709.072354851989076,474072.709127226320561,0.0],[1062709.039950449950993,474072.654339284868911,0.0],[1062709.011420767288655,474072.597406890592538,0.0],[1062708.986904797377065,474072.538607412250713,0.0],[1062708.966521979309618,474072.47822731512133,0.0],[1062708.950371616519988,474072.416560764948372,0.0],[1062708.938532391795889,474072.353908194869291,0.0],[1062708.931061984738335,474072.290574842190836,0.0],[1062708.92799679026939,474072.226869260310195,0.0],[1062708.929351742146537,474072.163101816549897,0.0],[1062708.935120238224044,474072.099583179457113,0.0],[1062708.945274176076055,474072.0366228055791,0.0],[1062708.959764085942879,474071.974527431302704,0.0],[1062708.978519374970347,474071.913599579303991,0.0],[1062709.001448668772355,474071.854136083682533,0.0],[1062709.028440258698538,474071.796426644781604,0.0],[1062709.059362643864006,474071.740752417244948,0.0],[1062709.09406517399475,474071.687384640099481,0.0],[1062709.132378781680018,474071.636583316081669,0.0],[1062709.174116806592792,474071.588595943758264,0.0],[1062709.219075905857608,474071.543656313209794,0.0],[1062709.267037042416632,474071.501983365393244,0.0],[1062709.317766555352136,474071.463780127000064,0.0],[1062709.371017295168713,474071.429232720343862,0.0],[1062709.426529829623178,474071.398509456717875,0.0],[1062709.484033707063645,474071.371760016947519,0.0],[1062709.543248774716631,474071.349114721640944,0.0],[1062709.603886542376131,474071.330683896318078,0.0],[1062709.665651589166373,474071.316557334095705,0.0],[1062709.728243001969531,474071.306803858198691,0.0],[1062709.791355841560289,474071.301470986625645,0.0],[1062709.85468262876384,474071.300584700424224,0.0],[1062709.917914841324091,474071.304149317729753,0.0],[1062709.98074441915378,474071.312147471820936,0.0],[1062710.042865262134001,474071.324540196859743,0.0],[1062710.103974724188447,474071.341267116251402,0.0]],[[1062709.863569648005068,474072.178379259887151,0.0],[1062708.916901370277628,474075.253696578962263,0.0]],[[1062709.863569648005068,474072.178379259887151,0.0],[1062710.810237925732508,474069.103061940753832,0.0]],[[1062722.264468275941908,474076.045682915253565,0.0],[1062706.845113651826978,474071.237053452874534,0.0]]]}},
{"type":"Feature","properties":{"fid":2701,"Layer":"HIDRANTES","PaperSpace":null,"SubClasses":"AcDbEntity:AcDbBlockReference","Linetype":null,"EntityHandle":"3B70","Text":null},"geometry":{"type":"MultiLineString","coordinates":[[[1063473.464555009268224,474043.027646579314023,0.0],[1063473.309306708164513,474039.801037753582932,0.0]],[[1063467.056640972848982,474043.342831219430082,0.0],[1063466.90139267174527,474040.11622239369899,0.0]],[[1063468.294589206809178,474038.043446090188809,0.0],[1063471.882047829916701,474037.866990562120918,0.0]],[[1063470.497007628204301,474028.449199619702995,0.0],[1063470.497863270808011,474028.512974982790183,0.0],[1063470.494299375917763,474028.576656816410832,0.0],[1063470.486333306180313,474028.639934869250283,0.0],[1063470.474003871437162,474028.702500856772531,0.0],[1063470.457371139898896,474028.764049963967409,0.0],[1063470.436516144312918,474028.824282329762354,0.0],[1063470.411540487781167,474028.882904507976491,0.0],[1063470.382565849693492,474028.939630897366442,0.0],[1063470.34973339154385,474028.994185132789426,0.0],[1063470.313203069148585,474029.046301431080792,0.0],[1063470.273152855457738,474029.095725887396839,0.0],[1063470.229777870466933,474029.142217710323166,0.0],[1063470.183289433130994,474029.185550396621693,0.0],[1063470.133914029924199,474029.225512833800167,0.0],[1063470.081892213318497,474029.261910328641534,0.0],[1063470.02747742831707,474029.294565556454472,0.0],[1063469.970934777986258,474029.323319424234796,0.0],[1063469.912539733108133,474029.348031845933292,0.0],[1063469.852576787350699,474029.368582425056957,0.0],[1063469.791338075418025,474029.384871041576844,0.0],[1063469.729121945099905,474029.396818338427693,0.0],[1063469.666231507668272,474029.404366110160481,0.0],[1063469.602973159169778,474029.407477584434673,0.0],[1063469.539655087515712,474029.406137602636591,0.0],[1063469.476585771888494,474029.400352692930028,0.0],[1063469.41407248028554,474029.390151038824115,0.0],[1063469.352419770555571,474029.37558234174503,0.0],[1063469.29192800889723,474029.35671757889213,0.0],[1063469.232891905121505,474029.333648657600861,0.0],[1063469.175599076552317,474029.306487967260182,0.0],[1063469.12032864918001,474029.275367831985932,0.0],[1063469.067349893739447,474029.240439866145607,0.0],[1063469.01692091836594,474029.201874235004652,0.0],[1063468.969287407584488,474029.159858826606069,0.0],[1063468.92468142695725,474029.11459833587287,0.0],[1063468.883320292457938,474029.066313267103396,0.0],[1063468.845405511325225,474029.015238860505633,0.0],[1063468.811121800914407,474028.961623945389874,0.0],[1063468.780636187642813,474028.905729728285223,0.0],[1063468.754097194410861,474028.847828520170879,0.0],[1063468.731634116265923,474028.788202409807127,0.0],[1063468.713356391526759,474028.727141889743507,0.0],[1063468.699353067437187,474028.664944440650288,0.0],[1063468.689692366635427,474028.60191308229696,0.0],[1063468.684421354904771,474028.538354896940291,0.0],[1063468.684421354904771,474028.538354896940291,0.0],[1063468.68356571206823,474028.474579533969518,0.0],[1063468.687129607191309,474028.410897700232454,0.0],[1063468.695095676928759,474028.347619647451211,0.0],[1063468.707425111439079,474028.285053659870755,0.0],[1063468.724057843210176,474028.223504552617669,0.0],[1063468.744912838796154,474028.163272186939139,0.0],[1063468.769888495327905,474028.104650008666795,0.0],[1063468.79886313341558,474028.047923619335052,0.0],[1063468.831695591565222,474027.993369383970276,0.0],[1063468.868225913727656,474027.941253085504286,0.0],[1063468.908276127651334,474027.891828629304655,0.0],[1063468.951651112642139,474027.845336806378327,0.0],[1063468.998139550210908,474027.802004120021593,0.0],[1063469.047514953184873,474027.762041682901327,0.0],[1063469.099536769557744,474027.72564418805996,0.0],[1063469.153951554792002,474027.692988960247021,0.0],[1063469.210494204889983,474027.664235092466697,0.0],[1063469.268889250000939,474027.639522670768201,0.0],[1063469.328852195758373,474027.618972091644537,0.0],[1063469.390090907691047,474027.602683475182857,0.0],[1063469.452307038009167,474027.590736178157385,0.0],[1063469.5151974754408,474027.583188406482805,0.0],[1063469.578455823939294,474027.58007693226682,0.0],[1063469.64177389559336,474027.581416914064903,0.0],[1063469.704843211220577,474027.587201823771466,0.0],[1063469.767356502823532,474027.597403477877378,0.0],[1063469.829009212553501,474027.611972174956463,0.0],[1063469.889500974211842,474027.630836937809363,0.0],[1063469.948537077987567,474027.653905859042425,0.0],[1063470.005829906323925,474027.681066549383104,0.0],[1063470.061100334161893,474027.712186684540939,0.0],[1063470.114079089136794,474027.747114650555886,0.0],[1063470.164508064743131,474027.785680281580426,0.0],[1063470.212141575524583,474027.827695690037217,0.0],[1063470.256747556151822,474027.872956180828623,0.0],[1063470.298108690651134,474027.921241249598097,0.0],[1063470.336023471783847,474027.972315656137653,0.0],[1063470.370307182194665,474028.025930571253411,0.0],[1063470.400792795466259,474028.081824788358063,0.0],[1063470.427331788698211,474028.139725996530615,0.0],[1063470.449794866843149,474028.199352106894366,0.0],[1063470.468072591582313,474028.260412626957987,0.0],[1063470.482075915671885,474028.322610076051205,0.0],[1063470.491736616473645,474028.385641434404533,0.0],[1063470.497007628204301,474028.449199619702995,0.0]],[[1063469.633780168602243,474028.508303679700475,0.0],[1063466.440831646323204,474028.665354527300224,0.0]],[[1063469.633780168602243,474028.508303679700475,0.0],[1063472.826728691346943,474028.351252832100727,0.0]],[[1063470.262149457354099,474041.568040093174204,0.0],[1063469.480831168359146,474025.329482461267617,0.0]]]}}
]
}
